726
   1       0 ram0 0 0 0 0 0 0 0 0 0 0 0 0 0 0 0
   1       1 ram1 0 0 0 0 0 0 0 0 0 0 0 0 0 0 0
   1       2 ram2 0 0 0 0 0 0 0 0 0 0 0 0 0 0 0
   1       3 ram3 0 0 0 0 0 0 0 0 0 0 0 0 0 0 0
   1       4 ram4 0 0 0 0 0 0 0 0 0 0 0 0 0 0 0
   1       5 ram5 0 0 0 0 0 0 0 0 0 0 0 0 0 0 0
   1       6 ram6 0 0 0 0 0 0 0 0 0 0 0 0 0 0 0
   1       7 ram7 0 0 0 0 0 0 0 0 0 0 0 0 0 0 0
   1       8 ram8 0 0 0 0 0 0 0 0 0 0 0 0 0 0 0
   1       9 ram9 0 0 0 0 0 0 0 0 0 0 0 0 0 0 0
   1      10 ram10 0 0 0 0 0 0 0 0 0 0 0 0 0 0 0
   1      11 ram11 0 0 0 0 0 0 0 0 0 0 0 0 0 0 0
   1      12 ram12 0 0 0 0 0 0 0 0 0 0 0 0 0 0 0
   1      13 ram13 0 0 0 0 0 0 0 0 0 0 0 0 0 0 0
   1      14 ram14 0 0 0 0 0 0 0 0 0 0 0 0 0 0 0
   1      15 ram15 0 0 0 0 0 0 0 0 0 0 0 0 0 0 0
   7       0 loop0 183 0 16168 352 0 0 0 0 0 344 116 0 0 0 0
   7       8 loop1 70 0 9008 122 0 0 0 0 0 136 32 0 0 0 0
   7      16 loop2 27 0 216 13 0 0 0 0 0 32 0 0 0 0 0
   7      24 loop3 12 0 296 8 0 0 0 0 0 32 0 0 0 0 0
   7      32 loop4 36 1 3040 29 0 0 0 0 0 56 0 0 0 0 0
   7      40 loop5 0 0 0 0 0 0 0 0 0 0 0 0 0 0 0
   7      48 loop6 0 0 0 0 0 0 0 0 0 0 0 0 0 0 0
   7      56 loop7 0 0 0 0 0 0 0 0 0 0 0 0 0 0 0
   7      64 loop8 0 0 0 0 0 0 0 0 0 0 0 0 0 0 0
   7      72 loop9 0 0 0 0 0 0 0 0 0 0 0 0 0 0 0
   7      80 loop10 0 0 0 0 0 0 0 0 0 0 0 0 0 0 0
   7      88 loop11 0 0 0 0 0 0 0 0 0 0 0 0 0 0 0
   7      96 loop12 0 0 0 0 0 0 0 0 0 0 0 0 0 0 0
   7     104 loop13 0 0 0 0 0 0 0 0 0 0 0 0 0 0 0
   7     112 loop14 0 0 0 0 0 0 0 0 0 0 0 0 0 0 0
   7     120 loop15 0 0 0 0 0 0 0 0 0 0 0 0 0 0 0
 254       0 zram0 0 0 0 0 0 0 0 0 0 0 0 0 0 0 0
 179       0 mmcblk0 2020 1821 144350 1721 12 0 48 14 0 1592 376 0 0 0 0
 179       1 mmcblk0p1 0 0 0 0 0 0 0 0 0 0 0 0 0 0 0
 179       2 mmcblk0p2 0 0 0 0 0 0 0 0 0 0 0 0 0 0 0
 179       3 mmcblk0p3 0 0 0 0 0 0 0 0 0 0 0 0 0 0 0
 179       4 mmcblk0p4 16 0 146 3 1 0 8 0 0 12 0 0 0 0 0
 179       5 mmcblk0p5 0 0 0 0 0 0 0 0 0 0 0 0 0 0 0
 179       6 mmcblk0p6 0 0 0 0 0 0 0 0 0 0 0 0 0 0 0
 179       7 mmcblk0p7 0 0 0 0 0 0 0 0 0 0 0 0 0 0 0
 179       8 mmcblk0p8 0 0 0 0 0 0 0 0 0 0 0 0 0 0 0
 179       9 mmcblk0p9 0 0 0 0 0 0 0 0 0 0 0 0 0 0 0
 179      10 mmcblk0p10 0 0 0 0 0 0 0 0 0 0 0 0 0 0 0
 179      11 mmcblk0p11 0 0 0 0 0 0 0 0 0 0 0 0 0 0 0
 179      12 mmcblk0p12 0 0 0 0 0 0 0 0 0 0 0 0 0 0 0
 179      13 mmcblk0p13 0 0 0 0 0 0 0 0 0 0 0 0 0 0 0
 179      14 mmcblk0p14 0 0 0 0 0 0 0 0 0 0 0 0 0 0 0
 179      15 mmcblk0p15 0 0 0 0 0 0 0 0 0 0 0 0 0 0 0
 179      16 mmcblk0p16 0 0 0 0 0 0 0 0 0 0 0 0 0 0 0
 179      17 mmcblk0p17 0 0 0 0 0 0 0 0 0 0 0 0 0 0 0
 179      18 mmcblk0p18 0 0 0 0 0 0 0 0 0 0 0 0 0 0 0
 179      19 mmcblk0p19 0 0 0 0 0 0 0 0 0 0 0 0 0 0 0
 179      20 mmcblk0p20 0 0 0 0 0 0 0 0 0 0 0 0 0 0 0
 179      21 mmcblk0p21 54 57 111 17 0 0 0 0 0 28 0 0 0 0 0
 179      22 mmcblk0p22 0 0 0 0 0 0 0 0 0 0 0 0 0 0 0
 179      23 mmcblk0p23 33 6 330 14 0 0 0 0 0 12 0 0 0 0 0
 179      24 mmcblk0p24 0 0 0 0 0 0 0 0 0 0 0 0 0 0 0
 179      25 mmcblk0p25 0 0 0 0 0 0 0 0 0 0 0 0 0 0 0
 179      26 mmcblk0p26 0 0 0 0 0 0 0 0 0 0 0 0 0 0 0
 179      27 mmcblk0p27 0 0 0 0 0 0 0 0 0 0 0 0 0 0 0
 179      28 mmcblk0p28 0 0 0 0 0 0 0 0 0 0 0 0 0 0 0
 179      29 mmcblk0p29 0 0 0 0 0 0 0 0 0 0 0 0 0 0 0
 179      30 mmcblk0p30 0 0 0 0 0 0 0 0 0 0 0 0 0 0 0
 179      31 mmcblk0p31 0 0 0 0 0 0 0 0 0 0 0 0 0 0 0
 259       0 mmcblk0p32 9 0 65 1 0 0 0 0 0 12 0 0 0 0 0
 259       1 mmcblk0p33 0 0 0 0 0 0 0 0 0 0 0 0 0 0 0
 259       2 mmcblk0p34 0 0 0 0 0 0 0 0 0 0 0 0 0 0 0
 259       3 mmcblk0p35 0 0 0 0 0 0 0 0 0 0 0 0 0 0 0
 259       4 mmcblk0p36 0 0 0 0 0 0 0 0 0 0 0 0 0 0 0
 259       5 mmcblk0p37 0 0 0 0 0 0 0 0 0 0 0 0 0 0 0
 259       6 mmcblk0p38 0 0 0 0 0 0 0 0 0 0 0 0 0 0 0
 259       7 mmcblk0p39 0 0 0 0 0 0 0 0 0 0 0 0 0 0 0
 259       8 mmcblk0p40 0 0 0 0 0 0 0 0 0 0 0 0 0 0 0
 259       9 mmcblk0p41 0 0 0 0 0 0 0 0 0 0 0 0 0 0 0
 259      10 mmcblk0p42 0 0 0 0 0 0 0 0 0 0 0 0 0 0 0
 259      11 mmcblk0p43 0 0 0 0 0 0 0 0 0 0 0 0 0 0 0
 259      12 mmcblk0p44 0 0 0 0 0 0 0 0 0 0 0 0 0 0 0
 259      13 mmcblk0p45 0 0 0 0 0 0 0 0 0 0 0 0 0 0 0
 259      14 mmcblk0p46 0 0 0 0 0 0 0 0 0 0 0 0 0 0 0
 259      15 mmcblk0p47 0 0 0 0 0 0 0 0 0 0 0 0 0 0 0
 259      16 mmcblk0p48 0 0 0 0 0 0 0 0 0 0 0 0 0 0 0
 259      17 mmcblk0p49 0 0 0 0 0 0 0 0 0 0 0 0 0 0 0
 259      18 mmcblk0p50 0 0 0 0 0 0 0 0 0 0 0 0 0 0 0
 259      19 mmcblk0p51 0 0 0 0 0 0 0 0 0 0 0 0 0 0 0
 259      20 mmcblk0p52 0 0 0 0 0 0 0 0 0 0 0 0 0 0 0
 259      21 mmcblk0p53 0 0 0 0 0 0 0 0 0 0 0 0 0 0 0
 259      22 mmcblk0p54 0 0 0 0 0 0 0 0 0 0 0 0 0 0 0
 259      23 mmcblk0p55 0 0 0 0 0 0 0 0 0 0 0 0 0 0 0
 259      24 mmcblk0p56 0 0 0 0 0 0 0 0 0 0 0 0 0 0 0
 259      25 mmcblk0p57 0 0 0 0 0 0 0 0 0 0 0 0 0 0 0
 259      26 mmcblk0p58 0 0 0 0 0 0 0 0 0 0 0 0 0 0 0
 259      27 mmcblk0p59 0 0 0 0 0 0 0 0 0 0 0 0 0 0 0
 259      28 mmcblk0p60 0 0 0 0 0 0 0 0 0 0 0 0 0 0 0
 259      29 mmcblk0p61 0 0 0 0 0 0 0 0 0 0 0 0 0 0 0
 259      30 mmcblk0p62 0 0 0 0 0 0 0 0 0 0 0 0 0 0 0
 259      31 mmcblk0p63 0 0 0 0 0 0 0 0 0 0 0 0 0 0 0
 259      32 mmcblk0p64 0 0 0 0 0 0 0 0 0 0 0 0 0 0 0
 259      33 mmcblk0p65 0 0 0 0 0 0 0 0 0 0 0 0 0 0 0
 259      34 mmcblk0p66 0 0 0 0 0 0 0 0 0 0 0 0 0 0 0
 259      35 mmcblk0p67 1851 1758 140712 1643 0 0 0 0 0 1520 360 0 0 0 0
 259      36 mmcblk0p68 1 0 128 1 0 0 0 0 0 4 0 0 0 0 0
 259      37 mmcblk0p69 0 0 0 0 0 0 0 0 0 0 0 0 0 0 0
 259      38 mmcblk0p70 0 0 0 0 0 0 0 0 0 0 0 0 0 0 0
 259      39 mmcblk0p71 0 0 0 0 0 0 0 0 0 0 0 0 0 0 0
 259      40 mmcblk0p72 47 0 2666 36 5 0 40 12 0 64 16 0 0 0 0
 259      41 mmcblk0p73 1 0 128 1 0 0 0 0 0 4 0 0 0 0 0
 259      42 mmcblk0p74 0 0 0 0 0 0 0 0 0 0 0 0 0 0 0
 259      43 mmcblk0p75 0 0 0 0 0 0 0 0 0 0 0 0 0 0 0
 259      44 mmcblk0p76 0 0 0 0 0 0 0 0 0 0 0 0 0 0 0
 259      45 mmcblk0p77 0 0 0 0 0 0 0 0 0 0 0 0 0 0 0
 259      46 mmcblk0p78 0 0 0 0 0 0 0 0 0 0 0 0 0 0 0
 259      47 mmcblk0p79 0 0 0 0 0 0 0 0 0 0 0 0 0 0 0
 259      48 mmcblk0p80 0 0 0 0 0 0 0 0 0 0 0 0 0 0 0
 253       0 dm-0 166 0 1352 352 0 0 0 0 0 56 352 0 0 0 0
 253       1 dm-1 2149 0 107168 3676 0 0 0 0 0 1168 3676 0 0 0 0
 253       2 dm-2 602 0 22456 992 0 0 0 0 0 468 992 0 0 0 0
 253       3 dm-3 1043 0 31344 1204 0 0 0 0 0 696 1204 0 0 0 0
 253       4 dm-4 1039 0 98288 1396 0 0 0 0 0 1164 1396 0 0 0 0
 253       5 dm-5 357 0 20496 568 0 0 0 0 0 484 568 0 0 0 0
 253       6 dm-6 548 0 27384 428 0 0 0 0 0 696 428 0 0 0 0
 253       7 dm-7 37 0 320 36 0 0 0 0 0 56 36 0 0 0 0
   7     128 loop16 0 0 0 0 0 0 0 0 0 0 0 0 0 0 0
   7     136 loop17 0 0 0 0 0 0 0 0 0 0 0 0 0 0 0
   7     144 loop18 0 0 0 0 0 0 0 0 0 0 0 0 0 0 0
   7     152 loop19 0 0 0 0 0 0 0 0 0 0 0 0 0 0 0
   7     160 loop20 0 0 0 0 0 0 0 0 0 0 0 0 0 0 0
   7     168 loop21 0 0 0 0 0 0 0 0 0 0 0 0 0 0 0
   7     176 loop22 0 0 0 0 0 0 0 0 0 0 0 0 0 0 0
   7     184 loop23 0 0 0 0 0 0 0 0 0 0 0 0 0 0 0
   7     192 loop24 0 0 0 0 0 0 0 0 0 0 0 0 0 0 0
   7     200 loop25 0 0 0 0 0 0 0 0 0 0 0 0 0 0 0
   7     208 loop26 0 0 0 0 0 0 0 0 0 0 0 0 0 0 0
   7     216 loop27 0 0 0 0 0 0 0 0 0 0 0 0 0 0 0
   7     224 loop28 0 0 0 0 0 0 0 0 0 0 0 0 0 0 0
   7     232 loop29 0 0 0 0 0 0 0 0 0 0 0 0 0 0 0
   7     240 loop30 0 0 0 0 0 0 0 0 0 0 0 0 0 0 0
   7     248 loop31 0 0 0 0 0 0 0 0 0 0 0 0 0 0 0
   7     256 loop32 0 0 0 0 0 0 0 0 0 0 0 0 0 0 0
   7     264 loop33 0 0 0 0 0 0 0 0 0 0 0 0 0 0 0
   7     272 loop34 0 0 0 0 0 0 0 0 0 0 0 0 0 0 0
   7     280 loop35 0 0 0 0 0 0 0 0 0 0 0 0 0 0 0
   7     288 loop36 0 0 0 0 0 0 0 0 0 0 0 0 0 0 0
   7     296 loop37 0 0 0 0 0 0 0 0 0 0 0 0 0 0 0
   7     304 loop38 0 0 0 0 0 0 0 0 0 0 0 0 0 0 0
   7     312 loop39 0 0 0 0 0 0 0 0 0 0 0 0 0 0 0
 253       8 dm-8 0 0 0 0 0 0 0 0 0 0 0 0 0 0 0
 253       9 dm-9 0 0 0 0 0 0 0 0 0 0 0 0 0 0 0
 253      10 dm-10 0 0 0 0 0 0 0 0 0 0 0 0 0 0 0
 253      11 dm-11 0 0 0 0 0 0 0 0 0 0 0 0 0 0 0
 253      12 dm-12 0 0 0 0 0 0 0 0 0 0 0 0 0 0 0
 253      13 dm-13 0 0 0 0 0 0 0 0 0 0 0 0 0 0 0
 253      14 dm-14 0 0 0 0 0 0 0 0 0 0 0 0 0 0 0
 253      15 dm-15 0 0 0 0 0 0 0 0 0 0 0 0 0 0 0
 253      16 dm-16 0 0 0 0 0 0 0 0 0 0 0 0 0 0 0
 253      17 dm-17 0 0 0 0 0 0 0 0 0 0 0 0 0 0 0
 253      18 dm-18 0 0 0 0 0 0 0 0 0 0 0 0 0 0 0
 253      19 dm-19 0 0 0 0 0 0 0 0 0 0 0 0 0 0 0
 253      20 dm-20 0 0 0 0 0 0 0 0 0 0 0 0 0 0 0
 253      21 dm-21 0 0 0 0 0 0 0 0 0 0 0 0 0 0 0
 253      22 dm-22 0 0 0 0 0 0 0 0 0 0 0 0 0 0 0
 253      23 dm-23 0 0 0 0 0 0 0 0 0 0 0 0 0 0 0
 253      24 dm-24 0 0 0 0 0 0 0 0 0 0 0 0 0 0 0
 253      25 dm-25 0 0 0 0 0 0 0 0 0 0 0 0 0 0 0
 253      26 dm-26 0 0 0 0 0 0 0 0 0 0 0 0 0 0 0
 253      27 dm-27 0 0 0 0 0 0 0 0 0 0 0 0 0 0 0
 253      28 dm-28 0 0 0 0 0 0 0 0 0 0 0 0 0 0 0
 253      29 dm-29 0 0 0 0 0 0 0 0 0 0 0 0 0 0 0
 253      30 dm-30 0 0 0 0 0 0 0 0 0 0 0 0 0 0 0
 253      31 dm-31 0 0 0 0 0 0 0 0 0 0 0 0 0 0 0
 253      32 dm-32 0 0 0 0 0 0 0 0 0 0 0 0 0 0 0
 253      33 dm-33 0 0 0 0 0 0 0 0 0 0 0 0 0 0 0
 253      34 dm-34 0 0 0 0 0 0 0 0 0 0 0 0 0 0 0
 253      35 dm-35 0 0 0 0 0 0 0 0 0 0 0 0 0 0 0
 253      36 dm-36 0 0 0 0 0 0 0 0 0 0 0 0 0 0 0
 253      37 dm-37 0 0 0 0 0 0 0 0 0 0 0 0 0 0 0
 253      38 dm-38 0 0 0 0 0 0 0 0 0 0 0 0 0 0 0
 253      39 dm-39 0 0 0 0 0 0 0 0 0 0 0 0 0 0 0
 253      40 dm-40 0 0 0 0 0 0 0 0 0 0 0 0 0 0 0
 253      41 dm-41 0 0 0 0 0 0 0 0 0 0 0 0 0 0 0
 253      42 dm-42 0 0 0 0 0 0 0 0 0 0 0 0 0 0 0
 253      43 dm-43 466 0 9568 2252 7 0 24 0 1 264 2252 0 0 0 0

749
   1       0 ram0 0 0 0 0 0 0 0 0 0 0 0 0 0 0 0
   1       1 ram1 0 0 0 0 0 0 0 0 0 0 0 0 0 0 0
   1       2 ram2 0 0 0 0 0 0 0 0 0 0 0 0 0 0 0
   1       3 ram3 0 0 0 0 0 0 0 0 0 0 0 0 0 0 0
   1       4 ram4 0 0 0 0 0 0 0 0 0 0 0 0 0 0 0
   1       5 ram5 0 0 0 0 0 0 0 0 0 0 0 0 0 0 0
   1       6 ram6 0 0 0 0 0 0 0 0 0 0 0 0 0 0 0
   1       7 ram7 0 0 0 0 0 0 0 0 0 0 0 0 0 0 0
   1       8 ram8 0 0 0 0 0 0 0 0 0 0 0 0 0 0 0
   1       9 ram9 0 0 0 0 0 0 0 0 0 0 0 0 0 0 0
   1      10 ram10 0 0 0 0 0 0 0 0 0 0 0 0 0 0 0
   1      11 ram11 0 0 0 0 0 0 0 0 0 0 0 0 0 0 0
   1      12 ram12 0 0 0 0 0 0 0 0 0 0 0 0 0 0 0
   1      13 ram13 0 0 0 0 0 0 0 0 0 0 0 0 0 0 0
   1      14 ram14 0 0 0 0 0 0 0 0 0 0 0 0 0 0 0
   1      15 ram15 0 0 0 0 0 0 0 0 0 0 0 0 0 0 0
   7       0 loop0 183 0 16168 352 0 0 0 0 0 344 116 0 0 0 0
   7       8 loop1 70 0 9008 122 0 0 0 0 0 136 32 0 0 0 0
   7      16 loop2 27 0 216 13 0 0 0 0 0 32 0 0 0 0 0
   7      24 loop3 12 0 296 8 0 0 0 0 0 32 0 0 0 0 0
   7      32 loop4 36 1 3040 29 0 0 0 0 0 56 0 0 0 0 0
   7      40 loop5 8 0 64 7 0 0 0 0 0 36 0 0 0 0 0
   7      48 loop6 7 0 56 3 0 0 0 0 0 20 0 0 0 0 0
   7      56 loop7 6 0 48 3 0 0 0 0 0 24 0 0 0 0 0
   7      64 loop8 6 0 48 3 0 0 0 0 0 16 0 0 0 0 0
   7      72 loop9 42 0 336 43 0 0 0 0 0 40 4 0 0 0 0
   7      80 loop10 23 0 184 17 0 0 0 0 0 24 0 0 0 0 0
   7      88 loop11 6 0 48 5 0 0 0 0 0 24 0 0 0 0 0
   7      96 loop12 15 0 120 7 0 0 0 0 0 20 0 0 0 0 0
   7     104 loop13 22 0 176 46 0 0 0 0 0 28 8 0 0 0 0
   7     112 loop14 6 0 48 4 0 0 0 0 0 16 0 0 0 0 0
   7     120 loop15 6 0 48 6 0 0 0 0 0 28 0 0 0 0 0
 254       0 zram0 0 0 0 0 0 0 0 0 0 0 0 0 0 0 0
 179       0 mmcblk0 2020 1821 144350 1721 12 0 48 14 0 1592 376 0 0 0 0
 179       1 mmcblk0p1 0 0 0 0 0 0 0 0 0 0 0 0 0 0 0
 179       2 mmcblk0p2 0 0 0 0 0 0 0 0 0 0 0 0 0 0 0
 179       3 mmcblk0p3 0 0 0 0 0 0 0 0 0 0 0 0 0 0 0
 179       4 mmcblk0p4 16 0 146 3 1 0 8 0 0 12 0 0 0 0 0
 179       5 mmcblk0p5 0 0 0 0 0 0 0 0 0 0 0 0 0 0 0
 179       6 mmcblk0p6 0 0 0 0 0 0 0 0 0 0 0 0 0 0 0
 179       7 mmcblk0p7 0 0 0 0 0 0 0 0 0 0 0 0 0 0 0
 179       8 mmcblk0p8 0 0 0 0 0 0 0 0 0 0 0 0 0 0 0
 179       9 mmcblk0p9 0 0 0 0 0 0 0 0 0 0 0 0 0 0 0
 179      10 mmcblk0p10 0 0 0 0 0 0 0 0 0 0 0 0 0 0 0
 179      11 mmcblk0p11 0 0 0 0 0 0 0 0 0 0 0 0 0 0 0
 179      12 mmcblk0p12 0 0 0 0 0 0 0 0 0 0 0 0 0 0 0
 179      13 mmcblk0p13 0 0 0 0 0 0 0 0 0 0 0 0 0 0 0
 179      14 mmcblk0p14 0 0 0 0 0 0 0 0 0 0 0 0 0 0 0
 179      15 mmcblk0p15 0 0 0 0 0 0 0 0 0 0 0 0 0 0 0
 179      16 mmcblk0p16 0 0 0 0 0 0 0 0 0 0 0 0 0 0 0
 179      17 mmcblk0p17 0 0 0 0 0 0 0 0 0 0 0 0 0 0 0
 179      18 mmcblk0p18 0 0 0 0 0 0 0 0 0 0 0 0 0 0 0
 179      19 mmcblk0p19 0 0 0 0 0 0 0 0 0 0 0 0 0 0 0
 179      20 mmcblk0p20 0 0 0 0 0 0 0 0 0 0 0 0 0 0 0
 179      21 mmcblk0p21 54 57 111 17 0 0 0 0 0 28 0 0 0 0 0
 179      22 mmcblk0p22 0 0 0 0 0 0 0 0 0 0 0 0 0 0 0
 179      23 mmcblk0p23 33 6 330 14 0 0 0 0 0 12 0 0 0 0 0
 179      24 mmcblk0p24 0 0 0 0 0 0 0 0 0 0 0 0 0 0 0
 179      25 mmcblk0p25 0 0 0 0 0 0 0 0 0 0 0 0 0 0 0
 179      26 mmcblk0p26 0 0 0 0 0 0 0 0 0 0 0 0 0 0 0
 179      27 mmcblk0p27 0 0 0 0 0 0 0 0 0 0 0 0 0 0 0
 179      28 mmcblk0p28 0 0 0 0 0 0 0 0 0 0 0 0 0 0 0
 179      29 mmcblk0p29 0 0 0 0 0 0 0 0 0 0 0 0 0 0 0
 179      30 mmcblk0p30 0 0 0 0 0 0 0 0 0 0 0 0 0 0 0
 179      31 mmcblk0p31 0 0 0 0 0 0 0 0 0 0 0 0 0 0 0
 259       0 mmcblk0p32 9 0 65 1 0 0 0 0 0 12 0 0 0 0 0
 259       1 mmcblk0p33 0 0 0 0 0 0 0 0 0 0 0 0 0 0 0
 259       2 mmcblk0p34 0 0 0 0 0 0 0 0 0 0 0 0 0 0 0
 259       3 mmcblk0p35 0 0 0 0 0 0 0 0 0 0 0 0 0 0 0
 259       4 mmcblk0p36 0 0 0 0 0 0 0 0 0 0 0 0 0 0 0
 259       5 mmcblk0p37 0 0 0 0 0 0 0 0 0 0 0 0 0 0 0
 259       6 mmcblk0p38 0 0 0 0 0 0 0 0 0 0 0 0 0 0 0
 259       7 mmcblk0p39 0 0 0 0 0 0 0 0 0 0 0 0 0 0 0
 259       8 mmcblk0p40 0 0 0 0 0 0 0 0 0 0 0 0 0 0 0
 259       9 mmcblk0p41 0 0 0 0 0 0 0 0 0 0 0 0 0 0 0
 259      10 mmcblk0p42 0 0 0 0 0 0 0 0 0 0 0 0 0 0 0
 259      11 mmcblk0p43 0 0 0 0 0 0 0 0 0 0 0 0 0 0 0
 259      12 mmcblk0p44 0 0 0 0 0 0 0 0 0 0 0 0 0 0 0
 259      13 mmcblk0p45 0 0 0 0 0 0 0 0 0 0 0 0 0 0 0
 259      14 mmcblk0p46 0 0 0 0 0 0 0 0 0 0 0 0 0 0 0
 259      15 mmcblk0p47 0 0 0 0 0 0 0 0 0 0 0 0 0 0 0
 259      16 mmcblk0p48 0 0 0 0 0 0 0 0 0 0 0 0 0 0 0
 259      17 mmcblk0p49 0 0 0 0 0 0 0 0 0 0 0 0 0 0 0
 259      18 mmcblk0p50 0 0 0 0 0 0 0 0 0 0 0 0 0 0 0
 259      19 mmcblk0p51 0 0 0 0 0 0 0 0 0 0 0 0 0 0 0
 259      20 mmcblk0p52 0 0 0 0 0 0 0 0 0 0 0 0 0 0 0
 259      21 mmcblk0p53 0 0 0 0 0 0 0 0 0 0 0 0 0 0 0
 259      22 mmcblk0p54 0 0 0 0 0 0 0 0 0 0 0 0 0 0 0
 259      23 mmcblk0p55 0 0 0 0 0 0 0 0 0 0 0 0 0 0 0
 259      24 mmcblk0p56 0 0 0 0 0 0 0 0 0 0 0 0 0 0 0
 259      25 mmcblk0p57 0 0 0 0 0 0 0 0 0 0 0 0 0 0 0
 259      26 mmcblk0p58 0 0 0 0 0 0 0 0 0 0 0 0 0 0 0
 259      27 mmcblk0p59 0 0 0 0 0 0 0 0 0 0 0 0 0 0 0
 259      28 mmcblk0p60 0 0 0 0 0 0 0 0 0 0 0 0 0 0 0
 259      29 mmcblk0p61 0 0 0 0 0 0 0 0 0 0 0 0 0 0 0
 259      30 mmcblk0p62 0 0 0 0 0 0 0 0 0 0 0 0 0 0 0
 259      31 mmcblk0p63 0 0 0 0 0 0 0 0 0 0 0 0 0 0 0
 259      32 mmcblk0p64 0 0 0 0 0 0 0 0 0 0 0 0 0 0 0
 259      33 mmcblk0p65 0 0 0 0 0 0 0 0 0 0 0 0 0 0 0
 259      34 mmcblk0p66 0 0 0 0 0 0 0 0 0 0 0 0 0 0 0
 259      35 mmcblk0p67 1851 1758 140712 1643 0 0 0 0 0 1520 360 0 0 0 0
 259      36 mmcblk0p68 1 0 128 1 0 0 0 0 0 4 0 0 0 0 0
 259      37 mmcblk0p69 0 0 0 0 0 0 0 0 0 0 0 0 0 0 0
 259      38 mmcblk0p70 0 0 0 0 0 0 0 0 0 0 0 0 0 0 0
 259      39 mmcblk0p71 0 0 0 0 0 0 0 0 0 0 0 0 0 0 0
 259      40 mmcblk0p72 47 0 2666 36 5 0 40 12 0 64 16 0 0 0 0
 259      41 mmcblk0p73 1 0 128 1 0 0 0 0 0 4 0 0 0 0 0
 259      42 mmcblk0p74 0 0 0 0 0 0 0 0 0 0 0 0 0 0 0
 259      43 mmcblk0p75 0 0 0 0 0 0 0 0 0 0 0 0 0 0 0
 259      44 mmcblk0p76 0 0 0 0 0 0 0 0 0 0 0 0 0 0 0
 259      45 mmcblk0p77 0 0 0 0 0 0 0 0 0 0 0 0 0 0 0
 259      46 mmcblk0p78 0 0 0 0 0 0 0 0 0 0 0 0 0 0 0
 259      47 mmcblk0p79 0 0 0 0 0 0 0 0 0 0 0 0 0 0 0
 259      48 mmcblk0p80 0 0 0 0 0 0 0 0 0 0 0 0 0 0 0
 253       0 dm-0 166 0 1352 352 0 0 0 0 0 56 352 0 0 0 0
 253       1 dm-1 2251 0 107992 3704 0 0 0 0 0 1272 3704 0 0 0 0
 253       2 dm-2 725 0 23440 1024 0 0 0 0 0 552 1024 0 0 0 0
 253       3 dm-3 1043 0 31344 1204 0 0 0 0 0 696 1204 0 0 0 0
 253       4 dm-4 1140 0 99104 1488 0 0 0 0 0 1276 1488 0 0 0 0
 253       5 dm-5 477 0 21456 628 0 0 0 0 0 572 628 0 0 0 0
 253       6 dm-6 548 0 27384 428 0 0 0 0 0 696 428 0 0 0 0
 253       7 dm-7 37 0 320 36 0 0 0 0 0 56 36 0 0 0 0
   7     128 loop16 6 0 48 14 0 0 0 0 0 24 8 0 0 0 0
   7     136 loop17 26 0 208 27 0 0 0 0 0 28 0 0 0 0 0
   7     144 loop18 12 0 120 14 0 0 0 0 0 40 4 0 0 0 0
   7     152 loop19 23 0 184 26 0 0 0 0 0 24 0 0 0 0 0
   7     160 loop20 10 0 80 8 0 0 0 0 0 28 4 0 0 0 0
   7     168 loop21 10 0 80 3 0 0 0 0 0 24 0 0 0 0 0
   7     176 loop22 9 0 72 3 0 0 0 0 1 28 0 0 0 0 0
   7     184 loop23 5 0 40 1 0 0 0 0 0 16 0 0 0 0 0
   7     192 loop24 8 0 64 9 0 0 0 0 0 20 4 0 0 0 0
   7     200 loop25 5 0 40 2 0 0 0 0 0 12 0 0 0 0 0
   7     208 loop26 1 0 8 0 0 0 0 0 0 4 0 0 0 0 0
   7     216 loop27 5 0 40 2 0 0 0 0 0 12 0 0 0 0 0
   7     224 loop28 2 0 16 0 0 0 0 0 1 12 0 0 0 0 0
   7     232 loop29 1 0 8 0 0 0 0 0 0 4 0 0 0 0 0
   7     240 loop30 1 0 8 0 0 0 0 0 0 4 0 0 0 0 0
   7     248 loop31 1 0 8 0 0 0 0 0 0 4 0 0 0 0 0
   7     256 loop32 1 0 8 0 0 0 0 0 0 8 0 0 0 0 0
   7     264 loop33 1 0 8 0 0 0 0 0 0 4 0 0 0 0 0
   7     272 loop34 1 0 8 0 0 0 0 0 0 4 0 0 0 0 0
   7     280 loop35 1 0 8 0 0 0 0 0 0 4 0 0 0 0 0
   7     288 loop36 0 0 0 0 0 0 0 0 0 0 0 0 0 0 0
   7     296 loop37 0 0 0 0 0 0 0 0 0 0 0 0 0 0 0
   7     304 loop38 0 0 0 0 0 0 0 0 0 0 0 0 0 0 0
   7     312 loop39 0 0 0 0 0 0 0 0 0 0 0 0 0 0 0
 253       8 dm-8 0 0 0 0 0 0 0 0 0 0 0 0 0 0 0
 253       9 dm-9 0 0 0 0 0 0 0 0 0 0 0 0 0 0 0
 253      10 dm-10 0 0 0 0 0 0 0 0 0 0 0 0 0 0 0
 253      11 dm-11 11 0 88 4 0 0 0 0 0 20 4 0 0 0 0
 253      12 dm-12 0 0 0 0 0 0 0 0 0 0 0 0 0 0 0
 253      13 dm-13 0 0 0 0 0 0 0 0 0 0 0 0 0 0 0
 253      14 dm-14 0 0 0 0 0 0 0 0 0 0 0 0 0 0 0
 253      15 dm-15 0 0 0 0 0 0 0 0 0 0 0 0 0 0 0
 253      16 dm-16 0 0 0 0 0 0 0 0 0 0 0 0 0 0 0
 253      17 dm-17 0 0 0 0 0 0 0 0 0 0 0 0 0 0 0
 253      18 dm-18 0 0 0 0 0 0 0 0 0 0 0 0 0 0 0
 253      19 dm-19 0 0 0 0 0 0 0 0 0 0 0 0 0 0 0
 253      20 dm-20 0 0 0 0 0 0 0 0 0 0 0 0 0 0 0
 253      21 dm-21 0 0 0 0 0 0 0 0 0 0 0 0 0 0 0
 253      22 dm-22 1 0 8 0 0 0 0 0 1 4 0 0 0 0 0
 253      23 dm-23 0 0 0 0 0 0 0 0 0 0 0 0 0 0 0
 253      24 dm-24 0 0 0 0 0 0 0 0 0 0 0 0 0 0 0
 253      25 dm-25 2 0 16 8 0 0 0 0 0 12 8 0 0 0 0
 253      26 dm-26 0 0 0 0 0 0 0 0 0 0 0 0 0 0 0
 253      27 dm-27 0 0 0 0 0 0 0 0 0 0 0 0 0 0 0
 253      28 dm-28 2 0 16 8 0 0 0 0 0 12 8 0 0 0 0
 253      29 dm-29 0 0 0 0 0 0 0 0 0 0 0 0 0 0 0
 253      30 dm-30 0 0 0 0 0 0 0 0 0 0 0 0 0 0 0
 253      31 dm-31 0 0 0 0 0 0 0 0 0 0 0 0 0 0 0
 253      32 dm-32 0 0 0 0 0 0 0 0 0 0 0 0 0 0 0
 253      33 dm-33 0 0 0 0 0 0 0 0 0 0 0 0 0 0 0
 253      34 dm-34 5 0 40 12 0 0 0 0 0 20 12 0 0 0 0
 253      35 dm-35 6 0 48 12 0 0 0 0 1 20 12 0 0 0 0
 253      36 dm-36 2 0 16 16 0 0 0 0 0 16 16 0 0 0 0
 253      37 dm-37 0 0 0 0 0 0 0 0 0 0 0 0 0 0 0
 253      38 dm-38 6 0 48 4 0 0 0 0 0 24 4 0 0 0 0
 253      39 dm-39 6 0 48 12 0 0 0 0 0 24 12 0 0 0 0
 253      40 dm-40 0 0 0 0 0 0 0 0 0 0 0 0 0 0 0
 253      41 dm-41 0 0 0 0 0 0 0 0 0 0 0 0 0 0 0
 253      42 dm-42 0 0 0 0 0 0 0 0 0 0 0 0 0 0 0
 253      43 dm-43 654 0 14336 2328 24 0 24 4 0 440 2332 0 0 0 0

776
   1       0 ram0 0 0 0 0 0 0 0 0 0 0 0 0 0 0 0
   1       1 ram1 0 0 0 0 0 0 0 0 0 0 0 0 0 0 0
   1       2 ram2 0 0 0 0 0 0 0 0 0 0 0 0 0 0 0
   1       3 ram3 0 0 0 0 0 0 0 0 0 0 0 0 0 0 0
   1       4 ram4 0 0 0 0 0 0 0 0 0 0 0 0 0 0 0
   1       5 ram5 0 0 0 0 0 0 0 0 0 0 0 0 0 0 0
   1       6 ram6 0 0 0 0 0 0 0 0 0 0 0 0 0 0 0
   1       7 ram7 0 0 0 0 0 0 0 0 0 0 0 0 0 0 0
   1       8 ram8 0 0 0 0 0 0 0 0 0 0 0 0 0 0 0
   1       9 ram9 0 0 0 0 0 0 0 0 0 0 0 0 0 0 0
   1      10 ram10 0 0 0 0 0 0 0 0 0 0 0 0 0 0 0
   1      11 ram11 0 0 0 0 0 0 0 0 0 0 0 0 0 0 0
   1      12 ram12 0 0 0 0 0 0 0 0 0 0 0 0 0 0 0
   1      13 ram13 0 0 0 0 0 0 0 0 0 0 0 0 0 0 0
   1      14 ram14 0 0 0 0 0 0 0 0 0 0 0 0 0 0 0
   1      15 ram15 0 0 0 0 0 0 0 0 0 0 0 0 0 0 0
   7       0 loop0 183 0 16168 352 0 0 0 0 0 344 116 0 0 0 0
   7       8 loop1 70 0 9008 122 0 0 0 0 0 136 32 0 0 0 0
   7      16 loop2 27 0 216 13 0 0 0 0 0 32 0 0 0 0 0
   7      24 loop3 12 0 296 8 0 0 0 0 0 32 0 0 0 0 0
   7      32 loop4 36 1 3040 29 0 0 0 0 0 56 0 0 0 0 0
   7      40 loop5 8 0 64 7 0 0 0 0 0 36 0 0 0 0 0
   7      48 loop6 7 0 56 3 0 0 0 0 0 20 0 0 0 0 0
   7      56 loop7 7 0 56 3 0 0 0 0 0 28 0 0 0 0 0
   7      64 loop8 11 0 112 5 0 0 0 0 0 40 0 0 0 0 0
   7      72 loop9 47 0 384 45 0 0 0 0 0 48 4 0 0 0 0
   7      80 loop10 24 0 192 17 0 0 0 0 0 28 0 0 0 0 0
   7      88 loop11 7 0 56 6 0 0 0 0 0 28 0 0 0 0 0
   7      96 loop12 19 0 152 9 0 0 0 0 0 32 0 0 0 0 0
   7     104 loop13 27 0 216 48 0 0 0 0 0 44 8 0 0 0 0
   7     112 loop14 7 0 56 5 0 0 0 0 0 24 0 0 0 0 0
   7     120 loop15 8 0 64 6 0 0 0 0 0 36 0 0 0 0 0
 254       0 zram0 0 0 0 0 0 0 0 0 0 0 0 0 0 0 0
 179       0 mmcblk0 2020 1821 144350 1721 12 0 48 14 0 1592 376 0 0 0 0
 179       1 mmcblk0p1 0 0 0 0 0 0 0 0 0 0 0 0 0 0 0
 179       2 mmcblk0p2 0 0 0 0 0 0 0 0 0 0 0 0 0 0 0
 179       3 mmcblk0p3 0 0 0 0 0 0 0 0 0 0 0 0 0 0 0
 179       4 mmcblk0p4 16 0 146 3 1 0 8 0 0 12 0 0 0 0 0
 179       5 mmcblk0p5 0 0 0 0 0 0 0 0 0 0 0 0 0 0 0
 179       6 mmcblk0p6 0 0 0 0 0 0 0 0 0 0 0 0 0 0 0
 179       7 mmcblk0p7 0 0 0 0 0 0 0 0 0 0 0 0 0 0 0
 179       8 mmcblk0p8 0 0 0 0 0 0 0 0 0 0 0 0 0 0 0
 179       9 mmcblk0p9 0 0 0 0 0 0 0 0 0 0 0 0 0 0 0
 179      10 mmcblk0p10 0 0 0 0 0 0 0 0 0 0 0 0 0 0 0
 179      11 mmcblk0p11 0 0 0 0 0 0 0 0 0 0 0 0 0 0 0
 179      12 mmcblk0p12 0 0 0 0 0 0 0 0 0 0 0 0 0 0 0
 179      13 mmcblk0p13 0 0 0 0 0 0 0 0 0 0 0 0 0 0 0
 179      14 mmcblk0p14 0 0 0 0 0 0 0 0 0 0 0 0 0 0 0
 179      15 mmcblk0p15 0 0 0 0 0 0 0 0 0 0 0 0 0 0 0
 179      16 mmcblk0p16 0 0 0 0 0 0 0 0 0 0 0 0 0 0 0
 179      17 mmcblk0p17 0 0 0 0 0 0 0 0 0 0 0 0 0 0 0
 179      18 mmcblk0p18 0 0 0 0 0 0 0 0 0 0 0 0 0 0 0
 179      19 mmcblk0p19 0 0 0 0 0 0 0 0 0 0 0 0 0 0 0
 179      20 mmcblk0p20 0 0 0 0 0 0 0 0 0 0 0 0 0 0 0
 179      21 mmcblk0p21 54 57 111 17 0 0 0 0 0 28 0 0 0 0 0
 179      22 mmcblk0p22 0 0 0 0 0 0 0 0 0 0 0 0 0 0 0
 179      23 mmcblk0p23 33 6 330 14 0 0 0 0 0 12 0 0 0 0 0
 179      24 mmcblk0p24 0 0 0 0 0 0 0 0 0 0 0 0 0 0 0
 179      25 mmcblk0p25 0 0 0 0 0 0 0 0 0 0 0 0 0 0 0
 179      26 mmcblk0p26 0 0 0 0 0 0 0 0 0 0 0 0 0 0 0
 179      27 mmcblk0p27 0 0 0 0 0 0 0 0 0 0 0 0 0 0 0
 179      28 mmcblk0p28 0 0 0 0 0 0 0 0 0 0 0 0 0 0 0
 179      29 mmcblk0p29 0 0 0 0 0 0 0 0 0 0 0 0 0 0 0
 179      30 mmcblk0p30 0 0 0 0 0 0 0 0 0 0 0 0 0 0 0
 179      31 mmcblk0p31 0 0 0 0 0 0 0 0 0 0 0 0 0 0 0
 259       0 mmcblk0p32 9 0 65 1 0 0 0 0 0 12 0 0 0 0 0
 259       1 mmcblk0p33 0 0 0 0 0 0 0 0 0 0 0 0 0 0 0
 259       2 mmcblk0p34 0 0 0 0 0 0 0 0 0 0 0 0 0 0 0
 259       3 mmcblk0p35 0 0 0 0 0 0 0 0 0 0 0 0 0 0 0
 259       4 mmcblk0p36 0 0 0 0 0 0 0 0 0 0 0 0 0 0 0
 259       5 mmcblk0p37 0 0 0 0 0 0 0 0 0 0 0 0 0 0 0
 259       6 mmcblk0p38 0 0 0 0 0 0 0 0 0 0 0 0 0 0 0
 259       7 mmcblk0p39 0 0 0 0 0 0 0 0 0 0 0 0 0 0 0
 259       8 mmcblk0p40 0 0 0 0 0 0 0 0 0 0 0 0 0 0 0
 259       9 mmcblk0p41 0 0 0 0 0 0 0 0 0 0 0 0 0 0 0
 259      10 mmcblk0p42 0 0 0 0 0 0 0 0 0 0 0 0 0 0 0
 259      11 mmcblk0p43 0 0 0 0 0 0 0 0 0 0 0 0 0 0 0
 259      12 mmcblk0p44 0 0 0 0 0 0 0 0 0 0 0 0 0 0 0
 259      13 mmcblk0p45 0 0 0 0 0 0 0 0 0 0 0 0 0 0 0
 259      14 mmcblk0p46 0 0 0 0 0 0 0 0 0 0 0 0 0 0 0
 259      15 mmcblk0p47 0 0 0 0 0 0 0 0 0 0 0 0 0 0 0
 259      16 mmcblk0p48 0 0 0 0 0 0 0 0 0 0 0 0 0 0 0
 259      17 mmcblk0p49 0 0 0 0 0 0 0 0 0 0 0 0 0 0 0
 259      18 mmcblk0p50 0 0 0 0 0 0 0 0 0 0 0 0 0 0 0
 259      19 mmcblk0p51 0 0 0 0 0 0 0 0 0 0 0 0 0 0 0
 259      20 mmcblk0p52 0 0 0 0 0 0 0 0 0 0 0 0 0 0 0
 259      21 mmcblk0p53 0 0 0 0 0 0 0 0 0 0 0 0 0 0 0
 259      22 mmcblk0p54 0 0 0 0 0 0 0 0 0 0 0 0 0 0 0
 259      23 mmcblk0p55 0 0 0 0 0 0 0 0 0 0 0 0 0 0 0
 259      24 mmcblk0p56 0 0 0 0 0 0 0 0 0 0 0 0 0 0 0
 259      25 mmcblk0p57 0 0 0 0 0 0 0 0 0 0 0 0 0 0 0
 259      26 mmcblk0p58 0 0 0 0 0 0 0 0 0 0 0 0 0 0 0
 259      27 mmcblk0p59 0 0 0 0 0 0 0 0 0 0 0 0 0 0 0
 259      28 mmcblk0p60 0 0 0 0 0 0 0 0 0 0 0 0 0 0 0
 259      29 mmcblk0p61 0 0 0 0 0 0 0 0 0 0 0 0 0 0 0
 259      30 mmcblk0p62 0 0 0 0 0 0 0 0 0 0 0 0 0 0 0
 259      31 mmcblk0p63 0 0 0 0 0 0 0 0 0 0 0 0 0 0 0
 259      32 mmcblk0p64 0 0 0 0 0 0 0 0 0 0 0 0 0 0 0
 259      33 mmcblk0p65 0 0 0 0 0 0 0 0 0 0 0 0 0 0 0
 259      34 mmcblk0p66 0 0 0 0 0 0 0 0 0 0 0 0 0 0 0
 259      35 mmcblk0p67 1851 1758 140712 1643 0 0 0 0 0 1520 360 0 0 0 0
 259      36 mmcblk0p68 1 0 128 1 0 0 0 0 0 4 0 0 0 0 0
 259      37 mmcblk0p69 0 0 0 0 0 0 0 0 0 0 0 0 0 0 0
 259      38 mmcblk0p70 0 0 0 0 0 0 0 0 0 0 0 0 0 0 0
 259      39 mmcblk0p71 0 0 0 0 0 0 0 0 0 0 0 0 0 0 0
 259      40 mmcblk0p72 47 0 2666 36 5 0 40 12 0 64 16 0 0 0 0
 259      41 mmcblk0p73 1 0 128 1 0 0 0 0 0 4 0 0 0 0 0
 259      42 mmcblk0p74 0 0 0 0 0 0 0 0 0 0 0 0 0 0 0
 259      43 mmcblk0p75 0 0 0 0 0 0 0 0 0 0 0 0 0 0 0
 259      44 mmcblk0p76 0 0 0 0 0 0 0 0 0 0 0 0 0 0 0
 259      45 mmcblk0p77 0 0 0 0 0 0 0 0 0 0 0 0 0 0 0
 259      46 mmcblk0p78 0 0 0 0 0 0 0 0 0 0 0 0 0 0 0
 259      47 mmcblk0p79 0 0 0 0 0 0 0 0 0 0 0 0 0 0 0
 259      48 mmcblk0p80 0 0 0 0 0 0 0 0 0 0 0 0 0 0 0
 253       0 dm-0 166 0 1352 352 0 0 0 0 0 56 352 0 0 0 0
 253       1 dm-1 2312 0 113680 3732 0 0 0 0 0 1372 3732 0 0 0 0
 253       2 dm-2 733 0 23512 1024 0 0 0 0 0 568 1024 0 0 0 0
 253       3 dm-3 1043 0 31344 1204 0 0 0 0 0 696 1204 0 0 0 0
 253       4 dm-4 1201 0 104792 1528 0 0 0 0 0 1376 1528 0 0 0 0
 253       5 dm-5 485 0 21528 628 0 0 0 0 0 588 628 0 0 0 0
 253       6 dm-6 548 0 27384 428 0 0 0 0 0 696 428 0 0 0 0
 253       7 dm-7 37 0 320 36 0 0 0 0 0 56 36 0 0 0 0
   7     128 loop16 7 0 56 14 0 0 0 0 0 28 8 0 0 0 0
   7     136 loop17 27 0 216 27 0 0 0 0 0 32 0 0 0 0 0
   7     144 loop18 12 0 120 14 0 0 0 0 0 40 4 0 0 0 0
   7     152 loop19 24 0 192 26 0 0 0 0 0 28 0 0 0 0 0
   7     160 loop20 11 0 88 9 0 0 0 0 0 32 4 0 0 0 0
   7     168 loop21 11 0 88 4 0 0 0 0 0 28 0 0 0 0 0
   7     176 loop22 11 0 88 5 0 0 0 0 0 36 0 0 0 0 0
   7     184 loop23 21 0 168 10 0 0 0 0 0 36 0 0 0 0 0
   7     192 loop24 11 0 88 11 0 0 0 0 0 28 4 0 0 0 0
   7     200 loop25 12 0 96 4 0 0 0 0 0 20 0 0 0 0 0
   7     208 loop26 11 0 88 4 0 0 0 0 0 20 0 0 0 0 0
   7     216 loop27 9 0 72 4 0 0 0 0 0 20 0 0 0 0 0
   7     224 loop28 9 0 72 4 0 0 0 0 0 28 0 0 0 0 0
   7     232 loop29 14 0 112 10 0 0 0 0 0 28 0 0 0 0 0
   7     240 loop30 12 0 96 4 0 0 0 0 0 20 0 0 0 0 0
   7     248 loop31 15 0 120 6 0 0 0 0 0 28 0 0 0 0 0
   7     256 loop32 9 0 72 4 0 0 0 0 0 20 0 0 0 0 0
   7     264 loop33 13 0 104 5 0 0 0 0 0 20 0 0 0 0 0
   7     272 loop34 11 0 88 4 0 0 0 0 0 24 0 0 0 0 0
   7     280 loop35 11 0 88 4 0 0 0 0 0 16 0 0 0 0 0
   7     288 loop36 45 0 5536 35 0 0 0 0 0 60 0 0 0 0 0
   7     296 loop37 9 0 72 4 0 0 0 0 0 16 0 0 0 0 0
   7     304 loop38 15 0 120 8 0 0 0 0 0 16 0 0 0 0 0
   7     312 loop39 18 0 144 7 0 0 0 0 0 24 0 0 0 0 0
 253       8 dm-8 0 0 0 0 0 0 0 0 0 0 0 0 0 0 0
 253       9 dm-9 7 0 56 8 0 0 0 0 0 20 8 0 0 0 0
 253      10 dm-10 10 0 80 4 0 0 0 0 0 12 4 0 0 0 0
 253      11 dm-11 14 0 112 4 0 0 0 0 0 32 4 0 0 0 0
 253      12 dm-12 0 0 0 0 0 0 0 0 0 0 0 0 0 0 0
 253      13 dm-13 8 0 64 4 0 0 0 0 0 16 4 0 0 0 0
 253      14 dm-14 0 0 0 0 0 0 0 0 0 0 0 0 0 0 0
 253      15 dm-15 7 0 56 0 0 0 0 0 0 12 0 0 0 0 0
 253      16 dm-16 0 0 0 0 0 0 0 0 0 0 0 0 0 0 0
 253      17 dm-17 0 0 0 0 0 0 0 0 0 0 0 0 0 0 0
 253      18 dm-18 5 0 40 4 0 0 0 0 0 12 4 0 0 0 0
 253      19 dm-19 9 0 72 8 0 0 0 0 0 20 8 0 0 0 0
 253      20 dm-20 14 0 112 0 0 0 0 0 0 16 0 0 0 0 0
 253      21 dm-21 7 0 56 0 0 0 0 0 0 16 0 0 0 0 0
 253      22 dm-22 7 0 56 8 0 0 0 0 0 28 8 0 0 0 0
 253      23 dm-23 0 0 0 0 0 0 0 0 0 0 0 0 0 0 0
 253      24 dm-24 7 0 56 4 0 0 0 0 0 12 4 0 0 0 0
 253      25 dm-25 5 0 40 8 0 0 0 0 0 20 8 0 0 0 0
 253      26 dm-26 7 0 56 8 0 0 0 0 0 16 8 0 0 0 0
 253      27 dm-27 0 0 0 0 0 0 0 0 0 0 0 0 0 0 0
 253      28 dm-28 8 0 64 8 0 0 0 0 0 16 8 0 0 0 0
 253      29 dm-29 0 0 0 0 0 0 0 0 0 0 0 0 0 0 0
 253      30 dm-30 0 0 0 0 0 0 0 0 0 0 0 0 0 0 0
 253      31 dm-31 0 0 0 0 0 0 0 0 0 0 0 0 0 0 0
 253      32 dm-32 11 0 88 4 0 0 0 0 0 24 4 0 0 0 0
 253      33 dm-33 0 0 0 0 0 0 0 0 0 0 0 0 0 0 0
 253      34 dm-34 7 0 56 12 0 0 0 0 0 24 12 0 0 0 0
 253      35 dm-35 7 0 56 24 0 0 0 0 0 32 24 0 0 0 0
 253      36 dm-36 16 0 128 20 0 0 0 0 0 36 20 0 0 0 0
 253      37 dm-37 0 0 0 0 0 0 0 0 0 0 0 0 0 0 0
 253      38 dm-38 7 0 56 4 0 0 0 0 0 28 4 0 0 0 0
 253      39 dm-39 7 0 56 12 0 0 0 0 0 28 12 0 0 0 0
 253      40 dm-40 0 0 0 0 0 0 0 0 0 0 0 0 0 0 0
 253      41 dm-41 0 0 0 0 0 0 0 0 0 0 0 0 0 0 0
 253      42 dm-42 0 0 0 0 0 0 0 0 0 0 0 0 0 0 0
 253      43 dm-43 865 0 16024 2360 27 0 24 4 0 536 2364 0 0 0 0

799
   1       0 ram0 0 0 0 0 0 0 0 0 0 0 0 0 0 0 0
   1       1 ram1 0 0 0 0 0 0 0 0 0 0 0 0 0 0 0
   1       2 ram2 0 0 0 0 0 0 0 0 0 0 0 0 0 0 0
   1       3 ram3 0 0 0 0 0 0 0 0 0 0 0 0 0 0 0
   1       4 ram4 0 0 0 0 0 0 0 0 0 0 0 0 0 0 0
   1       5 ram5 0 0 0 0 0 0 0 0 0 0 0 0 0 0 0
   1       6 ram6 0 0 0 0 0 0 0 0 0 0 0 0 0 0 0
   1       7 ram7 0 0 0 0 0 0 0 0 0 0 0 0 0 0 0
   1       8 ram8 0 0 0 0 0 0 0 0 0 0 0 0 0 0 0
   1       9 ram9 0 0 0 0 0 0 0 0 0 0 0 0 0 0 0
   1      10 ram10 0 0 0 0 0 0 0 0 0 0 0 0 0 0 0
   1      11 ram11 0 0 0 0 0 0 0 0 0 0 0 0 0 0 0
   1      12 ram12 0 0 0 0 0 0 0 0 0 0 0 0 0 0 0
   1      13 ram13 0 0 0 0 0 0 0 0 0 0 0 0 0 0 0
   1      14 ram14 0 0 0 0 0 0 0 0 0 0 0 0 0 0 0
   1      15 ram15 0 0 0 0 0 0 0 0 0 0 0 0 0 0 0
   7       0 loop0 183 0 16168 352 0 0 0 0 0 344 116 0 0 0 0
   7       8 loop1 70 0 9008 122 0 0 0 0 0 136 32 0 0 0 0
   7      16 loop2 27 0 216 13 0 0 0 0 0 32 0 0 0 0 0
   7      24 loop3 12 0 296 8 0 0 0 0 0 32 0 0 0 0 0
   7      32 loop4 36 1 3040 29 0 0 0 0 0 56 0 0 0 0 0
   7      40 loop5 8 0 64 7 0 0 0 0 0 36 0 0 0 0 0
   7      48 loop6 7 0 56 3 0 0 0 0 0 20 0 0 0 0 0
   7      56 loop7 8 0 64 3 0 0 0 0 0 32 0 0 0 0 0
   7      64 loop8 17 0 720 10 0 0 0 0 0 64 0 0 0 0 0
   7      72 loop9 47 0 384 45 0 0 0 0 0 48 4 0 0 0 0
   7      80 loop10 24 0 192 17 0 0 0 0 0 28 0 0 0 0 0
   7      88 loop11 7 0 56 6 0 0 0 0 0 28 0 0 0 0 0
   7      96 loop12 20 0 160 9 0 0 0 0 0 36 0 0 0 0 0
   7     104 loop13 27 0 216 48 0 0 0 0 0 44 8 0 0 0 0
   7     112 loop14 7 0 56 5 0 0 0 0 0 24 0 0 0 0 0
   7     120 loop15 9 0 72 7 0 0 0 0 0 40 0 0 0 0 0
 254       0 zram0 0 0 0 0 0 0 0 0 0 0 0 0 0 0 0
 179       0 mmcblk0 2020 1821 144350 1721 12 0 48 14 0 1592 376 0 0 0 0
 179       1 mmcblk0p1 0 0 0 0 0 0 0 0 0 0 0 0 0 0 0
 179       2 mmcblk0p2 0 0 0 0 0 0 0 0 0 0 0 0 0 0 0
 179       3 mmcblk0p3 0 0 0 0 0 0 0 0 0 0 0 0 0 0 0
 179       4 mmcblk0p4 16 0 146 3 1 0 8 0 0 12 0 0 0 0 0
 179       5 mmcblk0p5 0 0 0 0 0 0 0 0 0 0 0 0 0 0 0
 179       6 mmcblk0p6 0 0 0 0 0 0 0 0 0 0 0 0 0 0 0
 179       7 mmcblk0p7 0 0 0 0 0 0 0 0 0 0 0 0 0 0 0
 179       8 mmcblk0p8 0 0 0 0 0 0 0 0 0 0 0 0 0 0 0
 179       9 mmcblk0p9 0 0 0 0 0 0 0 0 0 0 0 0 0 0 0
 179      10 mmcblk0p10 0 0 0 0 0 0 0 0 0 0 0 0 0 0 0
 179      11 mmcblk0p11 0 0 0 0 0 0 0 0 0 0 0 0 0 0 0
 179      12 mmcblk0p12 0 0 0 0 0 0 0 0 0 0 0 0 0 0 0
 179      13 mmcblk0p13 0 0 0 0 0 0 0 0 0 0 0 0 0 0 0
 179      14 mmcblk0p14 0 0 0 0 0 0 0 0 0 0 0 0 0 0 0
 179      15 mmcblk0p15 0 0 0 0 0 0 0 0 0 0 0 0 0 0 0
 179      16 mmcblk0p16 0 0 0 0 0 0 0 0 0 0 0 0 0 0 0
 179      17 mmcblk0p17 0 0 0 0 0 0 0 0 0 0 0 0 0 0 0
 179      18 mmcblk0p18 0 0 0 0 0 0 0 0 0 0 0 0 0 0 0
 179      19 mmcblk0p19 0 0 0 0 0 0 0 0 0 0 0 0 0 0 0
 179      20 mmcblk0p20 0 0 0 0 0 0 0 0 0 0 0 0 0 0 0
 179      21 mmcblk0p21 54 57 111 17 0 0 0 0 0 28 0 0 0 0 0
 179      22 mmcblk0p22 0 0 0 0 0 0 0 0 0 0 0 0 0 0 0
 179      23 mmcblk0p23 33 6 330 14 0 0 0 0 0 12 0 0 0 0 0
 179      24 mmcblk0p24 0 0 0 0 0 0 0 0 0 0 0 0 0 0 0
 179      25 mmcblk0p25 0 0 0 0 0 0 0 0 0 0 0 0 0 0 0
 179      26 mmcblk0p26 0 0 0 0 0 0 0 0 0 0 0 0 0 0 0
 179      27 mmcblk0p27 0 0 0 0 0 0 0 0 0 0 0 0 0 0 0
 179      28 mmcblk0p28 0 0 0 0 0 0 0 0 0 0 0 0 0 0 0
 179      29 mmcblk0p29 0 0 0 0 0 0 0 0 0 0 0 0 0 0 0
 179      30 mmcblk0p30 0 0 0 0 0 0 0 0 0 0 0 0 0 0 0
 179      31 mmcblk0p31 0 0 0 0 0 0 0 0 0 0 0 0 0 0 0
 259       0 mmcblk0p32 9 0 65 1 0 0 0 0 0 12 0 0 0 0 0
 259       1 mmcblk0p33 0 0 0 0 0 0 0 0 0 0 0 0 0 0 0
 259       2 mmcblk0p34 0 0 0 0 0 0 0 0 0 0 0 0 0 0 0
 259       3 mmcblk0p35 0 0 0 0 0 0 0 0 0 0 0 0 0 0 0
 259       4 mmcblk0p36 0 0 0 0 0 0 0 0 0 0 0 0 0 0 0
 259       5 mmcblk0p37 0 0 0 0 0 0 0 0 0 0 0 0 0 0 0
 259       6 mmcblk0p38 0 0 0 0 0 0 0 0 0 0 0 0 0 0 0
 259       7 mmcblk0p39 0 0 0 0 0 0 0 0 0 0 0 0 0 0 0
 259       8 mmcblk0p40 0 0 0 0 0 0 0 0 0 0 0 0 0 0 0
 259       9 mmcblk0p41 0 0 0 0 0 0 0 0 0 0 0 0 0 0 0
 259      10 mmcblk0p42 0 0 0 0 0 0 0 0 0 0 0 0 0 0 0
 259      11 mmcblk0p43 0 0 0 0 0 0 0 0 0 0 0 0 0 0 0
 259      12 mmcblk0p44 0 0 0 0 0 0 0 0 0 0 0 0 0 0 0
 259      13 mmcblk0p45 0 0 0 0 0 0 0 0 0 0 0 0 0 0 0
 259      14 mmcblk0p46 0 0 0 0 0 0 0 0 0 0 0 0 0 0 0
 259      15 mmcblk0p47 0 0 0 0 0 0 0 0 0 0 0 0 0 0 0
 259      16 mmcblk0p48 0 0 0 0 0 0 0 0 0 0 0 0 0 0 0
 259      17 mmcblk0p49 0 0 0 0 0 0 0 0 0 0 0 0 0 0 0
 259      18 mmcblk0p50 0 0 0 0 0 0 0 0 0 0 0 0 0 0 0
 259      19 mmcblk0p51 0 0 0 0 0 0 0 0 0 0 0 0 0 0 0
 259      20 mmcblk0p52 0 0 0 0 0 0 0 0 0 0 0 0 0 0 0
 259      21 mmcblk0p53 0 0 0 0 0 0 0 0 0 0 0 0 0 0 0
 259      22 mmcblk0p54 0 0 0 0 0 0 0 0 0 0 0 0 0 0 0
 259      23 mmcblk0p55 0 0 0 0 0 0 0 0 0 0 0 0 0 0 0
 259      24 mmcblk0p56 0 0 0 0 0 0 0 0 0 0 0 0 0 0 0
 259      25 mmcblk0p57 0 0 0 0 0 0 0 0 0 0 0 0 0 0 0
 259      26 mmcblk0p58 0 0 0 0 0 0 0 0 0 0 0 0 0 0 0
 259      27 mmcblk0p59 0 0 0 0 0 0 0 0 0 0 0 0 0 0 0
 259      28 mmcblk0p60 0 0 0 0 0 0 0 0 0 0 0 0 0 0 0
 259      29 mmcblk0p61 0 0 0 0 0 0 0 0 0 0 0 0 0 0 0
 259      30 mmcblk0p62 0 0 0 0 0 0 0 0 0 0 0 0 0 0 0
 259      31 mmcblk0p63 0 0 0 0 0 0 0 0 0 0 0 0 0 0 0
 259      32 mmcblk0p64 0 0 0 0 0 0 0 0 0 0 0 0 0 0 0
 259      33 mmcblk0p65 0 0 0 0 0 0 0 0 0 0 0 0 0 0 0
 259      34 mmcblk0p66 0 0 0 0 0 0 0 0 0 0 0 0 0 0 0
 259      35 mmcblk0p67 1851 1758 140712 1643 0 0 0 0 0 1520 360 0 0 0 0
 259      36 mmcblk0p68 1 0 128 1 0 0 0 0 0 4 0 0 0 0 0
 259      37 mmcblk0p69 0 0 0 0 0 0 0 0 0 0 0 0 0 0 0
 259      38 mmcblk0p70 0 0 0 0 0 0 0 0 0 0 0 0 0 0 0
 259      39 mmcblk0p71 0 0 0 0 0 0 0 0 0 0 0 0 0 0 0
 259      40 mmcblk0p72 47 0 2666 36 5 0 40 12 0 64 16 0 0 0 0
 259      41 mmcblk0p73 1 0 128 1 0 0 0 0 0 4 0 0 0 0 0
 259      42 mmcblk0p74 0 0 0 0 0 0 0 0 0 0 0 0 0 0 0
 259      43 mmcblk0p75 0 0 0 0 0 0 0 0 0 0 0 0 0 0 0
 259      44 mmcblk0p76 0 0 0 0 0 0 0 0 0 0 0 0 0 0 0
 259      45 mmcblk0p77 0 0 0 0 0 0 0 0 0 0 0 0 0 0 0
 259      46 mmcblk0p78 0 0 0 0 0 0 0 0 0 0 0 0 0 0 0
 259      47 mmcblk0p79 0 0 0 0 0 0 0 0 0 0 0 0 0 0 0
 259      48 mmcblk0p80 0 0 0 0 0 0 0 0 0 0 0 0 0 0 0
 253       0 dm-0 166 0 1352 352 0 0 0 0 0 56 352 0 0 0 0
 253       1 dm-1 2323 0 114424 3732 0 0 0 0 0 1404 3732 0 0 0 0
 253       2 dm-2 733 0 23512 1024 0 0 0 0 0 568 1024 0 0 0 0
 253       3 dm-3 1043 0 31344 1204 0 0 0 0 0 696 1204 0 0 0 0
 253       4 dm-4 1212 0 105536 1536 0 0 0 0 0 1416 1536 0 0 0 0
 253       5 dm-5 485 0 21528 628 0 0 0 0 0 588 628 0 0 0 0
 253       6 dm-6 548 0 27384 428 0 0 0 0 0 696 428 0 0 0 0
 253       7 dm-7 37 0 320 36 0 0 0 0 0 56 36 0 0 0 0
   7     128 loop16 7 0 56 14 0 0 0 0 0 28 8 0 0 0 0
   7     136 loop17 27 0 216 27 0 0 0 0 0 32 0 0 0 0 0
   7     144 loop18 12 0 120 14 0 0 0 0 0 40 4 0 0 0 0
   7     152 loop19 24 0 192 26 0 0 0 0 0 28 0 0 0 0 0
   7     160 loop20 12 0 96 9 0 0 0 0 0 36 4 0 0 0 0
   7     168 loop21 12 0 96 4 0 0 0 0 0 32 0 0 0 0 0
   7     176 loop22 12 0 96 6 0 0 0 0 0 40 0 0 0 0 0
   7     184 loop23 22 0 176 10 0 0 0 0 0 40 0 0 0 0 0
   7     192 loop24 11 0 88 11 0 0 0 0 0 28 4 0 0 0 0
   7     200 loop25 13 0 104 5 0 0 0 0 0 24 0 0 0 0 0
   7     208 loop26 11 0 88 4 0 0 0 0 0 20 0 0 0 0 0
   7     216 loop27 9 0 72 4 0 0 0 0 0 20 0 0 0 0 0
   7     224 loop28 10 0 80 4 0 0 0 0 0 36 0 0 0 0 0
   7     232 loop29 14 0 112 10 0 0 0 0 0 28 0 0 0 0 0
   7     240 loop30 13 0 104 5 0 0 0 0 0 24 0 0 0 0 0
   7     248 loop31 16 0 128 7 0 0 0 0 0 32 0 0 0 0 0
   7     256 loop32 9 0 72 4 0 0 0 0 0 20 0 0 0 0 0
   7     264 loop33 13 0 104 5 0 0 0 0 0 20 0 0 0 0 0
   7     272 loop34 12 0 96 4 0 0 0 0 0 28 0 0 0 0 0
   7     280 loop35 12 0 96 4 0 0 0 0 0 20 0 0 0 0 0
   7     288 loop36 46 0 5560 36 0 0 0 0 0 64 0 0 0 0 0
   7     296 loop37 10 0 80 4 0 0 0 0 0 20 0 0 0 0 0
   7     304 loop38 17 0 136 8 0 0 0 0 0 20 0 0 0 0 0
   7     312 loop39 18 0 144 7 0 0 0 0 0 24 0 0 0 0 0
 253       8 dm-8 0 0 0 0 0 0 0 0 0 0 0 0 0 0 0
 253       9 dm-9 8 0 64 8 0 0 0 0 0 24 8 0 0 0 0
 253      10 dm-10 11 0 88 4 0 0 0 0 0 16 4 0 0 0 0
 253      11 dm-11 15 0 120 4 0 0 0 0 0 36 4 0 0 0 0
 253      12 dm-12 0 0 0 0 0 0 0 0 0 0 0 0 0 0 0
 253      13 dm-13 8 0 64 4 0 0 0 0 0 16 4 0 0 0 0
 253      14 dm-14 0 0 0 0 0 0 0 0 0 0 0 0 0 0 0
 253      15 dm-15 8 0 64 0 0 0 0 0 0 16 0 0 0 0 0
 253      16 dm-16 0 0 0 0 0 0 0 0 0 0 0 0 0 0 0
 253      17 dm-17 0 0 0 0 0 0 0 0 0 0 0 0 0 0 0
 253      18 dm-18 5 0 40 4 0 0 0 0 0 12 4 0 0 0 0
 253      19 dm-19 9 0 72 8 0 0 0 0 0 20 8 0 0 0 0
 253      20 dm-20 14 0 112 0 0 0 0 0 0 16 0 0 0 0 0
 253      21 dm-21 8 0 64 0 0 0 0 0 0 20 0 0 0 0 0
 253      22 dm-22 8 0 64 12 0 0 0 0 0 36 12 0 0 0 0
 253      23 dm-23 0 0 0 0 0 0 0 0 0 0 0 0 0 0 0
 253      24 dm-24 8 0 64 4 0 0 0 0 0 16 4 0 0 0 0
 253      25 dm-25 5 0 40 8 0 0 0 0 0 20 8 0 0 0 0
 253      26 dm-26 7 0 56 8 0 0 0 0 0 16 8 0 0 0 0
 253      27 dm-27 0 0 0 0 0 0 0 0 0 0 0 0 0 0 0
 253      28 dm-28 9 0 72 8 0 0 0 0 0 20 8 0 0 0 0
 253      29 dm-29 0 0 0 0 0 0 0 0 0 0 0 0 0 0 0
 253      30 dm-30 0 0 0 0 0 0 0 0 0 0 0 0 0 0 0
 253      31 dm-31 0 0 0 0 0 0 0 0 0 0 0 0 0 0 0
 253      32 dm-32 12 0 96 4 0 0 0 0 0 28 4 0 0 0 0
 253      33 dm-33 0 0 0 0 0 0 0 0 0 0 0 0 0 0 0
 253      34 dm-34 7 0 56 12 0 0 0 0 0 24 12 0 0 0 0
 253      35 dm-35 8 0 64 24 0 0 0 0 0 36 24 0 0 0 0
 253      36 dm-36 17 0 136 20 0 0 0 0 0 40 20 0 0 0 0
 253      37 dm-37 0 0 0 0 0 0 0 0 0 0 0 0 0 0 0
 253      38 dm-38 8 0 64 4 0 0 0 0 0 32 4 0 0 0 0
 253      39 dm-39 8 0 64 12 0 0 0 0 0 32 12 0 0 0 0
 253      40 dm-40 0 0 0 0 0 0 0 0 0 0 0 0 0 0 0
 253      41 dm-41 0 0 0 0 0 0 0 0 0 0 0 0 0 0 0
 253      42 dm-42 0 0 0 0 0 0 0 0 0 0 0 0 0 0 0
 253      43 dm-43 947 0 16704 2376 27 0 24 4 0 652 2380 0 0 0 0

822
   1       0 ram0 0 0 0 0 0 0 0 0 0 0 0 0 0 0 0
   1       1 ram1 0 0 0 0 0 0 0 0 0 0 0 0 0 0 0
   1       2 ram2 0 0 0 0 0 0 0 0 0 0 0 0 0 0 0
   1       3 ram3 0 0 0 0 0 0 0 0 0 0 0 0 0 0 0
   1       4 ram4 0 0 0 0 0 0 0 0 0 0 0 0 0 0 0
   1       5 ram5 0 0 0 0 0 0 0 0 0 0 0 0 0 0 0
   1       6 ram6 0 0 0 0 0 0 0 0 0 0 0 0 0 0 0
   1       7 ram7 0 0 0 0 0 0 0 0 0 0 0 0 0 0 0
   1       8 ram8 0 0 0 0 0 0 0 0 0 0 0 0 0 0 0
   1       9 ram9 0 0 0 0 0 0 0 0 0 0 0 0 0 0 0
   1      10 ram10 0 0 0 0 0 0 0 0 0 0 0 0 0 0 0
   1      11 ram11 0 0 0 0 0 0 0 0 0 0 0 0 0 0 0
   1      12 ram12 0 0 0 0 0 0 0 0 0 0 0 0 0 0 0
   1      13 ram13 0 0 0 0 0 0 0 0 0 0 0 0 0 0 0
   1      14 ram14 0 0 0 0 0 0 0 0 0 0 0 0 0 0 0
   1      15 ram15 0 0 0 0 0 0 0 0 0 0 0 0 0 0 0
   7       0 loop0 183 0 16168 352 0 0 0 0 0 344 116 0 0 0 0
   7       8 loop1 70 0 9008 122 0 0 0 0 0 136 32 0 0 0 0
   7      16 loop2 27 0 216 13 0 0 0 0 0 32 0 0 0 0 0
   7      24 loop3 12 0 296 8 0 0 0 0 0 32 0 0 0 0 0
   7      32 loop4 36 1 3040 29 0 0 0 0 0 56 0 0 0 0 0
   7      40 loop5 8 0 64 7 0 0 0 0 0 36 0 0 0 0 0
   7      48 loop6 7 0 56 3 0 0 0 0 0 20 0 0 0 0 0
   7      56 loop7 11 0 88 5 0 0 0 0 0 48 0 0 0 0 0
   7      64 loop8 23 0 1384 16 0 0 0 0 0 92 0 0 0 0 0
   7      72 loop9 47 0 384 45 0 0 0 0 0 48 4 0 0 0 0
   7      80 loop10 24 0 192 17 0 0 0 0 0 28 0 0 0 0 0
   7      88 loop11 10 0 80 7 0 0 0 0 0 44 0 0 0 0 0
   7      96 loop12 105 1 8464 59 0 0 0 0 2 152 0 0 0 0 0
   7     104 loop13 27 0 216 48 0 0 0 0 0 44 8 0 0 0 0
   7     112 loop14 9 0 72 6 0 0 0 0 0 32 0 0 0 0 0
   7     120 loop15 15 0 152 9 0 0 0 0 0 60 0 0 0 0 0
 254       0 zram0 0 0 0 0 0 0 0 0 0 0 0 0 0 0 0
 179       0 mmcblk0 2020 1821 144350 1721 12 0 48 14 0 1592 376 0 0 0 0
 179       1 mmcblk0p1 0 0 0 0 0 0 0 0 0 0 0 0 0 0 0
 179       2 mmcblk0p2 0 0 0 0 0 0 0 0 0 0 0 0 0 0 0
 179       3 mmcblk0p3 0 0 0 0 0 0 0 0 0 0 0 0 0 0 0
 179       4 mmcblk0p4 16 0 146 3 1 0 8 0 0 12 0 0 0 0 0
 179       5 mmcblk0p5 0 0 0 0 0 0 0 0 0 0 0 0 0 0 0
 179       6 mmcblk0p6 0 0 0 0 0 0 0 0 0 0 0 0 0 0 0
 179       7 mmcblk0p7 0 0 0 0 0 0 0 0 0 0 0 0 0 0 0
 179       8 mmcblk0p8 0 0 0 0 0 0 0 0 0 0 0 0 0 0 0
 179       9 mmcblk0p9 0 0 0 0 0 0 0 0 0 0 0 0 0 0 0
 179      10 mmcblk0p10 0 0 0 0 0 0 0 0 0 0 0 0 0 0 0
 179      11 mmcblk0p11 0 0 0 0 0 0 0 0 0 0 0 0 0 0 0
 179      12 mmcblk0p12 0 0 0 0 0 0 0 0 0 0 0 0 0 0 0
 179      13 mmcblk0p13 0 0 0 0 0 0 0 0 0 0 0 0 0 0 0
 179      14 mmcblk0p14 0 0 0 0 0 0 0 0 0 0 0 0 0 0 0
 179      15 mmcblk0p15 0 0 0 0 0 0 0 0 0 0 0 0 0 0 0
 179      16 mmcblk0p16 0 0 0 0 0 0 0 0 0 0 0 0 0 0 0
 179      17 mmcblk0p17 0 0 0 0 0 0 0 0 0 0 0 0 0 0 0
 179      18 mmcblk0p18 0 0 0 0 0 0 0 0 0 0 0 0 0 0 0
 179      19 mmcblk0p19 0 0 0 0 0 0 0 0 0 0 0 0 0 0 0
 179      20 mmcblk0p20 0 0 0 0 0 0 0 0 0 0 0 0 0 0 0
 179      21 mmcblk0p21 54 57 111 17 0 0 0 0 0 28 0 0 0 0 0
 179      22 mmcblk0p22 0 0 0 0 0 0 0 0 0 0 0 0 0 0 0
 179      23 mmcblk0p23 33 6 330 14 0 0 0 0 0 12 0 0 0 0 0
 179      24 mmcblk0p24 0 0 0 0 0 0 0 0 0 0 0 0 0 0 0
 179      25 mmcblk0p25 0 0 0 0 0 0 0 0 0 0 0 0 0 0 0
 179      26 mmcblk0p26 0 0 0 0 0 0 0 0 0 0 0 0 0 0 0
 179      27 mmcblk0p27 0 0 0 0 0 0 0 0 0 0 0 0 0 0 0
 179      28 mmcblk0p28 0 0 0 0 0 0 0 0 0 0 0 0 0 0 0
 179      29 mmcblk0p29 0 0 0 0 0 0 0 0 0 0 0 0 0 0 0
 179      30 mmcblk0p30 0 0 0 0 0 0 0 0 0 0 0 0 0 0 0
 179      31 mmcblk0p31 0 0 0 0 0 0 0 0 0 0 0 0 0 0 0
 259       0 mmcblk0p32 9 0 65 1 0 0 0 0 0 12 0 0 0 0 0
 259       1 mmcblk0p33 0 0 0 0 0 0 0 0 0 0 0 0 0 0 0
 259       2 mmcblk0p34 0 0 0 0 0 0 0 0 0 0 0 0 0 0 0
 259       3 mmcblk0p35 0 0 0 0 0 0 0 0 0 0 0 0 0 0 0
 259       4 mmcblk0p36 0 0 0 0 0 0 0 0 0 0 0 0 0 0 0
 259       5 mmcblk0p37 0 0 0 0 0 0 0 0 0 0 0 0 0 0 0
 259       6 mmcblk0p38 0 0 0 0 0 0 0 0 0 0 0 0 0 0 0
 259       7 mmcblk0p39 0 0 0 0 0 0 0 0 0 0 0 0 0 0 0
 259       8 mmcblk0p40 0 0 0 0 0 0 0 0 0 0 0 0 0 0 0
 259       9 mmcblk0p41 0 0 0 0 0 0 0 0 0 0 0 0 0 0 0
 259      10 mmcblk0p42 0 0 0 0 0 0 0 0 0 0 0 0 0 0 0
 259      11 mmcblk0p43 0 0 0 0 0 0 0 0 0 0 0 0 0 0 0
 259      12 mmcblk0p44 0 0 0 0 0 0 0 0 0 0 0 0 0 0 0
 259      13 mmcblk0p45 0 0 0 0 0 0 0 0 0 0 0 0 0 0 0
 259      14 mmcblk0p46 0 0 0 0 0 0 0 0 0 0 0 0 0 0 0
 259      15 mmcblk0p47 0 0 0 0 0 0 0 0 0 0 0 0 0 0 0
 259      16 mmcblk0p48 0 0 0 0 0 0 0 0 0 0 0 0 0 0 0
 259      17 mmcblk0p49 0 0 0 0 0 0 0 0 0 0 0 0 0 0 0
 259      18 mmcblk0p50 0 0 0 0 0 0 0 0 0 0 0 0 0 0 0
 259      19 mmcblk0p51 0 0 0 0 0 0 0 0 0 0 0 0 0 0 0
 259      20 mmcblk0p52 0 0 0 0 0 0 0 0 0 0 0 0 0 0 0
 259      21 mmcblk0p53 0 0 0 0 0 0 0 0 0 0 0 0 0 0 0
 259      22 mmcblk0p54 0 0 0 0 0 0 0 0 0 0 0 0 0 0 0
 259      23 mmcblk0p55 0 0 0 0 0 0 0 0 0 0 0 0 0 0 0
 259      24 mmcblk0p56 0 0 0 0 0 0 0 0 0 0 0 0 0 0 0
 259      25 mmcblk0p57 0 0 0 0 0 0 0 0 0 0 0 0 0 0 0
 259      26 mmcblk0p58 0 0 0 0 0 0 0 0 0 0 0 0 0 0 0
 259      27 mmcblk0p59 0 0 0 0 0 0 0 0 0 0 0 0 0 0 0
 259      28 mmcblk0p60 0 0 0 0 0 0 0 0 0 0 0 0 0 0 0
 259      29 mmcblk0p61 0 0 0 0 0 0 0 0 0 0 0 0 0 0 0
 259      30 mmcblk0p62 0 0 0 0 0 0 0 0 0 0 0 0 0 0 0
 259      31 mmcblk0p63 0 0 0 0 0 0 0 0 0 0 0 0 0 0 0
 259      32 mmcblk0p64 0 0 0 0 0 0 0 0 0 0 0 0 0 0 0
 259      33 mmcblk0p65 0 0 0 0 0 0 0 0 0 0 0 0 0 0 0
 259      34 mmcblk0p66 0 0 0 0 0 0 0 0 0 0 0 0 0 0 0
 259      35 mmcblk0p67 1851 1758 140712 1643 0 0 0 0 0 1520 360 0 0 0 0
 259      36 mmcblk0p68 1 0 128 1 0 0 0 0 0 4 0 0 0 0 0
 259      37 mmcblk0p69 0 0 0 0 0 0 0 0 0 0 0 0 0 0 0
 259      38 mmcblk0p70 0 0 0 0 0 0 0 0 0 0 0 0 0 0 0
 259      39 mmcblk0p71 0 0 0 0 0 0 0 0 0 0 0 0 0 0 0
 259      40 mmcblk0p72 47 0 2666 36 5 0 40 12 0 64 16 0 0 0 0
 259      41 mmcblk0p73 1 0 128 1 0 0 0 0 0 4 0 0 0 0 0
 259      42 mmcblk0p74 0 0 0 0 0 0 0 0 0 0 0 0 0 0 0
 259      43 mmcblk0p75 0 0 0 0 0 0 0 0 0 0 0 0 0 0 0
 259      44 mmcblk0p76 0 0 0 0 0 0 0 0 0 0 0 0 0 0 0
 259      45 mmcblk0p77 0 0 0 0 0 0 0 0 0 0 0 0 0 0 0
 259      46 mmcblk0p78 0 0 0 0 0 0 0 0 0 0 0 0 0 0 0
 259      47 mmcblk0p79 0 0 0 0 0 0 0 0 0 0 0 0 0 0 0
 259      48 mmcblk0p80 0 0 0 0 0 0 0 0 0 0 0 0 0 0 0
 253       0 dm-0 166 0 1352 352 0 0 0 0 0 56 352 0 0 0 0
 253       1 dm-1 2367 0 117664 3760 0 0 0 0 0 1492 3760 0 0 0 0
 253       2 dm-2 733 0 23512 1024 0 0 0 0 0 568 1024 0 0 0 0
 253       3 dm-3 1043 0 31344 1204 0 0 0 0 0 696 1204 0 0 0 0
 253       4 dm-4 1256 0 108776 1564 0 0 0 0 0 1504 1564 0 0 0 0
 253       5 dm-5 485 0 21528 628 0 0 0 0 0 588 628 0 0 0 0
 253       6 dm-6 548 0 27384 428 0 0 0 0 0 696 428 0 0 0 0
 253       7 dm-7 37 0 320 36 0 0 0 0 0 56 36 0 0 0 0
   7     128 loop16 9 0 72 15 0 0 0 0 0 40 8 0 0 0 0
   7     136 loop17 27 0 216 27 0 0 0 0 0 32 0 0 0 0 0
   7     144 loop18 12 0 120 14 0 0 0 0 0 40 4 0 0 0 0
   7     152 loop19 24 0 192 26 0 0 0 0 0 28 0 0 0 0 0
   7     160 loop20 14 0 112 10 0 0 0 0 0 44 4 0 0 0 0
   7     168 loop21 14 0 112 5 0 0 0 0 0 40 0 0 0 0 0
   7     176 loop22 12 0 96 6 0 0 0 0 0 40 0 0 0 0 0
   7     184 loop23 24 0 192 11 0 0 0 0 0 48 0 0 0 0 0
   7     192 loop24 14 0 112 12 0 0 0 0 0 40 4 0 0 0 0
   7     200 loop25 16 0 128 6 0 0 0 0 0 36 0 0 0 0 0
   7     208 loop26 11 0 88 4 0 0 0 0 0 20 0 0 0 0 0
   7     216 loop27 9 0 72 4 0 0 0 0 0 20 0 0 0 0 0
   7     224 loop28 13 0 104 5 0 0 0 0 0 48 0 0 0 0 0
   7     232 loop29 14 0 112 10 0 0 0 0 0 28 0 0 0 0 0
   7     240 loop30 16 0 128 6 0 0 0 0 0 36 0 0 0 0 0
   7     248 loop31 19 0 152 8 0 0 0 0 0 44 0 0 0 0 0
   7     256 loop32 9 0 72 4 0 0 0 0 0 20 0 0 0 0 0
   7     264 loop33 16 0 128 6 0 0 0 0 0 32 0 0 0 0 0
   7     272 loop34 15 0 120 6 0 0 0 0 0 44 0 0 0 0 0
   7     280 loop35 15 0 120 5 0 0 0 0 0 32 0 0 0 0 0
   7     288 loop36 46 0 5560 36 0 0 0 0 0 64 0 0 0 0 0
   7     296 loop37 13 0 104 5 0 0 0 0 0 32 0 0 0 0 0
   7     304 loop38 20 0 160 9 0 0 0 0 0 32 0 0 0 0 0
   7     312 loop39 18 0 144 7 0 0 0 0 0 24 0 0 0 0 0
 253       8 dm-8 0 0 0 0 0 0 0 0 0 0 0 0 0 0 0
 253       9 dm-9 11 0 88 12 0 0 0 0 0 40 12 0 0 0 0
 253      10 dm-10 14 0 112 4 0 0 0 0 0 28 4 0 0 0 0
 253      11 dm-11 87 0 8688 72 0 0 0 0 1 152 72 0 0 0 0
 253      12 dm-12 0 0 0 0 0 0 0 0 0 0 0 0 0 0 0
 253      13 dm-13 11 0 88 4 0 0 0 0 0 28 4 0 0 0 0
 253      14 dm-14 0 0 0 0 0 0 0 0 0 0 0 0 0 0 0
 253      15 dm-15 11 0 88 0 0 0 0 0 0 28 0 0 0 0 0
 253      16 dm-16 0 0 0 0 0 0 0 0 0 0 0 0 0 0 0
 253      17 dm-17 0 0 0 0 0 0 0 0 0 0 0 0 0 0 0
 253      18 dm-18 5 0 40 4 0 0 0 0 0 12 4 0 0 0 0
 253      19 dm-19 9 0 72 8 0 0 0 0 0 20 8 0 0 0 0
 253      20 dm-20 14 0 112 0 0 0 0 0 0 16 0 0 0 0 0
 253      21 dm-21 11 0 88 0 0 0 0 0 0 32 0 0 0 0 0
 253      22 dm-22 11 0 88 16 0 0 0 0 0 52 16 0 0 0 0
 253      23 dm-23 0 0 0 0 0 0 0 0 0 0 0 0 0 0 0
 253      24 dm-24 11 0 88 4 0 0 0 0 0 28 4 0 0 0 0
 253      25 dm-25 5 0 40 8 0 0 0 0 0 20 8 0 0 0 0
 253      26 dm-26 7 0 56 8 0 0 0 0 0 16 8 0 0 0 0
 253      27 dm-27 0 0 0 0 0 0 0 0 0 0 0 0 0 0 0
 253      28 dm-28 12 0 96 8 0 0 0 0 0 32 8 0 0 0 0
 253      29 dm-29 0 0 0 0 0 0 0 0 0 0 0 0 0 0 0
 253      30 dm-30 0 0 0 0 0 0 0 0 0 0 0 0 0 0 0
 253      31 dm-31 0 0 0 0 0 0 0 0 0 0 0 0 0 0 0
 253      32 dm-32 15 0 120 4 0 0 0 0 0 40 4 0 0 0 0
 253      33 dm-33 0 0 0 0 0 0 0 0 0 0 0 0 0 0 0
 253      34 dm-34 10 0 80 12 0 0 0 0 0 36 12 0 0 0 0
 253      35 dm-35 8 0 64 24 0 0 0 0 0 36 24 0 0 0 0
 253      36 dm-36 19 0 152 20 0 0 0 0 0 48 20 0 0 0 0
 253      37 dm-37 0 0 0 0 0 0 0 0 0 0 0 0 0 0 0
 253      38 dm-38 10 0 80 4 0 0 0 0 0 40 4 0 0 0 0
 253      39 dm-39 10 0 80 12 0 0 0 0 0 40 12 0 0 0 0
 253      40 dm-40 0 0 0 0 0 0 0 0 0 0 0 0 0 0 0
 253      41 dm-41 0 0 0 0 0 0 0 0 0 0 0 0 0 0 0
 253      42 dm-42 0 0 0 0 0 0 0 0 0 0 0 0 0 0 0
 253      43 dm-43 1076 0 25736 2448 27 0 24 4 0 804 2452 0 0 0 0

845
   1       0 ram0 0 0 0 0 0 0 0 0 0 0 0 0 0 0 0
   1       1 ram1 0 0 0 0 0 0 0 0 0 0 0 0 0 0 0
   1       2 ram2 0 0 0 0 0 0 0 0 0 0 0 0 0 0 0
   1       3 ram3 0 0 0 0 0 0 0 0 0 0 0 0 0 0 0
   1       4 ram4 0 0 0 0 0 0 0 0 0 0 0 0 0 0 0
   1       5 ram5 0 0 0 0 0 0 0 0 0 0 0 0 0 0 0
   1       6 ram6 0 0 0 0 0 0 0 0 0 0 0 0 0 0 0
   1       7 ram7 0 0 0 0 0 0 0 0 0 0 0 0 0 0 0
   1       8 ram8 0 0 0 0 0 0 0 0 0 0 0 0 0 0 0
   1       9 ram9 0 0 0 0 0 0 0 0 0 0 0 0 0 0 0
   1      10 ram10 0 0 0 0 0 0 0 0 0 0 0 0 0 0 0
   1      11 ram11 0 0 0 0 0 0 0 0 0 0 0 0 0 0 0
   1      12 ram12 0 0 0 0 0 0 0 0 0 0 0 0 0 0 0
   1      13 ram13 0 0 0 0 0 0 0 0 0 0 0 0 0 0 0
   1      14 ram14 0 0 0 0 0 0 0 0 0 0 0 0 0 0 0
   1      15 ram15 0 0 0 0 0 0 0 0 0 0 0 0 0 0 0
   7       0 loop0 183 0 16168 352 0 0 0 0 0 344 116 0 0 0 0
   7       8 loop1 70 0 9008 122 0 0 0 0 0 136 32 0 0 0 0
   7      16 loop2 27 0 216 13 0 0 0 0 0 32 0 0 0 0 0
   7      24 loop3 12 0 296 8 0 0 0 0 0 32 0 0 0 0 0
   7      32 loop4 36 1 3040 29 0 0 0 0 0 56 0 0 0 0 0
   7      40 loop5 12 0 432 10 0 0 0 0 0 40 0 0 0 0 0
   7      48 loop6 7 0 56 3 0 0 0 0 0 20 0 0 0 0 0
   7      56 loop7 16 0 432 8 0 0 0 0 0 60 0 0 0 0 0
   7      64 loop8 25 0 1408 16 0 0 0 0 0 96 0 0 0 0 0
   7      72 loop9 47 0 384 45 0 0 0 0 0 48 4 0 0 0 0
   7      80 loop10 24 0 192 17 0 0 0 0 0 28 0 0 0 0 0
   7      88 loop11 16 0 256 10 0 0 0 0 0 56 0 0 0 0 0
   7      96 loop12 151 2 13504 90 0 0 0 0 0 208 0 0 0 0 0
   7     104 loop13 27 0 216 48 0 0 0 0 0 44 8 0 0 0 0
   7     112 loop14 12 0 240 7 0 0 0 0 0 36 0 0 0 0 0
   7     120 loop15 20 0 408 12 0 0 0 0 0 68 0 0 0 0 0
 254       0 zram0 0 0 0 0 0 0 0 0 0 0 0 0 0 0 0
 179       0 mmcblk0 2020 1821 144350 1721 12 0 48 14 0 1592 376 0 0 0 0
 179       1 mmcblk0p1 0 0 0 0 0 0 0 0 0 0 0 0 0 0 0
 179       2 mmcblk0p2 0 0 0 0 0 0 0 0 0 0 0 0 0 0 0
 179       3 mmcblk0p3 0 0 0 0 0 0 0 0 0 0 0 0 0 0 0
 179       4 mmcblk0p4 16 0 146 3 1 0 8 0 0 12 0 0 0 0 0
 179       5 mmcblk0p5 0 0 0 0 0 0 0 0 0 0 0 0 0 0 0
 179       6 mmcblk0p6 0 0 0 0 0 0 0 0 0 0 0 0 0 0 0
 179       7 mmcblk0p7 0 0 0 0 0 0 0 0 0 0 0 0 0 0 0
 179       8 mmcblk0p8 0 0 0 0 0 0 0 0 0 0 0 0 0 0 0
 179       9 mmcblk0p9 0 0 0 0 0 0 0 0 0 0 0 0 0 0 0
 179      10 mmcblk0p10 0 0 0 0 0 0 0 0 0 0 0 0 0 0 0
 179      11 mmcblk0p11 0 0 0 0 0 0 0 0 0 0 0 0 0 0 0
 179      12 mmcblk0p12 0 0 0 0 0 0 0 0 0 0 0 0 0 0 0
 179      13 mmcblk0p13 0 0 0 0 0 0 0 0 0 0 0 0 0 0 0
 179      14 mmcblk0p14 0 0 0 0 0 0 0 0 0 0 0 0 0 0 0
 179      15 mmcblk0p15 0 0 0 0 0 0 0 0 0 0 0 0 0 0 0
 179      16 mmcblk0p16 0 0 0 0 0 0 0 0 0 0 0 0 0 0 0
 179      17 mmcblk0p17 0 0 0 0 0 0 0 0 0 0 0 0 0 0 0
 179      18 mmcblk0p18 0 0 0 0 0 0 0 0 0 0 0 0 0 0 0
 179      19 mmcblk0p19 0 0 0 0 0 0 0 0 0 0 0 0 0 0 0
 179      20 mmcblk0p20 0 0 0 0 0 0 0 0 0 0 0 0 0 0 0
 179      21 mmcblk0p21 54 57 111 17 0 0 0 0 0 28 0 0 0 0 0
 179      22 mmcblk0p22 0 0 0 0 0 0 0 0 0 0 0 0 0 0 0
 179      23 mmcblk0p23 33 6 330 14 0 0 0 0 0 12 0 0 0 0 0
 179      24 mmcblk0p24 0 0 0 0 0 0 0 0 0 0 0 0 0 0 0
 179      25 mmcblk0p25 0 0 0 0 0 0 0 0 0 0 0 0 0 0 0
 179      26 mmcblk0p26 0 0 0 0 0 0 0 0 0 0 0 0 0 0 0
 179      27 mmcblk0p27 0 0 0 0 0 0 0 0 0 0 0 0 0 0 0
 179      28 mmcblk0p28 0 0 0 0 0 0 0 0 0 0 0 0 0 0 0
 179      29 mmcblk0p29 0 0 0 0 0 0 0 0 0 0 0 0 0 0 0
 179      30 mmcblk0p30 0 0 0 0 0 0 0 0 0 0 0 0 0 0 0
 179      31 mmcblk0p31 0 0 0 0 0 0 0 0 0 0 0 0 0 0 0
 259       0 mmcblk0p32 9 0 65 1 0 0 0 0 0 12 0 0 0 0 0
 259       1 mmcblk0p33 0 0 0 0 0 0 0 0 0 0 0 0 0 0 0
 259       2 mmcblk0p34 0 0 0 0 0 0 0 0 0 0 0 0 0 0 0
 259       3 mmcblk0p35 0 0 0 0 0 0 0 0 0 0 0 0 0 0 0
 259       4 mmcblk0p36 0 0 0 0 0 0 0 0 0 0 0 0 0 0 0
 259       5 mmcblk0p37 0 0 0 0 0 0 0 0 0 0 0 0 0 0 0
 259       6 mmcblk0p38 0 0 0 0 0 0 0 0 0 0 0 0 0 0 0
 259       7 mmcblk0p39 0 0 0 0 0 0 0 0 0 0 0 0 0 0 0
 259       8 mmcblk0p40 0 0 0 0 0 0 0 0 0 0 0 0 0 0 0
 259       9 mmcblk0p41 0 0 0 0 0 0 0 0 0 0 0 0 0 0 0
 259      10 mmcblk0p42 0 0 0 0 0 0 0 0 0 0 0 0 0 0 0
 259      11 mmcblk0p43 0 0 0 0 0 0 0 0 0 0 0 0 0 0 0
 259      12 mmcblk0p44 0 0 0 0 0 0 0 0 0 0 0 0 0 0 0
 259      13 mmcblk0p45 0 0 0 0 0 0 0 0 0 0 0 0 0 0 0
 259      14 mmcblk0p46 0 0 0 0 0 0 0 0 0 0 0 0 0 0 0
 259      15 mmcblk0p47 0 0 0 0 0 0 0 0 0 0 0 0 0 0 0
 259      16 mmcblk0p48 0 0 0 0 0 0 0 0 0 0 0 0 0 0 0
 259      17 mmcblk0p49 0 0 0 0 0 0 0 0 0 0 0 0 0 0 0
 259      18 mmcblk0p50 0 0 0 0 0 0 0 0 0 0 0 0 0 0 0
 259      19 mmcblk0p51 0 0 0 0 0 0 0 0 0 0 0 0 0 0 0
 259      20 mmcblk0p52 0 0 0 0 0 0 0 0 0 0 0 0 0 0 0
 259      21 mmcblk0p53 0 0 0 0 0 0 0 0 0 0 0 0 0 0 0
 259      22 mmcblk0p54 0 0 0 0 0 0 0 0 0 0 0 0 0 0 0
 259      23 mmcblk0p55 0 0 0 0 0 0 0 0 0 0 0 0 0 0 0
 259      24 mmcblk0p56 0 0 0 0 0 0 0 0 0 0 0 0 0 0 0
 259      25 mmcblk0p57 0 0 0 0 0 0 0 0 0 0 0 0 0 0 0
 259      26 mmcblk0p58 0 0 0 0 0 0 0 0 0 0 0 0 0 0 0
 259      27 mmcblk0p59 0 0 0 0 0 0 0 0 0 0 0 0 0 0 0
 259      28 mmcblk0p60 0 0 0 0 0 0 0 0 0 0 0 0 0 0 0
 259      29 mmcblk0p61 0 0 0 0 0 0 0 0 0 0 0 0 0 0 0
 259      30 mmcblk0p62 0 0 0 0 0 0 0 0 0 0 0 0 0 0 0
 259      31 mmcblk0p63 0 0 0 0 0 0 0 0 0 0 0 0 0 0 0
 259      32 mmcblk0p64 0 0 0 0 0 0 0 0 0 0 0 0 0 0 0
 259      33 mmcblk0p65 0 0 0 0 0 0 0 0 0 0 0 0 0 0 0
 259      34 mmcblk0p66 0 0 0 0 0 0 0 0 0 0 0 0 0 0 0
 259      35 mmcblk0p67 1851 1758 140712 1643 0 0 0 0 0 1520 360 0 0 0 0
 259      36 mmcblk0p68 1 0 128 1 0 0 0 0 0 4 0 0 0 0 0
 259      37 mmcblk0p69 0 0 0 0 0 0 0 0 0 0 0 0 0 0 0
 259      38 mmcblk0p70 0 0 0 0 0 0 0 0 0 0 0 0 0 0 0
 259      39 mmcblk0p71 0 0 0 0 0 0 0 0 0 0 0 0 0 0 0
 259      40 mmcblk0p72 47 0 2666 36 5 0 40 12 0 64 16 0 0 0 0
 259      41 mmcblk0p73 1 0 128 1 0 0 0 0 0 4 0 0 0 0 0
 259      42 mmcblk0p74 0 0 0 0 0 0 0 0 0 0 0 0 0 0 0
 259      43 mmcblk0p75 0 0 0 0 0 0 0 0 0 0 0 0 0 0 0
 259      44 mmcblk0p76 0 0 0 0 0 0 0 0 0 0 0 0 0 0 0
 259      45 mmcblk0p77 0 0 0 0 0 0 0 0 0 0 0 0 0 0 0
 259      46 mmcblk0p78 0 0 0 0 0 0 0 0 0 0 0 0 0 0 0
 259      47 mmcblk0p79 0 0 0 0 0 0 0 0 0 0 0 0 0 0 0
 259      48 mmcblk0p80 0 0 0 0 0 0 0 0 0 0 0 0 0 0 0
 253       0 dm-0 166 0 1352 352 0 0 0 0 0 56 352 0 0 0 0
 253       1 dm-1 2454 0 122048 3784 0 0 0 0 0 1568 3784 0 0 0 0
 253       2 dm-2 733 0 23512 1024 0 0 0 0 0 568 1024 0 0 0 0
 253       3 dm-3 1043 0 31344 1204 0 0 0 0 0 696 1204 0 0 0 0
 253       4 dm-4 1324 0 113008 1584 0 0 0 0 0 1580 1584 0 0 0 0
 253       5 dm-5 485 0 21528 628 0 0 0 0 0 588 628 0 0 0 0
 253       6 dm-6 548 0 27384 428 0 0 0 0 0 696 428 0 0 0 0
 253       7 dm-7 37 0 320 36 0 0 0 0 0 56 36 0 0 0 0
   7     128 loop16 12 0 144 16 0 0 0 0 0 44 8 0 0 0 0
   7     136 loop17 27 0 216 27 0 0 0 0 0 32 0 0 0 0 0
   7     144 loop18 12 0 120 14 0 0 0 0 0 40 4 0 0 0 0
   7     152 loop19 24 0 192 26 0 0 0 0 0 28 0 0 0 0 0
   7     160 loop20 17 0 280 11 0 0 0 0 0 48 4 0 0 0 0
   7     168 loop21 17 0 288 6 0 0 0 0 0 44 0 0 0 0 0
   7     176 loop22 12 0 96 6 0 0 0 0 0 40 0 0 0 0 0
   7     184 loop23 27 0 376 12 0 0 0 0 0 56 0 0 0 0 0
   7     192 loop24 20 1 472 15 0 0 0 0 0 52 4 0 0 0 0
   7     200 loop25 28 0 736 11 0 0 0 0 0 48 0 0 0 0 0
   7     208 loop26 11 0 88 4 0 0 0 0 0 20 0 0 0 0 0
   7     216 loop27 9 0 72 4 0 0 0 0 0 20 0 0 0 0 0
   7     224 loop28 17 0 296 7 0 0 0 0 0 56 0 0 0 0 0
   7     232 loop29 14 0 112 10 0 0 0 0 0 28 0 0 0 0 0
   7     240 loop30 20 0 312 7 0 0 0 0 0 48 0 0 0 0 0
   7     248 loop31 25 0 384 10 0 0 0 0 0 56 0 0 0 0 0
   7     256 loop32 9 0 72 4 0 0 0 0 0 20 0 0 0 0 0
   7     264 loop33 23 1 496 9 0 0 0 0 0 44 0 0 0 0 0
   7     272 loop34 22 0 480 8 0 0 0 0 0 52 0 0 0 0 0
   7     280 loop35 21 0 472 8 0 0 0 0 0 44 0 0 0 0 0
   7     288 loop36 46 0 5560 36 0 0 0 0 0 64 0 0 0 0 0
   7     296 loop37 17 0 224 6 0 0 0 0 0 40 0 0 0 0 0
   7     304 loop38 33 0 832 15 0 0 0 0 0 44 0 0 0 0 0
   7     312 loop39 18 0 144 7 0 0 0 0 0 24 0 0 0 0 0
 253       8 dm-8 0 0 0 0 0 0 0 0 0 0 0 0 0 0 0
 253       9 dm-9 17 0 440 12 0 0 0 0 0 48 12 0 0 0 0
 253      10 dm-10 24 0 760 8 0 0 0 0 0 40 8 0 0 0 0
 253      11 dm-11 117 0 13216 112 0 0 0 0 0 212 112 0 0 0 0
 253      12 dm-12 0 0 0 0 0 0 0 0 0 0 0 0 0 0 0
 253      13 dm-13 16 0 432 8 0 0 0 0 0 40 8 0 0 0 0
 253      14 dm-14 0 0 0 0 0 0 0 0 0 0 0 0 0 0 0
 253      15 dm-15 16 0 432 0 0 0 0 0 0 40 0 0 0 0 0
 253      16 dm-16 0 0 0 0 0 0 0 0 0 0 0 0 0 0 0
 253      17 dm-17 0 0 0 0 0 0 0 0 0 0 0 0 0 0 0
 253      18 dm-18 5 0 40 4 0 0 0 0 0 12 4 0 0 0 0
 253      19 dm-19 9 0 72 8 0 0 0 0 0 20 8 0 0 0 0
 253      20 dm-20 14 0 112 0 0 0 0 0 0 16 0 0 0 0 0
 253      21 dm-21 15 0 272 4 0 0 0 0 0 44 4 0 0 0 0
 253      22 dm-22 15 0 280 16 0 0 0 0 0 60 16 0 0 0 0
 253      23 dm-23 0 0 0 0 0 0 0 0 0 0 0 0 0 0 0
 253      24 dm-24 15 0 208 4 0 0 0 0 0 36 4 0 0 0 0
 253      25 dm-25 5 0 40 8 0 0 0 0 0 20 8 0 0 0 0
 253      26 dm-26 7 0 56 8 0 0 0 0 0 16 8 0 0 0 0
 253      27 dm-27 0 0 0 0 0 0 0 0 0 0 0 0 0 0 0
 253      28 dm-28 23 0 696 12 0 0 0 0 0 44 12 0 0 0 0
 253      29 dm-29 0 0 0 0 0 0 0 0 0 0 0 0 0 0 0
 253      30 dm-30 0 0 0 0 0 0 0 0 0 0 0 0 0 0 0
 253      31 dm-31 0 0 0 0 0 0 0 0 0 0 0 0 0 0 0
 253      32 dm-32 20 0 344 4 0 0 0 0 0 52 4 0 0 0 0
 253      33 dm-33 0 0 0 0 0 0 0 0 0 0 0 0 0 0 0
 253      34 dm-34 15 0 424 16 0 0 0 0 0 48 16 0 0 0 0
 253      35 dm-35 8 0 64 24 0 0 0 0 0 36 24 0 0 0 0
 253      36 dm-36 22 0 336 24 0 0 0 0 0 56 24 0 0 0 0
 253      37 dm-37 0 0 0 0 0 0 0 0 0 0 0 0 0 0 0
 253      38 dm-38 13 0 256 4 0 0 0 0 0 44 4 0 0 0 0
 253      39 dm-39 13 0 248 12 0 0 0 0 0 44 12 0 0 0 0
 253      40 dm-40 0 0 0 0 0 0 0 0 0 0 0 0 0 0 0
 253      41 dm-41 0 0 0 0 0 0 0 0 0 0 0 0 0 0 0
 253      42 dm-42 0 0 0 0 0 0 0 0 0 0 0 0 0 0 0
 253      43 dm-43 1208 0 34464 2496 27 0 24 4 0 940 2500 0 0 0 0

868
   1       0 ram0 0 0 0 0 0 0 0 0 0 0 0 0 0 0 0
   1       1 ram1 0 0 0 0 0 0 0 0 0 0 0 0 0 0 0
   1       2 ram2 0 0 0 0 0 0 0 0 0 0 0 0 0 0 0
   1       3 ram3 0 0 0 0 0 0 0 0 0 0 0 0 0 0 0
   1       4 ram4 0 0 0 0 0 0 0 0 0 0 0 0 0 0 0
   1       5 ram5 0 0 0 0 0 0 0 0 0 0 0 0 0 0 0
   1       6 ram6 0 0 0 0 0 0 0 0 0 0 0 0 0 0 0
   1       7 ram7 0 0 0 0 0 0 0 0 0 0 0 0 0 0 0
   1       8 ram8 0 0 0 0 0 0 0 0 0 0 0 0 0 0 0
   1       9 ram9 0 0 0 0 0 0 0 0 0 0 0 0 0 0 0
   1      10 ram10 0 0 0 0 0 0 0 0 0 0 0 0 0 0 0
   1      11 ram11 0 0 0 0 0 0 0 0 0 0 0 0 0 0 0
   1      12 ram12 0 0 0 0 0 0 0 0 0 0 0 0 0 0 0
   1      13 ram13 0 0 0 0 0 0 0 0 0 0 0 0 0 0 0
   1      14 ram14 0 0 0 0 0 0 0 0 0 0 0 0 0 0 0
   1      15 ram15 0 0 0 0 0 0 0 0 0 0 0 0 0 0 0
   7       0 loop0 183 0 16168 352 0 0 0 0 0 344 116 0 0 0 0
   7       8 loop1 70 0 9008 122 0 0 0 0 0 136 32 0 0 0 0
   7      16 loop2 27 0 216 13 0 0 0 0 0 32 0 0 0 0 0
   7      24 loop3 12 0 296 8 0 0 0 0 0 32 0 0 0 0 0
   7      32 loop4 36 1 3040 29 0 0 0 0 0 56 0 0 0 0 0
   7      40 loop5 12 0 432 10 0 0 0 0 0 40 0 0 0 0 0
   7      48 loop6 7 0 56 3 0 0 0 0 0 20 0 0 0 0 0
   7      56 loop7 16 0 432 8 0 0 0 0 0 60 0 0 0 0 0
   7      64 loop8 25 0 1408 16 0 0 0 0 0 96 0 0 0 0 0
   7      72 loop9 51 0 440 49 0 0 0 0 0 56 4 0 0 0 0
   7      80 loop10 24 0 192 17 0 0 0 0 0 28 0 0 0 0 0
   7      88 loop11 16 0 256 10 0 0 0 0 0 56 0 0 0 0 0
   7      96 loop12 151 2 13504 90 0 0 0 0 0 208 0 0 0 0 0
   7     104 loop13 27 0 216 48 0 0 0 0 0 44 8 0 0 0 0
   7     112 loop14 12 0 240 7 0 0 0 0 0 36 0 0 0 0 0
   7     120 loop15 20 0 408 12 0 0 0 0 0 68 0 0 0 0 0
 254       0 zram0 0 0 0 0 0 0 0 0 0 0 0 0 0 0 0
 179       0 mmcblk0 2020 1821 144350 1721 12 0 48 14 0 1592 376 0 0 0 0
 179       1 mmcblk0p1 0 0 0 0 0 0 0 0 0 0 0 0 0 0 0
 179       2 mmcblk0p2 0 0 0 0 0 0 0 0 0 0 0 0 0 0 0
 179       3 mmcblk0p3 0 0 0 0 0 0 0 0 0 0 0 0 0 0 0
 179       4 mmcblk0p4 16 0 146 3 1 0 8 0 0 12 0 0 0 0 0
 179       5 mmcblk0p5 0 0 0 0 0 0 0 0 0 0 0 0 0 0 0
 179       6 mmcblk0p6 0 0 0 0 0 0 0 0 0 0 0 0 0 0 0
 179       7 mmcblk0p7 0 0 0 0 0 0 0 0 0 0 0 0 0 0 0
 179       8 mmcblk0p8 0 0 0 0 0 0 0 0 0 0 0 0 0 0 0
 179       9 mmcblk0p9 0 0 0 0 0 0 0 0 0 0 0 0 0 0 0
 179      10 mmcblk0p10 0 0 0 0 0 0 0 0 0 0 0 0 0 0 0
 179      11 mmcblk0p11 0 0 0 0 0 0 0 0 0 0 0 0 0 0 0
 179      12 mmcblk0p12 0 0 0 0 0 0 0 0 0 0 0 0 0 0 0
 179      13 mmcblk0p13 0 0 0 0 0 0 0 0 0 0 0 0 0 0 0
 179      14 mmcblk0p14 0 0 0 0 0 0 0 0 0 0 0 0 0 0 0
 179      15 mmcblk0p15 0 0 0 0 0 0 0 0 0 0 0 0 0 0 0
 179      16 mmcblk0p16 0 0 0 0 0 0 0 0 0 0 0 0 0 0 0
 179      17 mmcblk0p17 0 0 0 0 0 0 0 0 0 0 0 0 0 0 0
 179      18 mmcblk0p18 0 0 0 0 0 0 0 0 0 0 0 0 0 0 0
 179      19 mmcblk0p19 0 0 0 0 0 0 0 0 0 0 0 0 0 0 0
 179      20 mmcblk0p20 0 0 0 0 0 0 0 0 0 0 0 0 0 0 0
 179      21 mmcblk0p21 54 57 111 17 0 0 0 0 0 28 0 0 0 0 0
 179      22 mmcblk0p22 0 0 0 0 0 0 0 0 0 0 0 0 0 0 0
 179      23 mmcblk0p23 33 6 330 14 0 0 0 0 0 12 0 0 0 0 0
 179      24 mmcblk0p24 0 0 0 0 0 0 0 0 0 0 0 0 0 0 0
 179      25 mmcblk0p25 0 0 0 0 0 0 0 0 0 0 0 0 0 0 0
 179      26 mmcblk0p26 0 0 0 0 0 0 0 0 0 0 0 0 0 0 0
 179      27 mmcblk0p27 0 0 0 0 0 0 0 0 0 0 0 0 0 0 0
 179      28 mmcblk0p28 0 0 0 0 0 0 0 0 0 0 0 0 0 0 0
 179      29 mmcblk0p29 0 0 0 0 0 0 0 0 0 0 0 0 0 0 0
 179      30 mmcblk0p30 0 0 0 0 0 0 0 0 0 0 0 0 0 0 0
 179      31 mmcblk0p31 0 0 0 0 0 0 0 0 0 0 0 0 0 0 0
 259       0 mmcblk0p32 9 0 65 1 0 0 0 0 0 12 0 0 0 0 0
 259       1 mmcblk0p33 0 0 0 0 0 0 0 0 0 0 0 0 0 0 0
 259       2 mmcblk0p34 0 0 0 0 0 0 0 0 0 0 0 0 0 0 0
 259       3 mmcblk0p35 0 0 0 0 0 0 0 0 0 0 0 0 0 0 0
 259       4 mmcblk0p36 0 0 0 0 0 0 0 0 0 0 0 0 0 0 0
 259       5 mmcblk0p37 0 0 0 0 0 0 0 0 0 0 0 0 0 0 0
 259       6 mmcblk0p38 0 0 0 0 0 0 0 0 0 0 0 0 0 0 0
 259       7 mmcblk0p39 0 0 0 0 0 0 0 0 0 0 0 0 0 0 0
 259       8 mmcblk0p40 0 0 0 0 0 0 0 0 0 0 0 0 0 0 0
 259       9 mmcblk0p41 0 0 0 0 0 0 0 0 0 0 0 0 0 0 0
 259      10 mmcblk0p42 0 0 0 0 0 0 0 0 0 0 0 0 0 0 0
 259      11 mmcblk0p43 0 0 0 0 0 0 0 0 0 0 0 0 0 0 0
 259      12 mmcblk0p44 0 0 0 0 0 0 0 0 0 0 0 0 0 0 0
 259      13 mmcblk0p45 0 0 0 0 0 0 0 0 0 0 0 0 0 0 0
 259      14 mmcblk0p46 0 0 0 0 0 0 0 0 0 0 0 0 0 0 0
 259      15 mmcblk0p47 0 0 0 0 0 0 0 0 0 0 0 0 0 0 0
 259      16 mmcblk0p48 0 0 0 0 0 0 0 0 0 0 0 0 0 0 0
 259      17 mmcblk0p49 0 0 0 0 0 0 0 0 0 0 0 0 0 0 0
 259      18 mmcblk0p50 0 0 0 0 0 0 0 0 0 0 0 0 0 0 0
 259      19 mmcblk0p51 0 0 0 0 0 0 0 0 0 0 0 0 0 0 0
 259      20 mmcblk0p52 0 0 0 0 0 0 0 0 0 0 0 0 0 0 0
 259      21 mmcblk0p53 0 0 0 0 0 0 0 0 0 0 0 0 0 0 0
 259      22 mmcblk0p54 0 0 0 0 0 0 0 0 0 0 0 0 0 0 0
 259      23 mmcblk0p55 0 0 0 0 0 0 0 0 0 0 0 0 0 0 0
 259      24 mmcblk0p56 0 0 0 0 0 0 0 0 0 0 0 0 0 0 0
 259      25 mmcblk0p57 0 0 0 0 0 0 0 0 0 0 0 0 0 0 0
 259      26 mmcblk0p58 0 0 0 0 0 0 0 0 0 0 0 0 0 0 0
 259      27 mmcblk0p59 0 0 0 0 0 0 0 0 0 0 0 0 0 0 0
 259      28 mmcblk0p60 0 0 0 0 0 0 0 0 0 0 0 0 0 0 0
 259      29 mmcblk0p61 0 0 0 0 0 0 0 0 0 0 0 0 0 0 0
 259      30 mmcblk0p62 0 0 0 0 0 0 0 0 0 0 0 0 0 0 0
 259      31 mmcblk0p63 0 0 0 0 0 0 0 0 0 0 0 0 0 0 0
 259      32 mmcblk0p64 0 0 0 0 0 0 0 0 0 0 0 0 0 0 0
 259      33 mmcblk0p65 0 0 0 0 0 0 0 0 0 0 0 0 0 0 0
 259      34 mmcblk0p66 0 0 0 0 0 0 0 0 0 0 0 0 0 0 0
 259      35 mmcblk0p67 1851 1758 140712 1643 0 0 0 0 0 1520 360 0 0 0 0
 259      36 mmcblk0p68 1 0 128 1 0 0 0 0 0 4 0 0 0 0 0
 259      37 mmcblk0p69 0 0 0 0 0 0 0 0 0 0 0 0 0 0 0
 259      38 mmcblk0p70 0 0 0 0 0 0 0 0 0 0 0 0 0 0 0
 259      39 mmcblk0p71 0 0 0 0 0 0 0 0 0 0 0 0 0 0 0
 259      40 mmcblk0p72 47 0 2666 36 5 0 40 12 0 64 16 0 0 0 0
 259      41 mmcblk0p73 1 0 128 1 0 0 0 0 0 4 0 0 0 0 0
 259      42 mmcblk0p74 0 0 0 0 0 0 0 0 0 0 0 0 0 0 0
 259      43 mmcblk0p75 0 0 0 0 0 0 0 0 0 0 0 0 0 0 0
 259      44 mmcblk0p76 0 0 0 0 0 0 0 0 0 0 0 0 0 0 0
 259      45 mmcblk0p77 0 0 0 0 0 0 0 0 0 0 0 0 0 0 0
 259      46 mmcblk0p78 0 0 0 0 0 0 0 0 0 0 0 0 0 0 0
 259      47 mmcblk0p79 0 0 0 0 0 0 0 0 0 0 0 0 0 0 0
 259      48 mmcblk0p80 0 0 0 0 0 0 0 0 0 0 0 0 0 0 0
 253       0 dm-0 166 0 1352 352 0 0 0 0 0 56 352 0 0 0 0
 253       1 dm-1 2464 0 124160 3796 0 0 0 0 0 1596 3796 0 0 0 0
 253       2 dm-2 737 0 23568 1024 0 0 0 0 0 572 1024 0 0 0 0
 253       3 dm-3 1054 0 32240 1212 0 0 0 0 0 724 1212 0 0 0 0
 253       4 dm-4 1334 0 115120 1600 0 0 0 0 0 1612 1600 0 0 0 0
 253       5 dm-5 489 0 21584 628 0 0 0 0 0 592 628 0 0 0 0
 253       6 dm-6 558 0 28272 436 0 0 0 0 0 724 436 0 0 0 0
 253       7 dm-7 37 0 320 36 0 0 0 0 0 56 36 0 0 0 0
   7     128 loop16 12 0 144 16 0 0 0 0 0 44 8 0 0 0 0
   7     136 loop17 27 0 216 27 0 0 0 0 0 32 0 0 0 0 0
   7     144 loop18 12 0 120 14 0 0 0 0 0 40 4 0 0 0 0
   7     152 loop19 24 0 192 26 0 0 0 0 0 28 0 0 0 0 0
   7     160 loop20 17 0 280 11 0 0 0 0 0 48 4 0 0 0 0
   7     168 loop21 17 0 288 6 0 0 0 0 0 44 0 0 0 0 0
   7     176 loop22 12 0 96 6 0 0 0 0 0 40 0 0 0 0 0
   7     184 loop23 27 0 376 12 0 0 0 0 0 56 0 0 0 0 0
   7     192 loop24 20 1 472 15 0 0 0 0 0 52 4 0 0 0 0
   7     200 loop25 28 0 736 11 0 0 0 0 0 48 0 0 0 0 0
   7     208 loop26 11 0 88 4 0 0 0 0 0 20 0 0 0 0 0
   7     216 loop27 9 0 72 4 0 0 0 0 0 20 0 0 0 0 0
   7     224 loop28 17 0 296 7 0 0 0 0 0 56 0 0 0 0 0
   7     232 loop29 14 0 112 10 0 0 0 0 0 28 0 0 0 0 0
   7     240 loop30 20 0 312 7 0 0 0 0 0 48 0 0 0 0 0
   7     248 loop31 25 0 384 10 0 0 0 0 0 56 0 0 0 0 0
   7     256 loop32 9 0 72 4 0 0 0 0 0 20 0 0 0 0 0
   7     264 loop33 23 1 496 9 0 0 0 0 0 44 0 0 0 0 0
   7     272 loop34 22 0 480 8 0 0 0 0 0 52 0 0 0 0 0
   7     280 loop35 21 0 472 8 0 0 0 0 0 44 0 0 0 0 0
   7     288 loop36 46 0 5560 36 0 0 0 0 0 64 0 0 0 0 0
   7     296 loop37 17 0 224 6 0 0 0 0 0 40 0 0 0 0 0
   7     304 loop38 33 0 832 15 0 0 0 0 0 44 0 0 0 0 0
   7     312 loop39 18 0 144 7 0 0 0 0 0 24 0 0 0 0 0
 253       8 dm-8 0 0 0 0 0 0 0 0 0 0 0 0 0 0 0
 253       9 dm-9 17 0 440 12 0 0 0 0 0 48 12 0 0 0 0
 253      10 dm-10 24 0 760 8 0 0 0 0 0 40 8 0 0 0 0
 253      11 dm-11 117 0 13216 112 0 0 0 0 0 212 112 0 0 0 0
 253      12 dm-12 0 0 0 0 0 0 0 0 0 0 0 0 0 0 0
 253      13 dm-13 16 0 432 8 0 0 0 0 0 40 8 0 0 0 0
 253      14 dm-14 0 0 0 0 0 0 0 0 0 0 0 0 0 0 0
 253      15 dm-15 16 0 432 0 0 0 0 0 0 40 0 0 0 0 0
 253      16 dm-16 0 0 0 0 0 0 0 0 0 0 0 0 0 0 0
 253      17 dm-17 0 0 0 0 0 0 0 0 0 0 0 0 0 0 0
 253      18 dm-18 5 0 40 4 0 0 0 0 0 12 4 0 0 0 0
 253      19 dm-19 9 0 72 8 0 0 0 0 0 20 8 0 0 0 0
 253      20 dm-20 14 0 112 0 0 0 0 0 0 16 0 0 0 0 0
 253      21 dm-21 15 0 272 4 0 0 0 0 0 44 4 0 0 0 0
 253      22 dm-22 15 0 280 16 0 0 0 0 0 60 16 0 0 0 0
 253      23 dm-23 0 0 0 0 0 0 0 0 0 0 0 0 0 0 0
 253      24 dm-24 15 0 208 4 0 0 0 0 0 36 4 0 0 0 0
 253      25 dm-25 5 0 40 8 0 0 0 0 0 20 8 0 0 0 0
 253      26 dm-26 7 0 56 8 0 0 0 0 0 16 8 0 0 0 0
 253      27 dm-27 0 0 0 0 0 0 0 0 0 0 0 0 0 0 0
 253      28 dm-28 23 0 696 12 0 0 0 0 0 44 12 0 0 0 0
 253      29 dm-29 0 0 0 0 0 0 0 0 0 0 0 0 0 0 0
 253      30 dm-30 0 0 0 0 0 0 0 0 0 0 0 0 0 0 0
 253      31 dm-31 0 0 0 0 0 0 0 0 0 0 0 0 0 0 0
 253      32 dm-32 20 0 344 4 0 0 0 0 0 52 4 0 0 0 0
 253      33 dm-33 0 0 0 0 0 0 0 0 0 0 0 0 0 0 0
 253      34 dm-34 15 0 424 16 0 0 0 0 0 48 16 0 0 0 0
 253      35 dm-35 8 0 64 24 0 0 0 0 0 36 24 0 0 0 0
 253      36 dm-36 22 0 336 24 0 0 0 0 0 56 24 0 0 0 0
 253      37 dm-37 0 0 0 0 0 0 0 0 0 0 0 0 0 0 0
 253      38 dm-38 13 0 256 4 0 0 0 0 0 44 4 0 0 0 0
 253      39 dm-39 13 0 248 12 0 0 0 0 0 44 12 0 0 0 0
 253      40 dm-40 0 0 0 0 0 0 0 0 0 0 0 0 0 0 0
 253      41 dm-41 0 0 0 0 0 0 0 0 0 0 0 0 0 0 0
 253      42 dm-42 0 0 0 0 0 0 0 0 0 0 0 0 0 0 0
 253      43 dm-43 1318 0 35344 2496 40 0 304 36 0 1056 2532 0 0 0 0

892
   1       0 ram0 0 0 0 0 0 0 0 0 0 0 0 0 0 0 0
   1       1 ram1 0 0 0 0 0 0 0 0 0 0 0 0 0 0 0
   1       2 ram2 0 0 0 0 0 0 0 0 0 0 0 0 0 0 0
   1       3 ram3 0 0 0 0 0 0 0 0 0 0 0 0 0 0 0
   1       4 ram4 0 0 0 0 0 0 0 0 0 0 0 0 0 0 0
   1       5 ram5 0 0 0 0 0 0 0 0 0 0 0 0 0 0 0
   1       6 ram6 0 0 0 0 0 0 0 0 0 0 0 0 0 0 0
   1       7 ram7 0 0 0 0 0 0 0 0 0 0 0 0 0 0 0
   1       8 ram8 0 0 0 0 0 0 0 0 0 0 0 0 0 0 0
   1       9 ram9 0 0 0 0 0 0 0 0 0 0 0 0 0 0 0
   1      10 ram10 0 0 0 0 0 0 0 0 0 0 0 0 0 0 0
   1      11 ram11 0 0 0 0 0 0 0 0 0 0 0 0 0 0 0
   1      12 ram12 0 0 0 0 0 0 0 0 0 0 0 0 0 0 0
   1      13 ram13 0 0 0 0 0 0 0 0 0 0 0 0 0 0 0
   1      14 ram14 0 0 0 0 0 0 0 0 0 0 0 0 0 0 0
   1      15 ram15 0 0 0 0 0 0 0 0 0 0 0 0 0 0 0
   7       0 loop0 183 0 16168 352 0 0 0 0 0 344 116 0 0 0 0
   7       8 loop1 70 0 9008 122 0 0 0 0 0 136 32 0 0 0 0
   7      16 loop2 27 0 216 13 0 0 0 0 0 32 0 0 0 0 0
   7      24 loop3 12 0 296 8 0 0 0 0 0 32 0 0 0 0 0
   7      32 loop4 36 1 3040 29 0 0 0 0 0 56 0 0 0 0 0
   7      40 loop5 12 0 432 10 0 0 0 0 0 40 0 0 0 0 0
   7      48 loop6 12 0 304 9 0 0 0 0 0 28 0 0 0 0 0
   7      56 loop7 16 0 432 8 0 0 0 0 0 60 0 0 0 0 0
   7      64 loop8 25 0 1408 16 0 0 0 0 0 96 0 0 0 0 0
   7      72 loop9 121 0 8936 128 0 0 0 0 0 152 8 0 0 0 0
   7      80 loop10 24 0 192 17 0 0 0 0 0 28 0 0 0 0 0
   7      88 loop11 16 0 256 10 0 0 0 0 0 56 0 0 0 0 0
   7      96 loop12 151 2 13504 90 0 0 0 0 0 208 0 0 0 0 0
   7     104 loop13 27 0 216 48 0 0 0 0 0 44 8 0 0 0 0
   7     112 loop14 12 0 240 7 0 0 0 0 0 36 0 0 0 0 0
   7     120 loop15 20 0 408 12 0 0 0 0 0 68 0 0 0 0 0
 254       0 zram0 0 0 0 0 0 0 0 0 0 0 0 0 0 0 0
 179       0 mmcblk0 2020 1821 144350 1721 12 0 48 14 0 1592 376 0 0 0 0
 179       1 mmcblk0p1 0 0 0 0 0 0 0 0 0 0 0 0 0 0 0
 179       2 mmcblk0p2 0 0 0 0 0 0 0 0 0 0 0 0 0 0 0
 179       3 mmcblk0p3 0 0 0 0 0 0 0 0 0 0 0 0 0 0 0
 179       4 mmcblk0p4 16 0 146 3 1 0 8 0 0 12 0 0 0 0 0
 179       5 mmcblk0p5 0 0 0 0 0 0 0 0 0 0 0 0 0 0 0
 179       6 mmcblk0p6 0 0 0 0 0 0 0 0 0 0 0 0 0 0 0
 179       7 mmcblk0p7 0 0 0 0 0 0 0 0 0 0 0 0 0 0 0
 179       8 mmcblk0p8 0 0 0 0 0 0 0 0 0 0 0 0 0 0 0
 179       9 mmcblk0p9 0 0 0 0 0 0 0 0 0 0 0 0 0 0 0
 179      10 mmcblk0p10 0 0 0 0 0 0 0 0 0 0 0 0 0 0 0
 179      11 mmcblk0p11 0 0 0 0 0 0 0 0 0 0 0 0 0 0 0
 179      12 mmcblk0p12 0 0 0 0 0 0 0 0 0 0 0 0 0 0 0
 179      13 mmcblk0p13 0 0 0 0 0 0 0 0 0 0 0 0 0 0 0
 179      14 mmcblk0p14 0 0 0 0 0 0 0 0 0 0 0 0 0 0 0
 179      15 mmcblk0p15 0 0 0 0 0 0 0 0 0 0 0 0 0 0 0
 179      16 mmcblk0p16 0 0 0 0 0 0 0 0 0 0 0 0 0 0 0
 179      17 mmcblk0p17 0 0 0 0 0 0 0 0 0 0 0 0 0 0 0
 179      18 mmcblk0p18 0 0 0 0 0 0 0 0 0 0 0 0 0 0 0
 179      19 mmcblk0p19 0 0 0 0 0 0 0 0 0 0 0 0 0 0 0
 179      20 mmcblk0p20 0 0 0 0 0 0 0 0 0 0 0 0 0 0 0
 179      21 mmcblk0p21 54 57 111 17 0 0 0 0 0 28 0 0 0 0 0
 179      22 mmcblk0p22 0 0 0 0 0 0 0 0 0 0 0 0 0 0 0
 179      23 mmcblk0p23 33 6 330 14 0 0 0 0 0 12 0 0 0 0 0
 179      24 mmcblk0p24 0 0 0 0 0 0 0 0 0 0 0 0 0 0 0
 179      25 mmcblk0p25 0 0 0 0 0 0 0 0 0 0 0 0 0 0 0
 179      26 mmcblk0p26 0 0 0 0 0 0 0 0 0 0 0 0 0 0 0
 179      27 mmcblk0p27 0 0 0 0 0 0 0 0 0 0 0 0 0 0 0
 179      28 mmcblk0p28 0 0 0 0 0 0 0 0 0 0 0 0 0 0 0
 179      29 mmcblk0p29 0 0 0 0 0 0 0 0 0 0 0 0 0 0 0
 179      30 mmcblk0p30 0 0 0 0 0 0 0 0 0 0 0 0 0 0 0
 179      31 mmcblk0p31 0 0 0 0 0 0 0 0 0 0 0 0 0 0 0
 259       0 mmcblk0p32 9 0 65 1 0 0 0 0 0 12 0 0 0 0 0
 259       1 mmcblk0p33 0 0 0 0 0 0 0 0 0 0 0 0 0 0 0
 259       2 mmcblk0p34 0 0 0 0 0 0 0 0 0 0 0 0 0 0 0
 259       3 mmcblk0p35 0 0 0 0 0 0 0 0 0 0 0 0 0 0 0
 259       4 mmcblk0p36 0 0 0 0 0 0 0 0 0 0 0 0 0 0 0
 259       5 mmcblk0p37 0 0 0 0 0 0 0 0 0 0 0 0 0 0 0
 259       6 mmcblk0p38 0 0 0 0 0 0 0 0 0 0 0 0 0 0 0
 259       7 mmcblk0p39 0 0 0 0 0 0 0 0 0 0 0 0 0 0 0
 259       8 mmcblk0p40 0 0 0 0 0 0 0 0 0 0 0 0 0 0 0
 259       9 mmcblk0p41 0 0 0 0 0 0 0 0 0 0 0 0 0 0 0
 259      10 mmcblk0p42 0 0 0 0 0 0 0 0 0 0 0 0 0 0 0
 259      11 mmcblk0p43 0 0 0 0 0 0 0 0 0 0 0 0 0 0 0
 259      12 mmcblk0p44 0 0 0 0 0 0 0 0 0 0 0 0 0 0 0
 259      13 mmcblk0p45 0 0 0 0 0 0 0 0 0 0 0 0 0 0 0
 259      14 mmcblk0p46 0 0 0 0 0 0 0 0 0 0 0 0 0 0 0
 259      15 mmcblk0p47 0 0 0 0 0 0 0 0 0 0 0 0 0 0 0
 259      16 mmcblk0p48 0 0 0 0 0 0 0 0 0 0 0 0 0 0 0
 259      17 mmcblk0p49 0 0 0 0 0 0 0 0 0 0 0 0 0 0 0
 259      18 mmcblk0p50 0 0 0 0 0 0 0 0 0 0 0 0 0 0 0
 259      19 mmcblk0p51 0 0 0 0 0 0 0 0 0 0 0 0 0 0 0
 259      20 mmcblk0p52 0 0 0 0 0 0 0 0 0 0 0 0 0 0 0
 259      21 mmcblk0p53 0 0 0 0 0 0 0 0 0 0 0 0 0 0 0
 259      22 mmcblk0p54 0 0 0 0 0 0 0 0 0 0 0 0 0 0 0
 259      23 mmcblk0p55 0 0 0 0 0 0 0 0 0 0 0 0 0 0 0
 259      24 mmcblk0p56 0 0 0 0 0 0 0 0 0 0 0 0 0 0 0
 259      25 mmcblk0p57 0 0 0 0 0 0 0 0 0 0 0 0 0 0 0
 259      26 mmcblk0p58 0 0 0 0 0 0 0 0 0 0 0 0 0 0 0
 259      27 mmcblk0p59 0 0 0 0 0 0 0 0 0 0 0 0 0 0 0
 259      28 mmcblk0p60 0 0 0 0 0 0 0 0 0 0 0 0 0 0 0
 259      29 mmcblk0p61 0 0 0 0 0 0 0 0 0 0 0 0 0 0 0
 259      30 mmcblk0p62 0 0 0 0 0 0 0 0 0 0 0 0 0 0 0
 259      31 mmcblk0p63 0 0 0 0 0 0 0 0 0 0 0 0 0 0 0
 259      32 mmcblk0p64 0 0 0 0 0 0 0 0 0 0 0 0 0 0 0
 259      33 mmcblk0p65 0 0 0 0 0 0 0 0 0 0 0 0 0 0 0
 259      34 mmcblk0p66 0 0 0 0 0 0 0 0 0 0 0 0 0 0 0
 259      35 mmcblk0p67 1851 1758 140712 1643 0 0 0 0 0 1520 360 0 0 0 0
 259      36 mmcblk0p68 1 0 128 1 0 0 0 0 0 4 0 0 0 0 0
 259      37 mmcblk0p69 0 0 0 0 0 0 0 0 0 0 0 0 0 0 0
 259      38 mmcblk0p70 0 0 0 0 0 0 0 0 0 0 0 0 0 0 0
 259      39 mmcblk0p71 0 0 0 0 0 0 0 0 0 0 0 0 0 0 0
 259      40 mmcblk0p72 47 0 2666 36 5 0 40 12 0 64 16 0 0 0 0
 259      41 mmcblk0p73 1 0 128 1 0 0 0 0 0 4 0 0 0 0 0
 259      42 mmcblk0p74 0 0 0 0 0 0 0 0 0 0 0 0 0 0 0
 259      43 mmcblk0p75 0 0 0 0 0 0 0 0 0 0 0 0 0 0 0
 259      44 mmcblk0p76 0 0 0 0 0 0 0 0 0 0 0 0 0 0 0
 259      45 mmcblk0p77 0 0 0 0 0 0 0 0 0 0 0 0 0 0 0
 259      46 mmcblk0p78 0 0 0 0 0 0 0 0 0 0 0 0 0 0 0
 259      47 mmcblk0p79 0 0 0 0 0 0 0 0 0 0 0 0 0 0 0
 259      48 mmcblk0p80 0 0 0 0 0 0 0 0 0 0 0 0 0 0 0
 253       0 dm-0 168 0 1368 356 0 0 0 0 0 68 356 0 0 0 0
 253       1 dm-1 2486 0 126296 3804 0 0 0 0 0 1636 3804 0 0 0 0
 253       2 dm-2 809 0 32080 1056 0 0 0 0 0 664 1056 0 0 0 0
 253       3 dm-3 1076 0 33928 1224 0 0 0 0 0 768 1224 0 0 0 0
 253       4 dm-4 1356 0 117256 1612 0 0 0 0 0 1656 1612 0 0 0 0
 253       5 dm-5 560 0 30088 684 0 0 0 0 0 688 684 0 0 0 0
 253       6 dm-6 575 0 29920 456 0 0 0 0 0 768 456 0 0 0 0
 253       7 dm-7 39 0 336 44 0 0 0 0 0 72 44 0 0 0 0
   7     128 loop16 12 0 144 16 0 0 0 0 0 44 8 0 0 0 0
   7     136 loop17 27 0 216 27 0 0 0 0 0 32 0 0 0 0 0
   7     144 loop18 12 0 120 14 0 0 0 0 0 40 4 0 0 0 0
   7     152 loop19 24 0 192 26 0 0 0 0 0 28 0 0 0 0 0
   7     160 loop20 17 0 280 11 0 0 0 0 0 48 4 0 0 0 0
   7     168 loop21 17 0 288 6 0 0 0 0 0 44 0 0 0 0 0
   7     176 loop22 12 0 96 6 0 0 0 0 0 40 0 0 0 0 0
   7     184 loop23 27 0 376 12 0 0 0 0 0 56 0 0 0 0 0
   7     192 loop24 20 1 472 15 0 0 0 0 0 52 4 0 0 0 0
   7     200 loop25 28 0 736 11 0 0 0 0 0 48 0 0 0 0 0
   7     208 loop26 11 0 88 4 0 0 0 0 0 20 0 0 0 0 0
   7     216 loop27 9 0 72 4 0 0 0 0 0 20 0 0 0 0 0
   7     224 loop28 17 0 296 7 0 0 0 0 0 56 0 0 0 0 0
   7     232 loop29 14 0 112 10 0 0 0 0 0 28 0 0 0 0 0
   7     240 loop30 20 0 312 7 0 0 0 0 0 48 0 0 0 0 0
   7     248 loop31 25 0 384 10 0 0 0 0 0 56 0 0 0 0 0
   7     256 loop32 9 0 72 4 0 0 0 0 0 20 0 0 0 0 0
   7     264 loop33 23 1 496 9 0 0 0 0 0 44 0 0 0 0 0
   7     272 loop34 22 0 480 8 0 0 0 0 0 52 0 0 0 0 0
   7     280 loop35 21 0 472 8 0 0 0 0 0 44 0 0 0 0 0
   7     288 loop36 46 0 5560 36 0 0 0 0 0 64 0 0 0 0 0
   7     296 loop37 17 0 224 6 0 0 0 0 0 40 0 0 0 0 0
   7     304 loop38 57 0 1272 26 0 0 0 0 0 88 0 0 0 0 0
   7     312 loop39 18 0 144 7 0 0 0 0 0 24 0 0 0 0 0
 253       8 dm-8 0 0 0 0 0 0 0 0 0 0 0 0 0 0 0
 253       9 dm-9 17 0 440 12 0 0 0 0 0 48 12 0 0 0 0
 253      10 dm-10 48 0 1200 32 0 0 0 0 0 84 32 0 0 0 0
 253      11 dm-11 117 0 13216 112 0 0 0 0 0 212 112 0 0 0 0
 253      12 dm-12 0 0 0 0 0 0 0 0 0 0 0 0 0 0 0
 253      13 dm-13 16 0 432 8 0 0 0 0 0 40 8 0 0 0 0
 253      14 dm-14 0 0 0 0 0 0 0 0 0 0 0 0 0 0 0
 253      15 dm-15 16 0 432 0 0 0 0 0 0 40 0 0 0 0 0
 253      16 dm-16 0 0 0 0 0 0 0 0 0 0 0 0 0 0 0
 253      17 dm-17 0 0 0 0 0 0 0 0 0 0 0 0 0 0 0
 253      18 dm-18 5 0 40 4 0 0 0 0 0 12 4 0 0 0 0
 253      19 dm-19 9 0 72 8 0 0 0 0 0 20 8 0 0 0 0
 253      20 dm-20 14 0 112 0 0 0 0 0 0 16 0 0 0 0 0
 253      21 dm-21 15 0 272 4 0 0 0 0 0 44 4 0 0 0 0
 253      22 dm-22 15 0 280 16 0 0 0 0 0 60 16 0 0 0 0
 253      23 dm-23 0 0 0 0 0 0 0 0 0 0 0 0 0 0 0
 253      24 dm-24 15 0 208 4 0 0 0 0 0 36 4 0 0 0 0
 253      25 dm-25 5 0 40 8 0 0 0 0 0 20 8 0 0 0 0
 253      26 dm-26 7 0 56 8 0 0 0 0 0 16 8 0 0 0 0
 253      27 dm-27 0 0 0 0 0 0 0 0 0 0 0 0 0 0 0
 253      28 dm-28 23 0 696 12 0 0 0 0 0 44 12 0 0 0 0
 253      29 dm-29 0 0 0 0 0 0 0 0 0 0 0 0 0 0 0
 253      30 dm-30 0 0 0 0 0 0 0 0 0 0 0 0 0 0 0
 253      31 dm-31 0 0 0 0 0 0 0 0 0 0 0 0 0 0 0
 253      32 dm-32 20 0 344 4 0 0 0 0 0 52 4 0 0 0 0
 253      33 dm-33 0 0 0 0 0 0 0 0 0 0 0 0 0 0 0
 253      34 dm-34 15 0 424 16 0 0 0 0 0 48 16 0 0 0 0
 253      35 dm-35 8 0 64 24 0 0 0 0 0 36 24 0 0 0 0
 253      36 dm-36 22 0 336 24 0 0 0 0 0 56 24 0 0 0 0
 253      37 dm-37 0 0 0 0 0 0 0 0 0 0 0 0 0 0 0
 253      38 dm-38 13 0 256 4 0 0 0 0 0 44 4 0 0 0 0
 253      39 dm-39 13 0 248 12 0 0 0 0 0 44 12 0 0 0 0
 253      40 dm-40 0 0 0 0 0 0 0 0 0 0 0 0 0 0 0
 253      41 dm-41 0 0 0 0 0 0 0 0 0 0 0 0 0 0 0
 253      42 dm-42 0 0 0 0 0 0 0 0 0 0 0 0 0 0 0
 253      43 dm-43 1347 0 35824 2508 40 0 304 36 0 1108 2544 0 0 0 0

916
   1       0 ram0 0 0 0 0 0 0 0 0 0 0 0 0 0 0 0
   1       1 ram1 0 0 0 0 0 0 0 0 0 0 0 0 0 0 0
   1       2 ram2 0 0 0 0 0 0 0 0 0 0 0 0 0 0 0
   1       3 ram3 0 0 0 0 0 0 0 0 0 0 0 0 0 0 0
   1       4 ram4 0 0 0 0 0 0 0 0 0 0 0 0 0 0 0
   1       5 ram5 0 0 0 0 0 0 0 0 0 0 0 0 0 0 0
   1       6 ram6 0 0 0 0 0 0 0 0 0 0 0 0 0 0 0
   1       7 ram7 0 0 0 0 0 0 0 0 0 0 0 0 0 0 0
   1       8 ram8 0 0 0 0 0 0 0 0 0 0 0 0 0 0 0
   1       9 ram9 0 0 0 0 0 0 0 0 0 0 0 0 0 0 0
   1      10 ram10 0 0 0 0 0 0 0 0 0 0 0 0 0 0 0
   1      11 ram11 0 0 0 0 0 0 0 0 0 0 0 0 0 0 0
   1      12 ram12 0 0 0 0 0 0 0 0 0 0 0 0 0 0 0
   1      13 ram13 0 0 0 0 0 0 0 0 0 0 0 0 0 0 0
   1      14 ram14 0 0 0 0 0 0 0 0 0 0 0 0 0 0 0
   1      15 ram15 0 0 0 0 0 0 0 0 0 0 0 0 0 0 0
   7       0 loop0 183 0 16168 352 0 0 0 0 0 344 116 0 0 0 0
   7       8 loop1 70 0 9008 122 0 0 0 0 0 136 32 0 0 0 0
   7      16 loop2 27 0 216 13 0 0 0 0 0 32 0 0 0 0 0
   7      24 loop3 12 0 296 8 0 0 0 0 0 32 0 0 0 0 0
   7      32 loop4 36 1 3040 29 0 0 0 0 0 56 0 0 0 0 0
   7      40 loop5 12 0 432 10 0 0 0 0 0 40 0 0 0 0 0
   7      48 loop6 12 0 304 9 0 0 0 0 0 28 0 0 0 0 0
   7      56 loop7 16 0 432 8 0 0 0 0 0 60 0 0 0 0 0
   7      64 loop8 25 0 1408 16 0 0 0 0 0 96 0 0 0 0 0
   7      72 loop9 121 0 8936 128 0 0 0 0 0 152 8 0 0 0 0
   7      80 loop10 24 0 192 17 0 0 0 0 0 28 0 0 0 0 0
   7      88 loop11 16 0 256 10 0 0 0 0 0 56 0 0 0 0 0
   7      96 loop12 151 2 13504 90 0 0 0 0 0 208 0 0 0 0 0
   7     104 loop13 27 0 216 48 0 0 0 0 0 44 8 0 0 0 0
   7     112 loop14 12 0 240 7 0 0 0 0 0 36 0 0 0 0 0
   7     120 loop15 21 0 416 12 0 0 0 0 0 72 0 0 0 0 0
 254       0 zram0 0 0 0 0 0 0 0 0 0 0 0 0 0 0 0
 179       0 mmcblk0 2020 1821 144350 1721 12 0 48 14 0 1592 376 0 0 0 0
 179       1 mmcblk0p1 0 0 0 0 0 0 0 0 0 0 0 0 0 0 0
 179       2 mmcblk0p2 0 0 0 0 0 0 0 0 0 0 0 0 0 0 0
 179       3 mmcblk0p3 0 0 0 0 0 0 0 0 0 0 0 0 0 0 0
 179       4 mmcblk0p4 16 0 146 3 1 0 8 0 0 12 0 0 0 0 0
 179       5 mmcblk0p5 0 0 0 0 0 0 0 0 0 0 0 0 0 0 0
 179       6 mmcblk0p6 0 0 0 0 0 0 0 0 0 0 0 0 0 0 0
 179       7 mmcblk0p7 0 0 0 0 0 0 0 0 0 0 0 0 0 0 0
 179       8 mmcblk0p8 0 0 0 0 0 0 0 0 0 0 0 0 0 0 0
 179       9 mmcblk0p9 0 0 0 0 0 0 0 0 0 0 0 0 0 0 0
 179      10 mmcblk0p10 0 0 0 0 0 0 0 0 0 0 0 0 0 0 0
 179      11 mmcblk0p11 0 0 0 0 0 0 0 0 0 0 0 0 0 0 0
 179      12 mmcblk0p12 0 0 0 0 0 0 0 0 0 0 0 0 0 0 0
 179      13 mmcblk0p13 0 0 0 0 0 0 0 0 0 0 0 0 0 0 0
 179      14 mmcblk0p14 0 0 0 0 0 0 0 0 0 0 0 0 0 0 0
 179      15 mmcblk0p15 0 0 0 0 0 0 0 0 0 0 0 0 0 0 0
 179      16 mmcblk0p16 0 0 0 0 0 0 0 0 0 0 0 0 0 0 0
 179      17 mmcblk0p17 0 0 0 0 0 0 0 0 0 0 0 0 0 0 0
 179      18 mmcblk0p18 0 0 0 0 0 0 0 0 0 0 0 0 0 0 0
 179      19 mmcblk0p19 0 0 0 0 0 0 0 0 0 0 0 0 0 0 0
 179      20 mmcblk0p20 0 0 0 0 0 0 0 0 0 0 0 0 0 0 0
 179      21 mmcblk0p21 54 57 111 17 0 0 0 0 0 28 0 0 0 0 0
 179      22 mmcblk0p22 0 0 0 0 0 0 0 0 0 0 0 0 0 0 0
 179      23 mmcblk0p23 33 6 330 14 0 0 0 0 0 12 0 0 0 0 0
 179      24 mmcblk0p24 0 0 0 0 0 0 0 0 0 0 0 0 0 0 0
 179      25 mmcblk0p25 0 0 0 0 0 0 0 0 0 0 0 0 0 0 0
 179      26 mmcblk0p26 0 0 0 0 0 0 0 0 0 0 0 0 0 0 0
 179      27 mmcblk0p27 0 0 0 0 0 0 0 0 0 0 0 0 0 0 0
 179      28 mmcblk0p28 0 0 0 0 0 0 0 0 0 0 0 0 0 0 0
 179      29 mmcblk0p29 0 0 0 0 0 0 0 0 0 0 0 0 0 0 0
 179      30 mmcblk0p30 0 0 0 0 0 0 0 0 0 0 0 0 0 0 0
 179      31 mmcblk0p31 0 0 0 0 0 0 0 0 0 0 0 0 0 0 0
 259       0 mmcblk0p32 9 0 65 1 0 0 0 0 0 12 0 0 0 0 0
 259       1 mmcblk0p33 0 0 0 0 0 0 0 0 0 0 0 0 0 0 0
 259       2 mmcblk0p34 0 0 0 0 0 0 0 0 0 0 0 0 0 0 0
 259       3 mmcblk0p35 0 0 0 0 0 0 0 0 0 0 0 0 0 0 0
 259       4 mmcblk0p36 0 0 0 0 0 0 0 0 0 0 0 0 0 0 0
 259       5 mmcblk0p37 0 0 0 0 0 0 0 0 0 0 0 0 0 0 0
 259       6 mmcblk0p38 0 0 0 0 0 0 0 0 0 0 0 0 0 0 0
 259       7 mmcblk0p39 0 0 0 0 0 0 0 0 0 0 0 0 0 0 0
 259       8 mmcblk0p40 0 0 0 0 0 0 0 0 0 0 0 0 0 0 0
 259       9 mmcblk0p41 0 0 0 0 0 0 0 0 0 0 0 0 0 0 0
 259      10 mmcblk0p42 0 0 0 0 0 0 0 0 0 0 0 0 0 0 0
 259      11 mmcblk0p43 0 0 0 0 0 0 0 0 0 0 0 0 0 0 0
 259      12 mmcblk0p44 0 0 0 0 0 0 0 0 0 0 0 0 0 0 0
 259      13 mmcblk0p45 0 0 0 0 0 0 0 0 0 0 0 0 0 0 0
 259      14 mmcblk0p46 0 0 0 0 0 0 0 0 0 0 0 0 0 0 0
 259      15 mmcblk0p47 0 0 0 0 0 0 0 0 0 0 0 0 0 0 0
 259      16 mmcblk0p48 0 0 0 0 0 0 0 0 0 0 0 0 0 0 0
 259      17 mmcblk0p49 0 0 0 0 0 0 0 0 0 0 0 0 0 0 0
 259      18 mmcblk0p50 0 0 0 0 0 0 0 0 0 0 0 0 0 0 0
 259      19 mmcblk0p51 0 0 0 0 0 0 0 0 0 0 0 0 0 0 0
 259      20 mmcblk0p52 0 0 0 0 0 0 0 0 0 0 0 0 0 0 0
 259      21 mmcblk0p53 0 0 0 0 0 0 0 0 0 0 0 0 0 0 0
 259      22 mmcblk0p54 0 0 0 0 0 0 0 0 0 0 0 0 0 0 0
 259      23 mmcblk0p55 0 0 0 0 0 0 0 0 0 0 0 0 0 0 0
 259      24 mmcblk0p56 0 0 0 0 0 0 0 0 0 0 0 0 0 0 0
 259      25 mmcblk0p57 0 0 0 0 0 0 0 0 0 0 0 0 0 0 0
 259      26 mmcblk0p58 0 0 0 0 0 0 0 0 0 0 0 0 0 0 0
 259      27 mmcblk0p59 0 0 0 0 0 0 0 0 0 0 0 0 0 0 0
 259      28 mmcblk0p60 0 0 0 0 0 0 0 0 0 0 0 0 0 0 0
 259      29 mmcblk0p61 0 0 0 0 0 0 0 0 0 0 0 0 0 0 0
 259      30 mmcblk0p62 0 0 0 0 0 0 0 0 0 0 0 0 0 0 0
 259      31 mmcblk0p63 0 0 0 0 0 0 0 0 0 0 0 0 0 0 0
 259      32 mmcblk0p64 0 0 0 0 0 0 0 0 0 0 0 0 0 0 0
 259      33 mmcblk0p65 0 0 0 0 0 0 0 0 0 0 0 0 0 0 0
 259      34 mmcblk0p66 0 0 0 0 0 0 0 0 0 0 0 0 0 0 0
 259      35 mmcblk0p67 1851 1758 140712 1643 0 0 0 0 0 1520 360 0 0 0 0
 259      36 mmcblk0p68 1 0 128 1 0 0 0 0 0 4 0 0 0 0 0
 259      37 mmcblk0p69 0 0 0 0 0 0 0 0 0 0 0 0 0 0 0
 259      38 mmcblk0p70 0 0 0 0 0 0 0 0 0 0 0 0 0 0 0
 259      39 mmcblk0p71 0 0 0 0 0 0 0 0 0 0 0 0 0 0 0
 259      40 mmcblk0p72 47 0 2666 36 5 0 40 12 0 64 16 0 0 0 0
 259      41 mmcblk0p73 1 0 128 1 0 0 0 0 0 4 0 0 0 0 0
 259      42 mmcblk0p74 0 0 0 0 0 0 0 0 0 0 0 0 0 0 0
 259      43 mmcblk0p75 0 0 0 0 0 0 0 0 0 0 0 0 0 0 0
 259      44 mmcblk0p76 0 0 0 0 0 0 0 0 0 0 0 0 0 0 0
 259      45 mmcblk0p77 0 0 0 0 0 0 0 0 0 0 0 0 0 0 0
 259      46 mmcblk0p78 0 0 0 0 0 0 0 0 0 0 0 0 0 0 0
 259      47 mmcblk0p79 0 0 0 0 0 0 0 0 0 0 0 0 0 0 0
 259      48 mmcblk0p80 0 0 0 0 0 0 0 0 0 0 0 0 0 0 0
 253       0 dm-0 168 0 1368 356 0 0 0 0 0 68 356 0 0 0 0
 253       1 dm-1 2498 0 126696 3812 0 0 0 0 0 1668 3812 0 0 0 0
 253       2 dm-2 809 0 32080 1056 0 0 0 0 0 664 1056 0 0 0 0
 253       3 dm-3 1076 0 33928 1224 0 0 0 0 0 768 1224 0 0 0 0
 253       4 dm-4 1368 0 117656 1620 0 0 0 0 0 1688 1620 0 0 0 0
 253       5 dm-5 560 0 30088 684 0 0 0 0 0 688 684 0 0 0 0
 253       6 dm-6 575 0 29920 456 0 0 0 0 0 768 456 0 0 0 0
 253       7 dm-7 39 0 336 44 0 0 0 0 0 72 44 0 0 0 0
   7     128 loop16 12 0 144 16 0 0 0 0 0 44 8 0 0 0 0
   7     136 loop17 27 0 216 27 0 0 0 0 0 32 0 0 0 0 0
   7     144 loop18 12 0 120 14 0 0 0 0 0 40 4 0 0 0 0
   7     152 loop19 24 0 192 26 0 0 0 0 0 28 0 0 0 0 0
   7     160 loop20 17 0 280 11 0 0 0 0 0 48 4 0 0 0 0
   7     168 loop21 17 0 288 6 0 0 0 0 0 44 0 0 0 0 0
   7     176 loop22 12 0 96 6 0 0 0 0 0 40 0 0 0 0 0
   7     184 loop23 27 0 376 12 0 0 0 0 0 56 0 0 0 0 0
   7     192 loop24 20 1 472 15 0 0 0 0 0 52 4 0 0 0 0
   7     200 loop25 28 0 736 11 0 0 0 0 0 48 0 0 0 0 0
   7     208 loop26 11 0 88 4 0 0 0 0 0 20 0 0 0 0 0
   7     216 loop27 9 0 72 4 0 0 0 0 0 20 0 0 0 0 0
   7     224 loop28 17 0 296 7 0 0 0 0 0 56 0 0 0 0 0
   7     232 loop29 14 0 112 10 0 0 0 0 0 28 0 0 0 0 0
   7     240 loop30 20 0 312 7 0 0 0 0 0 48 0 0 0 0 0
   7     248 loop31 25 0 384 10 0 0 0 0 0 56 0 0 0 0 0
   7     256 loop32 9 0 72 4 0 0 0 0 0 20 0 0 0 0 0
   7     264 loop33 23 1 496 9 0 0 0 0 0 44 0 0 0 0 0
   7     272 loop34 22 0 480 8 0 0 0 0 0 52 0 0 0 0 0
   7     280 loop35 21 0 472 8 0 0 0 0 0 44 0 0 0 0 0
   7     288 loop36 46 0 5560 36 0 0 0 0 0 64 0 0 0 0 0
   7     296 loop37 17 0 224 6 0 0 0 0 0 40 0 0 0 0 0
   7     304 loop38 63 0 1384 29 0 0 0 0 0 104 0 0 0 0 0
   7     312 loop39 18 0 144 7 0 0 0 0 0 24 0 0 0 0 0
 253       8 dm-8 0 0 0 0 0 0 0 0 0 0 0 0 0 0 0
 253       9 dm-9 17 0 440 12 0 0 0 0 0 48 12 0 0 0 0
 253      10 dm-10 54 0 1312 36 0 0 0 0 0 100 36 0 0 0 0
 253      11 dm-11 117 0 13216 112 0 0 0 0 0 212 112 0 0 0 0
 253      12 dm-12 0 0 0 0 0 0 0 0 0 0 0 0 0 0 0
 253      13 dm-13 16 0 432 8 0 0 0 0 0 40 8 0 0 0 0
 253      14 dm-14 0 0 0 0 0 0 0 0 0 0 0 0 0 0 0
 253      15 dm-15 16 0 432 0 0 0 0 0 0 40 0 0 0 0 0
 253      16 dm-16 0 0 0 0 0 0 0 0 0 0 0 0 0 0 0
 253      17 dm-17 0 0 0 0 0 0 0 0 0 0 0 0 0 0 0
 253      18 dm-18 5 0 40 4 0 0 0 0 0 12 4 0 0 0 0
 253      19 dm-19 9 0 72 8 0 0 0 0 0 20 8 0 0 0 0
 253      20 dm-20 14 0 112 0 0 0 0 0 0 16 0 0 0 0 0
 253      21 dm-21 15 0 272 4 0 0 0 0 0 44 4 0 0 0 0
 253      22 dm-22 15 0 280 16 0 0 0 0 0 60 16 0 0 0 0
 253      23 dm-23 0 0 0 0 0 0 0 0 0 0 0 0 0 0 0
 253      24 dm-24 15 0 208 4 0 0 0 0 0 36 4 0 0 0 0
 253      25 dm-25 5 0 40 8 0 0 0 0 0 20 8 0 0 0 0
 253      26 dm-26 7 0 56 8 0 0 0 0 0 16 8 0 0 0 0
 253      27 dm-27 0 0 0 0 0 0 0 0 0 0 0 0 0 0 0
 253      28 dm-28 23 0 696 12 0 0 0 0 0 44 12 0 0 0 0
 253      29 dm-29 0 0 0 0 0 0 0 0 0 0 0 0 0 0 0
 253      30 dm-30 0 0 0 0 0 0 0 0 0 0 0 0 0 0 0
 253      31 dm-31 0 0 0 0 0 0 0 0 0 0 0 0 0 0 0
 253      32 dm-32 20 0 344 4 0 0 0 0 0 52 4 0 0 0 0
 253      33 dm-33 0 0 0 0 0 0 0 0 0 0 0 0 0 0 0
 253      34 dm-34 15 0 424 16 0 0 0 0 0 48 16 0 0 0 0
 253      35 dm-35 8 0 64 24 0 0 0 0 0 36 24 0 0 0 0
 253      36 dm-36 22 0 336 24 0 0 0 0 0 56 24 0 0 0 0
 253      37 dm-37 0 0 0 0 0 0 0 0 0 0 0 0 0 0 0
 253      38 dm-38 13 0 256 4 0 0 0 0 0 44 4 0 0 0 0
 253      39 dm-39 13 0 248 12 0 0 0 0 0 44 12 0 0 0 0
 253      40 dm-40 0 0 0 0 0 0 0 0 0 0 0 0 0 0 0
 253      41 dm-41 0 0 0 0 0 0 0 0 0 0 0 0 0 0 0
 253      42 dm-42 0 0 0 0 0 0 0 0 0 0 0 0 0 0 0
 253      43 dm-43 1353 0 35936 2512 40 0 304 36 0 1124 2548 0 0 0 0

940
   1       0 ram0 0 0 0 0 0 0 0 0 0 0 0 0 0 0 0
   1       1 ram1 0 0 0 0 0 0 0 0 0 0 0 0 0 0 0
   1       2 ram2 0 0 0 0 0 0 0 0 0 0 0 0 0 0 0
   1       3 ram3 0 0 0 0 0 0 0 0 0 0 0 0 0 0 0
   1       4 ram4 0 0 0 0 0 0 0 0 0 0 0 0 0 0 0
   1       5 ram5 0 0 0 0 0 0 0 0 0 0 0 0 0 0 0
   1       6 ram6 0 0 0 0 0 0 0 0 0 0 0 0 0 0 0
   1       7 ram7 0 0 0 0 0 0 0 0 0 0 0 0 0 0 0
   1       8 ram8 0 0 0 0 0 0 0 0 0 0 0 0 0 0 0
   1       9 ram9 0 0 0 0 0 0 0 0 0 0 0 0 0 0 0
   1      10 ram10 0 0 0 0 0 0 0 0 0 0 0 0 0 0 0
   1      11 ram11 0 0 0 0 0 0 0 0 0 0 0 0 0 0 0
   1      12 ram12 0 0 0 0 0 0 0 0 0 0 0 0 0 0 0
   1      13 ram13 0 0 0 0 0 0 0 0 0 0 0 0 0 0 0
   1      14 ram14 0 0 0 0 0 0 0 0 0 0 0 0 0 0 0
   1      15 ram15 0 0 0 0 0 0 0 0 0 0 0 0 0 0 0
   7       0 loop0 183 0 16168 352 0 0 0 0 0 344 116 0 0 0 0
   7       8 loop1 70 0 9008 122 0 0 0 0 0 136 32 0 0 0 0
   7      16 loop2 27 0 216 13 0 0 0 0 0 32 0 0 0 0 0
   7      24 loop3 12 0 296 8 0 0 0 0 0 32 0 0 0 0 0
   7      32 loop4 36 1 3040 29 0 0 0 0 0 56 0 0 0 0 0
   7      40 loop5 15 0 576 11 0 0 0 0 0 44 0 0 0 0 0
   7      48 loop6 12 0 304 9 0 0 0 0 0 28 0 0 0 0 0
   7      56 loop7 16 0 432 8 0 0 0 0 0 60 0 0 0 0 0
   7      64 loop8 25 0 1408 16 0 0 0 0 0 96 0 0 0 0 0
   7      72 loop9 121 0 8936 128 0 0 0 0 0 152 8 0 0 0 0
   7      80 loop10 24 0 192 17 0 0 0 0 0 28 0 0 0 0 0
   7      88 loop11 16 0 256 10 0 0 0 0 0 56 0 0 0 0 0
   7      96 loop12 159 2 13784 96 0 0 0 0 0 220 0 0 0 0 0
   7     104 loop13 27 0 216 48 0 0 0 0 0 44 8 0 0 0 0
   7     112 loop14 12 0 240 7 0 0 0 0 0 36 0 0 0 0 0
   7     120 loop15 37 0 3560 101 0 0 0 0 0 148 56 0 0 0 0
 254       0 zram0 0 0 0 0 0 0 0 0 0 0 0 0 0 0 0
 179       0 mmcblk0 2020 1821 144350 1721 12 0 48 14 0 1592 376 0 0 0 0
 179       1 mmcblk0p1 0 0 0 0 0 0 0 0 0 0 0 0 0 0 0
 179       2 mmcblk0p2 0 0 0 0 0 0 0 0 0 0 0 0 0 0 0
 179       3 mmcblk0p3 0 0 0 0 0 0 0 0 0 0 0 0 0 0 0
 179       4 mmcblk0p4 16 0 146 3 1 0 8 0 0 12 0 0 0 0 0
 179       5 mmcblk0p5 0 0 0 0 0 0 0 0 0 0 0 0 0 0 0
 179       6 mmcblk0p6 0 0 0 0 0 0 0 0 0 0 0 0 0 0 0
 179       7 mmcblk0p7 0 0 0 0 0 0 0 0 0 0 0 0 0 0 0
 179       8 mmcblk0p8 0 0 0 0 0 0 0 0 0 0 0 0 0 0 0
 179       9 mmcblk0p9 0 0 0 0 0 0 0 0 0 0 0 0 0 0 0
 179      10 mmcblk0p10 0 0 0 0 0 0 0 0 0 0 0 0 0 0 0
 179      11 mmcblk0p11 0 0 0 0 0 0 0 0 0 0 0 0 0 0 0
 179      12 mmcblk0p12 0 0 0 0 0 0 0 0 0 0 0 0 0 0 0
 179      13 mmcblk0p13 0 0 0 0 0 0 0 0 0 0 0 0 0 0 0
 179      14 mmcblk0p14 0 0 0 0 0 0 0 0 0 0 0 0 0 0 0
 179      15 mmcblk0p15 0 0 0 0 0 0 0 0 0 0 0 0 0 0 0
 179      16 mmcblk0p16 0 0 0 0 0 0 0 0 0 0 0 0 0 0 0
 179      17 mmcblk0p17 0 0 0 0 0 0 0 0 0 0 0 0 0 0 0
 179      18 mmcblk0p18 0 0 0 0 0 0 0 0 0 0 0 0 0 0 0
 179      19 mmcblk0p19 0 0 0 0 0 0 0 0 0 0 0 0 0 0 0
 179      20 mmcblk0p20 0 0 0 0 0 0 0 0 0 0 0 0 0 0 0
 179      21 mmcblk0p21 54 57 111 17 0 0 0 0 0 28 0 0 0 0 0
 179      22 mmcblk0p22 0 0 0 0 0 0 0 0 0 0 0 0 0 0 0
 179      23 mmcblk0p23 33 6 330 14 0 0 0 0 0 12 0 0 0 0 0
 179      24 mmcblk0p24 0 0 0 0 0 0 0 0 0 0 0 0 0 0 0
 179      25 mmcblk0p25 0 0 0 0 0 0 0 0 0 0 0 0 0 0 0
 179      26 mmcblk0p26 0 0 0 0 0 0 0 0 0 0 0 0 0 0 0
 179      27 mmcblk0p27 0 0 0 0 0 0 0 0 0 0 0 0 0 0 0
 179      28 mmcblk0p28 0 0 0 0 0 0 0 0 0 0 0 0 0 0 0
 179      29 mmcblk0p29 0 0 0 0 0 0 0 0 0 0 0 0 0 0 0
 179      30 mmcblk0p30 0 0 0 0 0 0 0 0 0 0 0 0 0 0 0
 179      31 mmcblk0p31 0 0 0 0 0 0 0 0 0 0 0 0 0 0 0
 259       0 mmcblk0p32 9 0 65 1 0 0 0 0 0 12 0 0 0 0 0
 259       1 mmcblk0p33 0 0 0 0 0 0 0 0 0 0 0 0 0 0 0
 259       2 mmcblk0p34 0 0 0 0 0 0 0 0 0 0 0 0 0 0 0
 259       3 mmcblk0p35 0 0 0 0 0 0 0 0 0 0 0 0 0 0 0
 259       4 mmcblk0p36 0 0 0 0 0 0 0 0 0 0 0 0 0 0 0
 259       5 mmcblk0p37 0 0 0 0 0 0 0 0 0 0 0 0 0 0 0
 259       6 mmcblk0p38 0 0 0 0 0 0 0 0 0 0 0 0 0 0 0
 259       7 mmcblk0p39 0 0 0 0 0 0 0 0 0 0 0 0 0 0 0
 259       8 mmcblk0p40 0 0 0 0 0 0 0 0 0 0 0 0 0 0 0
 259       9 mmcblk0p41 0 0 0 0 0 0 0 0 0 0 0 0 0 0 0
 259      10 mmcblk0p42 0 0 0 0 0 0 0 0 0 0 0 0 0 0 0
 259      11 mmcblk0p43 0 0 0 0 0 0 0 0 0 0 0 0 0 0 0
 259      12 mmcblk0p44 0 0 0 0 0 0 0 0 0 0 0 0 0 0 0
 259      13 mmcblk0p45 0 0 0 0 0 0 0 0 0 0 0 0 0 0 0
 259      14 mmcblk0p46 0 0 0 0 0 0 0 0 0 0 0 0 0 0 0
 259      15 mmcblk0p47 0 0 0 0 0 0 0 0 0 0 0 0 0 0 0
 259      16 mmcblk0p48 0 0 0 0 0 0 0 0 0 0 0 0 0 0 0
 259      17 mmcblk0p49 0 0 0 0 0 0 0 0 0 0 0 0 0 0 0
 259      18 mmcblk0p50 0 0 0 0 0 0 0 0 0 0 0 0 0 0 0
 259      19 mmcblk0p51 0 0 0 0 0 0 0 0 0 0 0 0 0 0 0
 259      20 mmcblk0p52 0 0 0 0 0 0 0 0 0 0 0 0 0 0 0
 259      21 mmcblk0p53 0 0 0 0 0 0 0 0 0 0 0 0 0 0 0
 259      22 mmcblk0p54 0 0 0 0 0 0 0 0 0 0 0 0 0 0 0
 259      23 mmcblk0p55 0 0 0 0 0 0 0 0 0 0 0 0 0 0 0
 259      24 mmcblk0p56 0 0 0 0 0 0 0 0 0 0 0 0 0 0 0
 259      25 mmcblk0p57 0 0 0 0 0 0 0 0 0 0 0 0 0 0 0
 259      26 mmcblk0p58 0 0 0 0 0 0 0 0 0 0 0 0 0 0 0
 259      27 mmcblk0p59 0 0 0 0 0 0 0 0 0 0 0 0 0 0 0
 259      28 mmcblk0p60 0 0 0 0 0 0 0 0 0 0 0 0 0 0 0
 259      29 mmcblk0p61 0 0 0 0 0 0 0 0 0 0 0 0 0 0 0
 259      30 mmcblk0p62 0 0 0 0 0 0 0 0 0 0 0 0 0 0 0
 259      31 mmcblk0p63 0 0 0 0 0 0 0 0 0 0 0 0 0 0 0
 259      32 mmcblk0p64 0 0 0 0 0 0 0 0 0 0 0 0 0 0 0
 259      33 mmcblk0p65 0 0 0 0 0 0 0 0 0 0 0 0 0 0 0
 259      34 mmcblk0p66 0 0 0 0 0 0 0 0 0 0 0 0 0 0 0
 259      35 mmcblk0p67 1851 1758 140712 1643 0 0 0 0 0 1520 360 0 0 0 0
 259      36 mmcblk0p68 1 0 128 1 0 0 0 0 0 4 0 0 0 0 0
 259      37 mmcblk0p69 0 0 0 0 0 0 0 0 0 0 0 0 0 0 0
 259      38 mmcblk0p70 0 0 0 0 0 0 0 0 0 0 0 0 0 0 0
 259      39 mmcblk0p71 0 0 0 0 0 0 0 0 0 0 0 0 0 0 0
 259      40 mmcblk0p72 47 0 2666 36 5 0 40 12 0 64 16 0 0 0 0
 259      41 mmcblk0p73 1 0 128 1 0 0 0 0 0 4 0 0 0 0 0
 259      42 mmcblk0p74 0 0 0 0 0 0 0 0 0 0 0 0 0 0 0
 259      43 mmcblk0p75 0 0 0 0 0 0 0 0 0 0 0 0 0 0 0
 259      44 mmcblk0p76 0 0 0 0 0 0 0 0 0 0 0 0 0 0 0
 259      45 mmcblk0p77 0 0 0 0 0 0 0 0 0 0 0 0 0 0 0
 259      46 mmcblk0p78 0 0 0 0 0 0 0 0 0 0 0 0 0 0 0
 259      47 mmcblk0p79 0 0 0 0 0 0 0 0 0 0 0 0 0 0 0
 259      48 mmcblk0p80 0 0 0 0 0 0 0 0 0 0 0 0 0 0 0
 253       0 dm-0 168 0 1368 356 0 0 0 0 0 68 356 0 0 0 0
 253       1 dm-1 2726 0 160992 4300 0 0 0 0 0 1888 4300 0 0 0 0
 253       2 dm-2 815 0 32128 1056 0 0 0 0 0 668 1056 0 0 0 0
 253       3 dm-3 1391 0 57840 3660 0 0 0 0 0 928 3660 0 0 0 0
 253       4 dm-4 1580 0 151824 2228 0 0 0 0 1 1904 2228 0 0 0 0
 253       5 dm-5 563 0 30112 684 0 0 0 0 0 692 684 0 0 0 0
 253       6 dm-6 890 0 53832 3100 0 0 0 0 0 932 3100 0 0 0 0
 253       7 dm-7 39 0 336 44 0 0 0 0 0 72 44 0 0 0 0
   7     128 loop16 12 0 144 16 0 0 0 0 0 44 8 0 0 0 0
   7     136 loop17 27 0 216 27 0 0 0 0 0 32 0 0 0 0 0
   7     144 loop18 12 0 120 14 0 0 0 0 0 40 4 0 0 0 0
   7     152 loop19 24 0 192 26 0 0 0 0 0 28 0 0 0 0 0
   7     160 loop20 17 0 280 11 0 0 0 0 0 48 4 0 0 0 0
   7     168 loop21 17 0 288 6 0 0 0 0 0 44 0 0 0 0 0
   7     176 loop22 12 0 96 6 0 0 0 0 0 40 0 0 0 0 0
   7     184 loop23 27 0 376 12 0 0 0 0 0 56 0 0 0 0 0
   7     192 loop24 20 1 472 15 0 0 0 0 0 52 4 0 0 0 0
   7     200 loop25 28 0 736 11 0 0 0 0 0 48 0 0 0 0 0
   7     208 loop26 11 0 88 4 0 0 0 0 0 20 0 0 0 0 0
   7     216 loop27 9 0 72 4 0 0 0 0 0 20 0 0 0 0 0
   7     224 loop28 17 0 296 7 0 0 0 0 0 56 0 0 0 0 0
   7     232 loop29 14 0 112 10 0 0 0 0 0 28 0 0 0 0 0
   7     240 loop30 20 0 312 7 0 0 0 0 0 48 0 0 0 0 0
   7     248 loop31 25 0 384 10 0 0 0 0 0 56 0 0 0 0 0
   7     256 loop32 23 0 1472 18 0 0 0 0 0 48 0 0 0 0 0
   7     264 loop33 23 1 496 9 0 0 0 0 0 44 0 0 0 0 0
   7     272 loop34 22 0 480 8 0 0 0 0 0 52 0 0 0 0 0
   7     280 loop35 21 0 472 8 0 0 0 0 0 44 0 0 0 0 0
   7     288 loop36 65 0 8168 111 0 0 0 0 0 116 44 0 0 0 0
   7     296 loop37 17 0 224 6 0 0 0 0 0 40 0 0 0 0 0
   7     304 loop38 79 1 2576 61 0 0 0 0 0 144 8 0 0 0 0
   7     312 loop39 18 0 144 7 0 0 0 0 0 24 0 0 0 0 0
 253       8 dm-8 0 0 0 0 0 0 0 0 0 0 0 0 0 0 0
 253       9 dm-9 17 0 440 12 0 0 0 0 0 48 12 0 0 0 0
 253      10 dm-10 66 0 2464 68 0 0 0 0 0 140 68 0 0 0 0
 253      11 dm-11 123 0 13480 120 0 0 0 0 0 224 120 0 0 0 0
 253      12 dm-12 0 0 0 0 0 0 0 0 0 0 0 0 0 0 0
 253      13 dm-13 16 0 432 8 0 0 0 0 0 40 8 0 0 0 0
 253      14 dm-14 0 0 0 0 0 0 0 0 0 0 0 0 0 0 0
 253      15 dm-15 16 0 432 0 0 0 0 0 0 40 0 0 0 0 0
 253      16 dm-16 0 0 0 0 0 0 0 0 0 0 0 0 0 0 0
 253      17 dm-17 0 0 0 0 0 0 0 0 0 0 0 0 0 0 0
 253      18 dm-18 16 0 1416 16 0 0 0 0 1 40 16 0 0 0 0
 253      19 dm-19 9 0 72 8 0 0 0 0 0 20 8 0 0 0 0
 253      20 dm-20 14 0 112 0 0 0 0 0 0 16 0 0 0 0 0
 253      21 dm-21 15 0 272 4 0 0 0 0 0 44 4 0 0 0 0
 253      22 dm-22 15 0 280 16 0 0 0 0 0 60 16 0 0 0 0
 253      23 dm-23 0 0 0 0 0 0 0 0 0 0 0 0 0 0 0
 253      24 dm-24 15 0 208 4 0 0 0 0 0 36 4 0 0 0 0
 253      25 dm-25 5 0 40 8 0 0 0 0 0 20 8 0 0 0 0
 253      26 dm-26 7 0 56 8 0 0 0 0 0 16 8 0 0 0 0
 253      27 dm-27 0 0 0 0 0 0 0 0 0 0 0 0 0 0 0
 253      28 dm-28 23 0 696 12 0 0 0 0 0 44 12 0 0 0 0
 253      29 dm-29 0 0 0 0 0 0 0 0 0 0 0 0 0 0 0
 253      30 dm-30 0 0 0 0 0 0 0 0 0 0 0 0 0 0 0
 253      31 dm-31 0 0 0 0 0 0 0 0 0 0 0 0 0 0 0
 253      32 dm-32 20 0 344 4 0 0 0 0 0 52 4 0 0 0 0
 253      33 dm-33 0 0 0 0 0 0 0 0 0 0 0 0 0 0 0
 253      34 dm-34 15 0 424 16 0 0 0 0 0 48 16 0 0 0 0
 253      35 dm-35 8 0 64 24 0 0 0 0 0 36 24 0 0 0 0
 253      36 dm-36 22 0 336 24 0 0 0 0 0 56 24 0 0 0 0
 253      37 dm-37 0 0 0 0 0 0 0 0 0 0 0 0 0 0 0
 253      38 dm-38 13 0 256 4 0 0 0 0 0 44 4 0 0 0 0
 253      39 dm-39 13 0 248 12 0 0 0 0 0 44 12 0 0 0 0
 253      40 dm-40 0 0 0 0 0 0 0 0 0 0 0 0 0 0 0
 253      41 dm-41 0 0 0 0 0 0 0 0 0 0 0 0 0 0 0
 253      42 dm-42 0 0 0 0 0 0 0 0 0 0 0 0 0 0 0
 253      43 dm-43 1394 0 38832 2556 40 0 304 36 0 1196 2592 0 0 0 0

964
   1       0 ram0 0 0 0 0 0 0 0 0 0 0 0 0 0 0 0
   1       1 ram1 0 0 0 0 0 0 0 0 0 0 0 0 0 0 0
   1       2 ram2 0 0 0 0 0 0 0 0 0 0 0 0 0 0 0
   1       3 ram3 0 0 0 0 0 0 0 0 0 0 0 0 0 0 0
   1       4 ram4 0 0 0 0 0 0 0 0 0 0 0 0 0 0 0
   1       5 ram5 0 0 0 0 0 0 0 0 0 0 0 0 0 0 0
   1       6 ram6 0 0 0 0 0 0 0 0 0 0 0 0 0 0 0
   1       7 ram7 0 0 0 0 0 0 0 0 0 0 0 0 0 0 0
   1       8 ram8 0 0 0 0 0 0 0 0 0 0 0 0 0 0 0
   1       9 ram9 0 0 0 0 0 0 0 0 0 0 0 0 0 0 0
   1      10 ram10 0 0 0 0 0 0 0 0 0 0 0 0 0 0 0
   1      11 ram11 0 0 0 0 0 0 0 0 0 0 0 0 0 0 0
   1      12 ram12 0 0 0 0 0 0 0 0 0 0 0 0 0 0 0
   1      13 ram13 0 0 0 0 0 0 0 0 0 0 0 0 0 0 0
   1      14 ram14 0 0 0 0 0 0 0 0 0 0 0 0 0 0 0
   1      15 ram15 0 0 0 0 0 0 0 0 0 0 0 0 0 0 0
   7       0 loop0 183 0 16168 352 0 0 0 0 0 344 116 0 0 0 0
   7       8 loop1 70 0 9008 122 0 0 0 0 0 136 32 0 0 0 0
   7      16 loop2 27 0 216 13 0 0 0 0 0 32 0 0 0 0 0
   7      24 loop3 12 0 296 8 0 0 0 0 0 32 0 0 0 0 0
   7      32 loop4 36 1 3040 29 0 0 0 0 0 56 0 0 0 0 0
   7      40 loop5 30 0 1528 24 0 0 0 0 0 60 0 0 0 0 0
   7      48 loop6 12 0 304 9 0 0 0 0 0 28 0 0 0 0 0
   7      56 loop7 16 0 432 8 0 0 0 0 0 60 0 0 0 0 0
   7      64 loop8 25 0 1408 16 0 0 0 0 0 96 0 0 0 0 0
   7      72 loop9 121 0 8936 128 0 0 0 0 0 152 8 0 0 0 0
   7      80 loop10 24 0 192 17 0 0 0 0 0 28 0 0 0 0 0
   7      88 loop11 16 0 256 10 0 0 0 0 0 56 0 0 0 0 0
   7      96 loop12 168 2 14600 103 0 0 0 0 0 236 0 0 0 0 0
   7     104 loop13 27 0 216 48 0 0 0 0 0 44 8 0 0 0 0
   7     112 loop14 12 0 240 7 0 0 0 0 0 36 0 0 0 0 0
   7     120 loop15 37 0 3560 101 0 0 0 0 0 148 56 0 0 0 0
 254       0 zram0 0 0 0 0 0 0 0 0 0 0 0 0 0 0 0
 179       0 mmcblk0 2020 1821 144350 1721 12 0 48 14 0 1592 376 0 0 0 0
 179       1 mmcblk0p1 0 0 0 0 0 0 0 0 0 0 0 0 0 0 0
 179       2 mmcblk0p2 0 0 0 0 0 0 0 0 0 0 0 0 0 0 0
 179       3 mmcblk0p3 0 0 0 0 0 0 0 0 0 0 0 0 0 0 0
 179       4 mmcblk0p4 16 0 146 3 1 0 8 0 0 12 0 0 0 0 0
 179       5 mmcblk0p5 0 0 0 0 0 0 0 0 0 0 0 0 0 0 0
 179       6 mmcblk0p6 0 0 0 0 0 0 0 0 0 0 0 0 0 0 0
 179       7 mmcblk0p7 0 0 0 0 0 0 0 0 0 0 0 0 0 0 0
 179       8 mmcblk0p8 0 0 0 0 0 0 0 0 0 0 0 0 0 0 0
 179       9 mmcblk0p9 0 0 0 0 0 0 0 0 0 0 0 0 0 0 0
 179      10 mmcblk0p10 0 0 0 0 0 0 0 0 0 0 0 0 0 0 0
 179      11 mmcblk0p11 0 0 0 0 0 0 0 0 0 0 0 0 0 0 0
 179      12 mmcblk0p12 0 0 0 0 0 0 0 0 0 0 0 0 0 0 0
 179      13 mmcblk0p13 0 0 0 0 0 0 0 0 0 0 0 0 0 0 0
 179      14 mmcblk0p14 0 0 0 0 0 0 0 0 0 0 0 0 0 0 0
 179      15 mmcblk0p15 0 0 0 0 0 0 0 0 0 0 0 0 0 0 0
 179      16 mmcblk0p16 0 0 0 0 0 0 0 0 0 0 0 0 0 0 0
 179      17 mmcblk0p17 0 0 0 0 0 0 0 0 0 0 0 0 0 0 0
 179      18 mmcblk0p18 0 0 0 0 0 0 0 0 0 0 0 0 0 0 0
 179      19 mmcblk0p19 0 0 0 0 0 0 0 0 0 0 0 0 0 0 0
 179      20 mmcblk0p20 0 0 0 0 0 0 0 0 0 0 0 0 0 0 0
 179      21 mmcblk0p21 54 57 111 17 0 0 0 0 0 28 0 0 0 0 0
 179      22 mmcblk0p22 0 0 0 0 0 0 0 0 0 0 0 0 0 0 0
 179      23 mmcblk0p23 33 6 330 14 0 0 0 0 0 12 0 0 0 0 0
 179      24 mmcblk0p24 0 0 0 0 0 0 0 0 0 0 0 0 0 0 0
 179      25 mmcblk0p25 0 0 0 0 0 0 0 0 0 0 0 0 0 0 0
 179      26 mmcblk0p26 0 0 0 0 0 0 0 0 0 0 0 0 0 0 0
 179      27 mmcblk0p27 0 0 0 0 0 0 0 0 0 0 0 0 0 0 0
 179      28 mmcblk0p28 0 0 0 0 0 0 0 0 0 0 0 0 0 0 0
 179      29 mmcblk0p29 0 0 0 0 0 0 0 0 0 0 0 0 0 0 0
 179      30 mmcblk0p30 0 0 0 0 0 0 0 0 0 0 0 0 0 0 0
 179      31 mmcblk0p31 0 0 0 0 0 0 0 0 0 0 0 0 0 0 0
 259       0 mmcblk0p32 9 0 65 1 0 0 0 0 0 12 0 0 0 0 0
 259       1 mmcblk0p33 0 0 0 0 0 0 0 0 0 0 0 0 0 0 0
 259       2 mmcblk0p34 0 0 0 0 0 0 0 0 0 0 0 0 0 0 0
 259       3 mmcblk0p35 0 0 0 0 0 0 0 0 0 0 0 0 0 0 0
 259       4 mmcblk0p36 0 0 0 0 0 0 0 0 0 0 0 0 0 0 0
 259       5 mmcblk0p37 0 0 0 0 0 0 0 0 0 0 0 0 0 0 0
 259       6 mmcblk0p38 0 0 0 0 0 0 0 0 0 0 0 0 0 0 0
 259       7 mmcblk0p39 0 0 0 0 0 0 0 0 0 0 0 0 0 0 0
 259       8 mmcblk0p40 0 0 0 0 0 0 0 0 0 0 0 0 0 0 0
 259       9 mmcblk0p41 0 0 0 0 0 0 0 0 0 0 0 0 0 0 0
 259      10 mmcblk0p42 0 0 0 0 0 0 0 0 0 0 0 0 0 0 0
 259      11 mmcblk0p43 0 0 0 0 0 0 0 0 0 0 0 0 0 0 0
 259      12 mmcblk0p44 0 0 0 0 0 0 0 0 0 0 0 0 0 0 0
 259      13 mmcblk0p45 0 0 0 0 0 0 0 0 0 0 0 0 0 0 0
 259      14 mmcblk0p46 0 0 0 0 0 0 0 0 0 0 0 0 0 0 0
 259      15 mmcblk0p47 0 0 0 0 0 0 0 0 0 0 0 0 0 0 0
 259      16 mmcblk0p48 0 0 0 0 0 0 0 0 0 0 0 0 0 0 0
 259      17 mmcblk0p49 0 0 0 0 0 0 0 0 0 0 0 0 0 0 0
 259      18 mmcblk0p50 0 0 0 0 0 0 0 0 0 0 0 0 0 0 0
 259      19 mmcblk0p51 0 0 0 0 0 0 0 0 0 0 0 0 0 0 0
 259      20 mmcblk0p52 0 0 0 0 0 0 0 0 0 0 0 0 0 0 0
 259      21 mmcblk0p53 0 0 0 0 0 0 0 0 0 0 0 0 0 0 0
 259      22 mmcblk0p54 0 0 0 0 0 0 0 0 0 0 0 0 0 0 0
 259      23 mmcblk0p55 0 0 0 0 0 0 0 0 0 0 0 0 0 0 0
 259      24 mmcblk0p56 0 0 0 0 0 0 0 0 0 0 0 0 0 0 0
 259      25 mmcblk0p57 0 0 0 0 0 0 0 0 0 0 0 0 0 0 0
 259      26 mmcblk0p58 0 0 0 0 0 0 0 0 0 0 0 0 0 0 0
 259      27 mmcblk0p59 0 0 0 0 0 0 0 0 0 0 0 0 0 0 0
 259      28 mmcblk0p60 0 0 0 0 0 0 0 0 0 0 0 0 0 0 0
 259      29 mmcblk0p61 0 0 0 0 0 0 0 0 0 0 0 0 0 0 0
 259      30 mmcblk0p62 0 0 0 0 0 0 0 0 0 0 0 0 0 0 0
 259      31 mmcblk0p63 0 0 0 0 0 0 0 0 0 0 0 0 0 0 0
 259      32 mmcblk0p64 0 0 0 0 0 0 0 0 0 0 0 0 0 0 0
 259      33 mmcblk0p65 0 0 0 0 0 0 0 0 0 0 0 0 0 0 0
 259      34 mmcblk0p66 0 0 0 0 0 0 0 0 0 0 0 0 0 0 0
 259      35 mmcblk0p67 1851 1758 140712 1643 0 0 0 0 0 1520 360 0 0 0 0
 259      36 mmcblk0p68 1 0 128 1 0 0 0 0 0 4 0 0 0 0 0
 259      37 mmcblk0p69 0 0 0 0 0 0 0 0 0 0 0 0 0 0 0
 259      38 mmcblk0p70 0 0 0 0 0 0 0 0 0 0 0 0 0 0 0
 259      39 mmcblk0p71 0 0 0 0 0 0 0 0 0 0 0 0 0 0 0
 259      40 mmcblk0p72 47 0 2666 36 5 0 40 12 0 64 16 0 0 0 0
 259      41 mmcblk0p73 1 0 128 1 0 0 0 0 0 4 0 0 0 0 0
 259      42 mmcblk0p74 0 0 0 0 0 0 0 0 0 0 0 0 0 0 0
 259      43 mmcblk0p75 0 0 0 0 0 0 0 0 0 0 0 0 0 0 0
 259      44 mmcblk0p76 0 0 0 0 0 0 0 0 0 0 0 0 0 0 0
 259      45 mmcblk0p77 0 0 0 0 0 0 0 0 0 0 0 0 0 0 0
 259      46 mmcblk0p78 0 0 0 0 0 0 0 0 0 0 0 0 0 0 0
 259      47 mmcblk0p79 0 0 0 0 0 0 0 0 0 0 0 0 0 0 0
 259      48 mmcblk0p80 0 0 0 0 0 0 0 0 0 0 0 0 0 0 0
 253       0 dm-0 168 0 1368 356 0 0 0 0 0 68 356 0 0 0 0
 253       1 dm-1 3093 0 209600 4596 0 0 0 0 1 2128 4596 0 0 0 0
 253       2 dm-2 815 0 32128 1056 0 0 0 0 0 668 1056 0 0 0 0
 253       3 dm-3 1392 0 57848 3660 0 0 0 0 0 932 3660 0 0 0 0
 253       4 dm-4 1910 0 200136 2684 0 0 0 0 2 2140 2684 0 0 0 0
 253       5 dm-5 563 0 30112 684 0 0 0 0 0 692 684 0 0 0 0
 253       6 dm-6 891 0 53840 3100 0 0 0 0 0 936 3100 0 0 0 0
 253       7 dm-7 39 0 336 44 0 0 0 0 0 72 44 0 0 0 0
   7     128 loop16 12 0 144 16 0 0 0 0 0 44 8 0 0 0 0
   7     136 loop17 27 0 216 27 0 0 0 0 0 32 0 0 0 0 0
   7     144 loop18 12 0 120 14 0 0 0 0 0 40 4 0 0 0 0
   7     152 loop19 24 0 192 26 0 0 0 0 0 28 0 0 0 0 0
   7     160 loop20 17 0 280 11 0 0 0 0 0 48 4 0 0 0 0
   7     168 loop21 17 0 288 6 0 0 0 0 0 44 0 0 0 0 0
   7     176 loop22 12 0 96 6 0 0 0 0 0 40 0 0 0 0 0
   7     184 loop23 27 0 376 12 0 0 0 0 0 56 0 0 0 0 0
   7     192 loop24 20 1 472 15 0 0 0 0 0 52 4 0 0 0 0
   7     200 loop25 28 0 736 11 0 0 0 0 0 48 0 0 0 0 0
   7     208 loop26 11 0 88 4 0 0 0 0 0 20 0 0 0 0 0
   7     216 loop27 9 0 72 4 0 0 0 0 0 20 0 0 0 0 0
   7     224 loop28 17 0 296 7 0 0 0 0 0 56 0 0 0 0 0
   7     232 loop29 14 0 112 10 0 0 0 0 0 28 0 0 0 0 0
   7     240 loop30 20 0 312 7 0 0 0 0 0 48 0 0 0 0 0
   7     248 loop31 25 0 384 10 0 0 0 0 0 56 0 0 0 0 0
   7     256 loop32 50 0 6440 49 0 0 0 0 0 116 4 0 0 0 0
   7     264 loop33 23 1 496 9 0 0 0 0 0 44 0 0 0 0 0
   7     272 loop34 22 0 480 8 0 0 0 0 0 52 0 0 0 0 0
   7     280 loop35 21 0 472 8 0 0 0 0 0 44 0 0 0 0 0
   7     288 loop36 66 0 8176 112 0 0 0 0 0 120 44 0 0 0 0
   7     296 loop37 17 0 224 6 0 0 0 0 0 40 0 0 0 0 0
   7     304 loop38 86 1 3768 68 0 0 0 0 0 168 8 0 0 0 0
   7     312 loop39 18 0 144 7 0 0 0 0 0 24 0 0 0 0 0
 253       8 dm-8 0 0 0 0 0 0 0 0 0 0 0 0 0 0 0
 253       9 dm-9 17 0 440 12 0 0 0 0 0 48 12 0 0 0 0
 253      10 dm-10 73 0 3656 80 0 0 0 0 0 164 80 0 0 0 0
 253      11 dm-11 130 0 14280 136 0 0 0 0 0 240 136 0 0 0 0
 253      12 dm-12 0 0 0 0 0 0 0 0 0 0 0 0 0 0 0
 253      13 dm-13 16 0 432 8 0 0 0 0 0 40 8 0 0 0 0
 253      14 dm-14 0 0 0 0 0 0 0 0 0 0 0 0 0 0 0
 253      15 dm-15 16 0 432 0 0 0 0 0 0 40 0 0 0 0 0
 253      16 dm-16 0 0 0 0 0 0 0 0 0 0 0 0 0 0 0
 253      17 dm-17 0 0 0 0 0 0 0 0 0 0 0 0 0 0 0
 253      18 dm-18 39 0 6352 44 0 0 0 0 1 108 44 0 0 0 0
 253      19 dm-19 9 0 72 8 0 0 0 0 0 20 8 0 0 0 0
 253      20 dm-20 14 0 112 0 0 0 0 0 0 16 0 0 0 0 0
 253      21 dm-21 15 0 272 4 0 0 0 0 0 44 4 0 0 0 0
 253      22 dm-22 15 0 280 16 0 0 0 0 0 60 16 0 0 0 0
 253      23 dm-23 0 0 0 0 0 0 0 0 0 0 0 0 0 0 0
 253      24 dm-24 15 0 208 4 0 0 0 0 0 36 4 0 0 0 0
 253      25 dm-25 5 0 40 8 0 0 0 0 0 20 8 0 0 0 0
 253      26 dm-26 7 0 56 8 0 0 0 0 0 16 8 0 0 0 0
 253      27 dm-27 0 0 0 0 0 0 0 0 0 0 0 0 0 0 0
 253      28 dm-28 23 0 696 12 0 0 0 0 0 44 12 0 0 0 0
 253      29 dm-29 0 0 0 0 0 0 0 0 0 0 0 0 0 0 0
 253      30 dm-30 0 0 0 0 0 0 0 0 0 0 0 0 0 0 0
 253      31 dm-31 0 0 0 0 0 0 0 0 0 0 0 0 0 0 0
 253      32 dm-32 20 0 344 4 0 0 0 0 0 52 4 0 0 0 0
 253      33 dm-33 0 0 0 0 0 0 0 0 0 0 0 0 0 0 0
 253      34 dm-34 15 0 424 16 0 0 0 0 0 48 16 0 0 0 0
 253      35 dm-35 8 0 64 24 0 0 0 0 0 36 24 0 0 0 0
 253      36 dm-36 22 0 336 24 0 0 0 0 0 56 24 0 0 0 0
 253      37 dm-37 0 0 0 0 0 0 0 0 0 0 0 0 0 0 0
 253      38 dm-38 13 0 256 4 0 0 0 0 0 44 4 0 0 0 0
 253      39 dm-39 13 0 248 12 0 0 0 0 0 44 12 0 0 0 0
 253      40 dm-40 0 0 0 0 0 0 0 0 0 0 0 0 0 0 0
 253      41 dm-41 0 0 0 0 0 0 0 0 0 0 0 0 0 0 0
 253      42 dm-42 0 0 0 0 0 0 0 0 0 0 0 0 0 0 0
 253      43 dm-43 1439 0 45824 2576 51 0 792 56 0 1312 2632 0 0 0 0

988
   1       0 ram0 0 0 0 0 0 0 0 0 0 0 0 0 0 0 0
   1       1 ram1 0 0 0 0 0 0 0 0 0 0 0 0 0 0 0
   1       2 ram2 0 0 0 0 0 0 0 0 0 0 0 0 0 0 0
   1       3 ram3 0 0 0 0 0 0 0 0 0 0 0 0 0 0 0
   1       4 ram4 0 0 0 0 0 0 0 0 0 0 0 0 0 0 0
   1       5 ram5 0 0 0 0 0 0 0 0 0 0 0 0 0 0 0
   1       6 ram6 0 0 0 0 0 0 0 0 0 0 0 0 0 0 0
   1       7 ram7 0 0 0 0 0 0 0 0 0 0 0 0 0 0 0
   1       8 ram8 0 0 0 0 0 0 0 0 0 0 0 0 0 0 0
   1       9 ram9 0 0 0 0 0 0 0 0 0 0 0 0 0 0 0
   1      10 ram10 0 0 0 0 0 0 0 0 0 0 0 0 0 0 0
   1      11 ram11 0 0 0 0 0 0 0 0 0 0 0 0 0 0 0
   1      12 ram12 0 0 0 0 0 0 0 0 0 0 0 0 0 0 0
   1      13 ram13 0 0 0 0 0 0 0 0 0 0 0 0 0 0 0
   1      14 ram14 0 0 0 0 0 0 0 0 0 0 0 0 0 0 0
   1      15 ram15 0 0 0 0 0 0 0 0 0 0 0 0 0 0 0
   7       0 loop0 183 0 16168 352 0 0 0 0 0 344 116 0 0 0 0
   7       8 loop1 70 0 9008 122 0 0 0 0 0 136 32 0 0 0 0
   7      16 loop2 27 0 216 13 0 0 0 0 0 32 0 0 0 0 0
   7      24 loop3 12 0 296 8 0 0 0 0 0 32 0 0 0 0 0
   7      32 loop4 36 1 3040 29 0 0 0 0 0 56 0 0 0 0 0
   7      40 loop5 41 0 2624 36 0 0 0 0 0 84 0 0 0 0 0
   7      48 loop6 12 0 304 9 0 0 0 0 0 28 0 0 0 0 0
   7      56 loop7 16 0 432 8 0 0 0 0 0 60 0 0 0 0 0
   7      64 loop8 25 0 1408 16 0 0 0 0 0 96 0 0 0 0 0
   7      72 loop9 121 0 8936 128 0 0 0 0 0 152 8 0 0 0 0
   7      80 loop10 24 0 192 17 0 0 0 0 0 28 0 0 0 0 0
   7      88 loop11 16 0 256 10 0 0 0 0 0 56 0 0 0 0 0
   7      96 loop12 168 2 14600 103 0 0 0 0 0 236 0 0 0 0 0
   7     104 loop13 27 0 216 48 0 0 0 0 0 44 8 0 0 0 0
   7     112 loop14 12 0 240 7 0 0 0 0 0 36 0 0 0 0 0
   7     120 loop15 37 0 3560 101 0 0 0 0 0 148 56 0 0 0 0
 254       0 zram0 0 0 0 0 0 0 0 0 0 0 0 0 0 0 0
 179       0 mmcblk0 2020 1821 144350 1721 12 0 48 14 0 1592 376 0 0 0 0
 179       1 mmcblk0p1 0 0 0 0 0 0 0 0 0 0 0 0 0 0 0
 179       2 mmcblk0p2 0 0 0 0 0 0 0 0 0 0 0 0 0 0 0
 179       3 mmcblk0p3 0 0 0 0 0 0 0 0 0 0 0 0 0 0 0
 179       4 mmcblk0p4 16 0 146 3 1 0 8 0 0 12 0 0 0 0 0
 179       5 mmcblk0p5 0 0 0 0 0 0 0 0 0 0 0 0 0 0 0
 179       6 mmcblk0p6 0 0 0 0 0 0 0 0 0 0 0 0 0 0 0
 179       7 mmcblk0p7 0 0 0 0 0 0 0 0 0 0 0 0 0 0 0
 179       8 mmcblk0p8 0 0 0 0 0 0 0 0 0 0 0 0 0 0 0
 179       9 mmcblk0p9 0 0 0 0 0 0 0 0 0 0 0 0 0 0 0
 179      10 mmcblk0p10 0 0 0 0 0 0 0 0 0 0 0 0 0 0 0
 179      11 mmcblk0p11 0 0 0 0 0 0 0 0 0 0 0 0 0 0 0
 179      12 mmcblk0p12 0 0 0 0 0 0 0 0 0 0 0 0 0 0 0
 179      13 mmcblk0p13 0 0 0 0 0 0 0 0 0 0 0 0 0 0 0
 179      14 mmcblk0p14 0 0 0 0 0 0 0 0 0 0 0 0 0 0 0
 179      15 mmcblk0p15 0 0 0 0 0 0 0 0 0 0 0 0 0 0 0
 179      16 mmcblk0p16 0 0 0 0 0 0 0 0 0 0 0 0 0 0 0
 179      17 mmcblk0p17 0 0 0 0 0 0 0 0 0 0 0 0 0 0 0
 179      18 mmcblk0p18 0 0 0 0 0 0 0 0 0 0 0 0 0 0 0
 179      19 mmcblk0p19 0 0 0 0 0 0 0 0 0 0 0 0 0 0 0
 179      20 mmcblk0p20 0 0 0 0 0 0 0 0 0 0 0 0 0 0 0
 179      21 mmcblk0p21 54 57 111 17 0 0 0 0 0 28 0 0 0 0 0
 179      22 mmcblk0p22 0 0 0 0 0 0 0 0 0 0 0 0 0 0 0
 179      23 mmcblk0p23 33 6 330 14 0 0 0 0 0 12 0 0 0 0 0
 179      24 mmcblk0p24 0 0 0 0 0 0 0 0 0 0 0 0 0 0 0
 179      25 mmcblk0p25 0 0 0 0 0 0 0 0 0 0 0 0 0 0 0
 179      26 mmcblk0p26 0 0 0 0 0 0 0 0 0 0 0 0 0 0 0
 179      27 mmcblk0p27 0 0 0 0 0 0 0 0 0 0 0 0 0 0 0
 179      28 mmcblk0p28 0 0 0 0 0 0 0 0 0 0 0 0 0 0 0
 179      29 mmcblk0p29 0 0 0 0 0 0 0 0 0 0 0 0 0 0 0
 179      30 mmcblk0p30 0 0 0 0 0 0 0 0 0 0 0 0 0 0 0
 179      31 mmcblk0p31 0 0 0 0 0 0 0 0 0 0 0 0 0 0 0
 259       0 mmcblk0p32 9 0 65 1 0 0 0 0 0 12 0 0 0 0 0
 259       1 mmcblk0p33 0 0 0 0 0 0 0 0 0 0 0 0 0 0 0
 259       2 mmcblk0p34 0 0 0 0 0 0 0 0 0 0 0 0 0 0 0
 259       3 mmcblk0p35 0 0 0 0 0 0 0 0 0 0 0 0 0 0 0
 259       4 mmcblk0p36 0 0 0 0 0 0 0 0 0 0 0 0 0 0 0
 259       5 mmcblk0p37 0 0 0 0 0 0 0 0 0 0 0 0 0 0 0
 259       6 mmcblk0p38 0 0 0 0 0 0 0 0 0 0 0 0 0 0 0
 259       7 mmcblk0p39 0 0 0 0 0 0 0 0 0 0 0 0 0 0 0
 259       8 mmcblk0p40 0 0 0 0 0 0 0 0 0 0 0 0 0 0 0
 259       9 mmcblk0p41 0 0 0 0 0 0 0 0 0 0 0 0 0 0 0
 259      10 mmcblk0p42 0 0 0 0 0 0 0 0 0 0 0 0 0 0 0
 259      11 mmcblk0p43 0 0 0 0 0 0 0 0 0 0 0 0 0 0 0
 259      12 mmcblk0p44 0 0 0 0 0 0 0 0 0 0 0 0 0 0 0
 259      13 mmcblk0p45 0 0 0 0 0 0 0 0 0 0 0 0 0 0 0
 259      14 mmcblk0p46 0 0 0 0 0 0 0 0 0 0 0 0 0 0 0
 259      15 mmcblk0p47 0 0 0 0 0 0 0 0 0 0 0 0 0 0 0
 259      16 mmcblk0p48 0 0 0 0 0 0 0 0 0 0 0 0 0 0 0
 259      17 mmcblk0p49 0 0 0 0 0 0 0 0 0 0 0 0 0 0 0
 259      18 mmcblk0p50 0 0 0 0 0 0 0 0 0 0 0 0 0 0 0
 259      19 mmcblk0p51 0 0 0 0 0 0 0 0 0 0 0 0 0 0 0
 259      20 mmcblk0p52 0 0 0 0 0 0 0 0 0 0 0 0 0 0 0
 259      21 mmcblk0p53 0 0 0 0 0 0 0 0 0 0 0 0 0 0 0
 259      22 mmcblk0p54 0 0 0 0 0 0 0 0 0 0 0 0 0 0 0
 259      23 mmcblk0p55 0 0 0 0 0 0 0 0 0 0 0 0 0 0 0
 259      24 mmcblk0p56 0 0 0 0 0 0 0 0 0 0 0 0 0 0 0
 259      25 mmcblk0p57 0 0 0 0 0 0 0 0 0 0 0 0 0 0 0
 259      26 mmcblk0p58 0 0 0 0 0 0 0 0 0 0 0 0 0 0 0
 259      27 mmcblk0p59 0 0 0 0 0 0 0 0 0 0 0 0 0 0 0
 259      28 mmcblk0p60 0 0 0 0 0 0 0 0 0 0 0 0 0 0 0
 259      29 mmcblk0p61 0 0 0 0 0 0 0 0 0 0 0 0 0 0 0
 259      30 mmcblk0p62 0 0 0 0 0 0 0 0 0 0 0 0 0 0 0
 259      31 mmcblk0p63 0 0 0 0 0 0 0 0 0 0 0 0 0 0 0
 259      32 mmcblk0p64 0 0 0 0 0 0 0 0 0 0 0 0 0 0 0
 259      33 mmcblk0p65 0 0 0 0 0 0 0 0 0 0 0 0 0 0 0
 259      34 mmcblk0p66 0 0 0 0 0 0 0 0 0 0 0 0 0 0 0
 259      35 mmcblk0p67 1851 1758 140712 1643 0 0 0 0 0 1520 360 0 0 0 0
 259      36 mmcblk0p68 1 0 128 1 0 0 0 0 0 4 0 0 0 0 0
 259      37 mmcblk0p69 0 0 0 0 0 0 0 0 0 0 0 0 0 0 0
 259      38 mmcblk0p70 0 0 0 0 0 0 0 0 0 0 0 0 0 0 0
 259      39 mmcblk0p71 0 0 0 0 0 0 0 0 0 0 0 0 0 0 0
 259      40 mmcblk0p72 47 0 2666 36 5 0 40 12 0 64 16 0 0 0 0
 259      41 mmcblk0p73 1 0 128 1 0 0 0 0 0 4 0 0 0 0 0
 259      42 mmcblk0p74 0 0 0 0 0 0 0 0 0 0 0 0 0 0 0
 259      43 mmcblk0p75 0 0 0 0 0 0 0 0 0 0 0 0 0 0 0
 259      44 mmcblk0p76 0 0 0 0 0 0 0 0 0 0 0 0 0 0 0
 259      45 mmcblk0p77 0 0 0 0 0 0 0 0 0 0 0 0 0 0 0
 259      46 mmcblk0p78 0 0 0 0 0 0 0 0 0 0 0 0 0 0 0
 259      47 mmcblk0p79 0 0 0 0 0 0 0 0 0 0 0 0 0 0 0
 259      48 mmcblk0p80 0 0 0 0 0 0 0 0 0 0 0 0 0 0 0
 253       0 dm-0 168 0 1368 356 0 0 0 0 0 68 356 0 0 0 0
 253       1 dm-1 3430 0 256192 4800 0 0 0 0 0 2356 4800 0 0 0 0
 253       2 dm-2 815 0 32128 1056 0 0 0 0 0 668 1056 0 0 0 0
 253       3 dm-3 1397 0 57888 3668 0 0 0 0 0 948 3668 0 0 0 0
 253       4 dm-4 2226 0 246560 3036 0 0 0 0 1 2368 3036 0 0 0 0
 253       5 dm-5 563 0 30112 684 0 0 0 0 0 692 684 0 0 0 0
 253       6 dm-6 895 0 53872 3104 0 0 0 0 0 952 3104 0 0 0 0
 253       7 dm-7 39 0 336 44 0 0 0 0 0 72 44 0 0 0 0
   7     128 loop16 12 0 144 16 0 0 0 0 0 44 8 0 0 0 0
   7     136 loop17 27 0 216 27 0 0 0 0 0 32 0 0 0 0 0
   7     144 loop18 12 0 120 14 0 0 0 0 0 40 4 0 0 0 0
   7     152 loop19 24 0 192 26 0 0 0 0 0 28 0 0 0 0 0
   7     160 loop20 17 0 280 11 0 0 0 0 0 48 4 0 0 0 0
   7     168 loop21 17 0 288 6 0 0 0 0 0 44 0 0 0 0 0
   7     176 loop22 12 0 96 6 0 0 0 0 0 40 0 0 0 0 0
   7     184 loop23 27 0 376 12 0 0 0 0 0 56 0 0 0 0 0
   7     192 loop24 20 1 472 15 0 0 0 0 0 52 4 0 0 0 0
   7     200 loop25 28 0 736 11 0 0 0 0 0 48 0 0 0 0 0
   7     208 loop26 11 0 88 4 0 0 0 0 0 20 0 0 0 0 0
   7     216 loop27 9 0 72 4 0 0 0 0 0 20 0 0 0 0 0
   7     224 loop28 17 0 296 7 0 0 0 0 0 56 0 0 0 0 0
   7     232 loop29 14 0 112 10 0 0 0 0 0 28 0 0 0 0 0
   7     240 loop30 20 0 312 7 0 0 0 0 0 48 0 0 0 0 0
   7     248 loop31 25 0 384 10 0 0 0 0 0 56 0 0 0 0 0
   7     256 loop32 51 0 6560 51 0 0 0 0 0 120 4 0 0 0 0
   7     264 loop33 23 1 496 9 0 0 0 0 0 44 0 0 0 0 0
   7     272 loop34 22 0 480 8 0 0 0 0 0 52 0 0 0 0 0
   7     280 loop35 21 0 472 8 0 0 0 0 0 44 0 0 0 0 0
   7     288 loop36 66 0 8176 112 0 0 0 0 0 120 44 0 0 0 0
   7     296 loop37 17 0 224 6 0 0 0 0 0 40 0 0 0 0 0
   7     304 loop38 86 1 3768 68 0 0 0 0 0 168 8 0 0 0 0
   7     312 loop39 18 0 144 7 0 0 0 0 0 24 0 0 0 0 0
 253       8 dm-8 0 0 0 0 0 0 0 0 0 0 0 0 0 0 0
 253       9 dm-9 17 0 440 12 0 0 0 0 0 48 12 0 0 0 0
 253      10 dm-10 73 0 3656 80 0 0 0 0 0 164 80 0 0 0 0
 253      11 dm-11 130 0 14280 136 0 0 0 0 0 240 136 0 0 0 0
 253      12 dm-12 0 0 0 0 0 0 0 0 0 0 0 0 0 0 0
 253      13 dm-13 16 0 432 8 0 0 0 0 0 40 8 0 0 0 0
 253      14 dm-14 0 0 0 0 0 0 0 0 0 0 0 0 0 0 0
 253      15 dm-15 16 0 432 0 0 0 0 0 0 40 0 0 0 0 0
 253      16 dm-16 0 0 0 0 0 0 0 0 0 0 0 0 0 0 0
 253      17 dm-17 0 0 0 0 0 0 0 0 0 0 0 0 0 0 0
 253      18 dm-18 40 0 6472 48 0 0 0 0 0 112 48 0 0 0 0
 253      19 dm-19 9 0 72 8 0 0 0 0 0 20 8 0 0 0 0
 253      20 dm-20 14 0 112 0 0 0 0 0 0 16 0 0 0 0 0
 253      21 dm-21 15 0 272 4 0 0 0 0 0 44 4 0 0 0 0
 253      22 dm-22 15 0 280 16 0 0 0 0 0 60 16 0 0 0 0
 253      23 dm-23 0 0 0 0 0 0 0 0 0 0 0 0 0 0 0
 253      24 dm-24 15 0 208 4 0 0 0 0 0 36 4 0 0 0 0
 253      25 dm-25 5 0 40 8 0 0 0 0 0 20 8 0 0 0 0
 253      26 dm-26 7 0 56 8 0 0 0 0 0 16 8 0 0 0 0
 253      27 dm-27 0 0 0 0 0 0 0 0 0 0 0 0 0 0 0
 253      28 dm-28 23 0 696 12 0 0 0 0 0 44 12 0 0 0 0
 253      29 dm-29 0 0 0 0 0 0 0 0 0 0 0 0 0 0 0
 253      30 dm-30 0 0 0 0 0 0 0 0 0 0 0 0 0 0 0
 253      31 dm-31 0 0 0 0 0 0 0 0 0 0 0 0 0 0 0
 253      32 dm-32 20 0 344 4 0 0 0 0 0 52 4 0 0 0 0
 253      33 dm-33 0 0 0 0 0 0 0 0 0 0 0 0 0 0 0
 253      34 dm-34 15 0 424 16 0 0 0 0 0 48 16 0 0 0 0
 253      35 dm-35 8 0 64 24 0 0 0 0 0 36 24 0 0 0 0
 253      36 dm-36 22 0 336 24 0 0 0 0 0 56 24 0 0 0 0
 253      37 dm-37 0 0 0 0 0 0 0 0 0 0 0 0 0 0 0
 253      38 dm-38 13 0 256 4 0 0 0 0 0 44 4 0 0 0 0
 253      39 dm-39 13 0 248 12 0 0 0 0 0 44 12 0 0 0 0
 253      40 dm-40 0 0 0 0 0 0 0 0 0 0 0 0 0 0 0
 253      41 dm-41 0 0 0 0 0 0 0 0 0 0 0 0 0 0 0
 253      42 dm-42 0 0 0 0 0 0 0 0 0 0 0 0 0 0 0
 253      43 dm-43 1440 0 45944 2576 59 0 904 60 0 1324 2636 0 0 0 0

1011
   1       0 ram0 0 0 0 0 0 0 0 0 0 0 0 0 0 0 0
   1       1 ram1 0 0 0 0 0 0 0 0 0 0 0 0 0 0 0
   1       2 ram2 0 0 0 0 0 0 0 0 0 0 0 0 0 0 0
   1       3 ram3 0 0 0 0 0 0 0 0 0 0 0 0 0 0 0
   1       4 ram4 0 0 0 0 0 0 0 0 0 0 0 0 0 0 0
   1       5 ram5 0 0 0 0 0 0 0 0 0 0 0 0 0 0 0
   1       6 ram6 0 0 0 0 0 0 0 0 0 0 0 0 0 0 0
   1       7 ram7 0 0 0 0 0 0 0 0 0 0 0 0 0 0 0
   1       8 ram8 0 0 0 0 0 0 0 0 0 0 0 0 0 0 0
   1       9 ram9 0 0 0 0 0 0 0 0 0 0 0 0 0 0 0
   1      10 ram10 0 0 0 0 0 0 0 0 0 0 0 0 0 0 0
   1      11 ram11 0 0 0 0 0 0 0 0 0 0 0 0 0 0 0
   1      12 ram12 0 0 0 0 0 0 0 0 0 0 0 0 0 0 0
   1      13 ram13 0 0 0 0 0 0 0 0 0 0 0 0 0 0 0
   1      14 ram14 0 0 0 0 0 0 0 0 0 0 0 0 0 0 0
   1      15 ram15 0 0 0 0 0 0 0 0 0 0 0 0 0 0 0
   7       0 loop0 183 0 16168 352 0 0 0 0 0 344 116 0 0 0 0
   7       8 loop1 70 0 9008 122 0 0 0 0 0 136 32 0 0 0 0
   7      16 loop2 27 0 216 13 0 0 0 0 0 32 0 0 0 0 0
   7      24 loop3 12 0 296 8 0 0 0 0 0 32 0 0 0 0 0
   7      32 loop4 36 1 3040 29 0 0 0 0 0 56 0 0 0 0 0
   7      40 loop5 58 1 5352 66 0 0 0 0 0 120 8 0 0 0 0
   7      48 loop6 12 0 304 9 0 0 0 0 0 28 0 0 0 0 0
   7      56 loop7 16 0 432 8 0 0 0 0 0 60 0 0 0 0 0
   7      64 loop8 25 0 1408 16 0 0 0 0 0 96 0 0 0 0 0
   7      72 loop9 121 0 8936 128 0 0 0 0 3 156 8 0 0 0 0
   7      80 loop10 24 0 192 17 0 0 0 0 0 28 0 0 0 0 0
   7      88 loop11 16 0 256 10 0 0 0 0 0 56 0 0 0 0 0
   7      96 loop12 169 2 14744 104 0 0 0 0 0 244 0 0 0 0 0
   7     104 loop13 27 0 216 48 0 0 0 0 0 44 8 0 0 0 0
   7     112 loop14 12 0 240 7 0 0 0 0 0 36 0 0 0 0 0
   7     120 loop15 37 0 3560 101 0 0 0 0 0 148 56 0 0 0 0
 254       0 zram0 0 0 0 0 0 0 0 0 0 0 0 0 0 0 0
 179       0 mmcblk0 2020 1821 144350 1721 12 0 48 14 0 1592 376 0 0 0 0
 179       1 mmcblk0p1 0 0 0 0 0 0 0 0 0 0 0 0 0 0 0
 179       2 mmcblk0p2 0 0 0 0 0 0 0 0 0 0 0 0 0 0 0
 179       3 mmcblk0p3 0 0 0 0 0 0 0 0 0 0 0 0 0 0 0
 179       4 mmcblk0p4 16 0 146 3 1 0 8 0 0 12 0 0 0 0 0
 179       5 mmcblk0p5 0 0 0 0 0 0 0 0 0 0 0 0 0 0 0
 179       6 mmcblk0p6 0 0 0 0 0 0 0 0 0 0 0 0 0 0 0
 179       7 mmcblk0p7 0 0 0 0 0 0 0 0 0 0 0 0 0 0 0
 179       8 mmcblk0p8 0 0 0 0 0 0 0 0 0 0 0 0 0 0 0
 179       9 mmcblk0p9 0 0 0 0 0 0 0 0 0 0 0 0 0 0 0
 179      10 mmcblk0p10 0 0 0 0 0 0 0 0 0 0 0 0 0 0 0
 179      11 mmcblk0p11 0 0 0 0 0 0 0 0 0 0 0 0 0 0 0
 179      12 mmcblk0p12 0 0 0 0 0 0 0 0 0 0 0 0 0 0 0
 179      13 mmcblk0p13 0 0 0 0 0 0 0 0 0 0 0 0 0 0 0
 179      14 mmcblk0p14 0 0 0 0 0 0 0 0 0 0 0 0 0 0 0
 179      15 mmcblk0p15 0 0 0 0 0 0 0 0 0 0 0 0 0 0 0
 179      16 mmcblk0p16 0 0 0 0 0 0 0 0 0 0 0 0 0 0 0
 179      17 mmcblk0p17 0 0 0 0 0 0 0 0 0 0 0 0 0 0 0
 179      18 mmcblk0p18 0 0 0 0 0 0 0 0 0 0 0 0 0 0 0
 179      19 mmcblk0p19 0 0 0 0 0 0 0 0 0 0 0 0 0 0 0
 179      20 mmcblk0p20 0 0 0 0 0 0 0 0 0 0 0 0 0 0 0
 179      21 mmcblk0p21 54 57 111 17 0 0 0 0 0 28 0 0 0 0 0
 179      22 mmcblk0p22 0 0 0 0 0 0 0 0 0 0 0 0 0 0 0
 179      23 mmcblk0p23 33 6 330 14 0 0 0 0 0 12 0 0 0 0 0
 179      24 mmcblk0p24 0 0 0 0 0 0 0 0 0 0 0 0 0 0 0
 179      25 mmcblk0p25 0 0 0 0 0 0 0 0 0 0 0 0 0 0 0
 179      26 mmcblk0p26 0 0 0 0 0 0 0 0 0 0 0 0 0 0 0
 179      27 mmcblk0p27 0 0 0 0 0 0 0 0 0 0 0 0 0 0 0
 179      28 mmcblk0p28 0 0 0 0 0 0 0 0 0 0 0 0 0 0 0
 179      29 mmcblk0p29 0 0 0 0 0 0 0 0 0 0 0 0 0 0 0
 179      30 mmcblk0p30 0 0 0 0 0 0 0 0 0 0 0 0 0 0 0
 179      31 mmcblk0p31 0 0 0 0 0 0 0 0 0 0 0 0 0 0 0
 259       0 mmcblk0p32 9 0 65 1 0 0 0 0 0 12 0 0 0 0 0
 259       1 mmcblk0p33 0 0 0 0 0 0 0 0 0 0 0 0 0 0 0
 259       2 mmcblk0p34 0 0 0 0 0 0 0 0 0 0 0 0 0 0 0
 259       3 mmcblk0p35 0 0 0 0 0 0 0 0 0 0 0 0 0 0 0
 259       4 mmcblk0p36 0 0 0 0 0 0 0 0 0 0 0 0 0 0 0
 259       5 mmcblk0p37 0 0 0 0 0 0 0 0 0 0 0 0 0 0 0
 259       6 mmcblk0p38 0 0 0 0 0 0 0 0 0 0 0 0 0 0 0
 259       7 mmcblk0p39 0 0 0 0 0 0 0 0 0 0 0 0 0 0 0
 259       8 mmcblk0p40 0 0 0 0 0 0 0 0 0 0 0 0 0 0 0
 259       9 mmcblk0p41 0 0 0 0 0 0 0 0 0 0 0 0 0 0 0
 259      10 mmcblk0p42 0 0 0 0 0 0 0 0 0 0 0 0 0 0 0
 259      11 mmcblk0p43 0 0 0 0 0 0 0 0 0 0 0 0 0 0 0
 259      12 mmcblk0p44 0 0 0 0 0 0 0 0 0 0 0 0 0 0 0
 259      13 mmcblk0p45 0 0 0 0 0 0 0 0 0 0 0 0 0 0 0
 259      14 mmcblk0p46 0 0 0 0 0 0 0 0 0 0 0 0 0 0 0
 259      15 mmcblk0p47 0 0 0 0 0 0 0 0 0 0 0 0 0 0 0
 259      16 mmcblk0p48 0 0 0 0 0 0 0 0 0 0 0 0 0 0 0
 259      17 mmcblk0p49 0 0 0 0 0 0 0 0 0 0 0 0 0 0 0
 259      18 mmcblk0p50 0 0 0 0 0 0 0 0 0 0 0 0 0 0 0
 259      19 mmcblk0p51 0 0 0 0 0 0 0 0 0 0 0 0 0 0 0
 259      20 mmcblk0p52 0 0 0 0 0 0 0 0 0 0 0 0 0 0 0
 259      21 mmcblk0p53 0 0 0 0 0 0 0 0 0 0 0 0 0 0 0
 259      22 mmcblk0p54 0 0 0 0 0 0 0 0 0 0 0 0 0 0 0
 259      23 mmcblk0p55 0 0 0 0 0 0 0 0 0 0 0 0 0 0 0
 259      24 mmcblk0p56 0 0 0 0 0 0 0 0 0 0 0 0 0 0 0
 259      25 mmcblk0p57 0 0 0 0 0 0 0 0 0 0 0 0 0 0 0
 259      26 mmcblk0p58 0 0 0 0 0 0 0 0 0 0 0 0 0 0 0
 259      27 mmcblk0p59 0 0 0 0 0 0 0 0 0 0 0 0 0 0 0
 259      28 mmcblk0p60 0 0 0 0 0 0 0 0 0 0 0 0 0 0 0
 259      29 mmcblk0p61 0 0 0 0 0 0 0 0 0 0 0 0 0 0 0
 259      30 mmcblk0p62 0 0 0 0 0 0 0 0 0 0 0 0 0 0 0
 259      31 mmcblk0p63 0 0 0 0 0 0 0 0 0 0 0 0 0 0 0
 259      32 mmcblk0p64 0 0 0 0 0 0 0 0 0 0 0 0 0 0 0
 259      33 mmcblk0p65 0 0 0 0 0 0 0 0 0 0 0 0 0 0 0
 259      34 mmcblk0p66 0 0 0 0 0 0 0 0 0 0 0 0 0 0 0
 259      35 mmcblk0p67 1851 1758 140712 1643 0 0 0 0 0 1520 360 0 0 0 0
 259      36 mmcblk0p68 1 0 128 1 0 0 0 0 0 4 0 0 0 0 0
 259      37 mmcblk0p69 0 0 0 0 0 0 0 0 0 0 0 0 0 0 0
 259      38 mmcblk0p70 0 0 0 0 0 0 0 0 0 0 0 0 0 0 0
 259      39 mmcblk0p71 0 0 0 0 0 0 0 0 0 0 0 0 0 0 0
 259      40 mmcblk0p72 47 0 2666 36 5 0 40 12 0 64 16 0 0 0 0
 259      41 mmcblk0p73 1 0 128 1 0 0 0 0 0 4 0 0 0 0 0
 259      42 mmcblk0p74 0 0 0 0 0 0 0 0 0 0 0 0 0 0 0
 259      43 mmcblk0p75 0 0 0 0 0 0 0 0 0 0 0 0 0 0 0
 259      44 mmcblk0p76 0 0 0 0 0 0 0 0 0 0 0 0 0 0 0
 259      45 mmcblk0p77 0 0 0 0 0 0 0 0 0 0 0 0 0 0 0
 259      46 mmcblk0p78 0 0 0 0 0 0 0 0 0 0 0 0 0 0 0
 259      47 mmcblk0p79 0 0 0 0 0 0 0 0 0 0 0 0 0 0 0
 259      48 mmcblk0p80 0 0 0 0 0 0 0 0 0 0 0 0 0 0 0
 253       0 dm-0 168 0 1368 356 0 0 0 0 0 68 356 0 0 0 0
 253       1 dm-1 3529 0 276512 4884 0 0 0 0 0 2500 4884 0 0 0 0
 253       2 dm-2 819 0 32184 1056 0 0 0 0 0 680 1056 0 0 0 0
 253       3 dm-3 1408 0 58312 3680 0 0 0 0 0 988 3680 0 0 0 0
 253       4 dm-4 2321 0 266848 3172 0 0 0 0 1 2520 3172 0 0 0 0
 253       5 dm-5 567 0 30168 692 0 0 0 0 1 704 692 0 0 0 0
 253       6 dm-6 905 0 54288 3148 0 0 0 0 0 996 3148 0 0 0 0
 253       7 dm-7 39 0 336 44 0 0 0 0 0 72 44 0 0 0 0
   7     128 loop16 12 0 144 16 0 0 0 0 0 44 8 0 0 0 0
   7     136 loop17 27 0 216 27 0 0 0 0 0 32 0 0 0 0 0
   7     144 loop18 12 0 120 14 0 0 0 0 0 40 4 0 0 0 0
   7     152 loop19 24 0 192 26 0 0 0 0 0 28 0 0 0 0 0
   7     160 loop20 17 0 280 11 0 0 0 0 0 48 4 0 0 0 0
   7     168 loop21 17 0 288 6 0 0 0 0 0 44 0 0 0 0 0
   7     176 loop22 12 0 96 6 0 0 0 0 0 40 0 0 0 0 0
   7     184 loop23 27 0 376 12 0 0 0 0 0 56 0 0 0 0 0
   7     192 loop24 20 1 472 15 0 0 0 0 0 52 4 0 0 0 0
   7     200 loop25 28 0 736 11 0 0 0 0 0 48 0 0 0 0 0
   7     208 loop26 11 0 88 4 0 0 0 0 0 20 0 0 0 0 0
   7     216 loop27 9 0 72 4 0 0 0 0 0 20 0 0 0 0 0
   7     224 loop28 17 0 296 7 0 0 0 0 0 56 0 0 0 0 0
   7     232 loop29 14 0 112 10 0 0 0 0 0 28 0 0 0 0 0
   7     240 loop30 20 0 312 7 0 0 0 0 0 48 0 0 0 0 0
   7     248 loop31 25 0 384 10 0 0 0 0 0 56 0 0 0 0 0
   7     256 loop32 51 0 6560 51 0 0 0 0 0 120 4 0 0 0 0
   7     264 loop33 23 1 496 9 0 0 0 0 0 44 0 0 0 0 0
   7     272 loop34 22 0 480 8 0 0 0 0 0 52 0 0 0 0 0
   7     280 loop35 21 0 472 8 0 0 0 0 0 44 0 0 0 0 0
   7     288 loop36 67 0 8264 113 0 0 0 0 0 124 44 0 0 0 0
   7     296 loop37 17 0 224 6 0 0 0 0 0 40 0 0 0 0 0
   7     304 loop38 86 1 3768 68 0 0 0 0 0 168 8 0 0 0 0
   7     312 loop39 18 0 144 7 0 0 0 0 0 24 0 0 0 0 0
 253       8 dm-8 0 0 0 0 0 0 0 0 0 0 0 0 0 0 0
 253       9 dm-9 17 0 440 12 0 0 0 0 0 48 12 0 0 0 0
 253      10 dm-10 73 0 3656 80 0 0 0 0 0 164 80 0 0 0 0
 253      11 dm-11 131 0 14424 140 0 0 0 0 0 248 140 0 0 0 0
 253      12 dm-12 0 0 0 0 0 0 0 0 0 0 0 0 0 0 0
 253      13 dm-13 16 0 432 8 0 0 0 0 0 40 8 0 0 0 0
 253      14 dm-14 0 0 0 0 0 0 0 0 0 0 0 0 0 0 0
 253      15 dm-15 16 0 432 0 0 0 0 0 0 40 0 0 0 0 0
 253      16 dm-16 0 0 0 0 0 0 0 0 0 0 0 0 0 0 0
 253      17 dm-17 0 0 0 0 0 0 0 0 0 0 0 0 0 0 0
 253      18 dm-18 40 0 6472 48 0 0 0 0 0 112 48 0 0 0 0
 253      19 dm-19 9 0 72 8 0 0 0 0 0 20 8 0 0 0 0
 253      20 dm-20 14 0 112 0 0 0 0 0 0 16 0 0 0 0 0
 253      21 dm-21 15 0 272 4 0 0 0 0 0 44 4 0 0 0 0
 253      22 dm-22 15 0 280 16 0 0 0 0 0 60 16 0 0 0 0
 253      23 dm-23 0 0 0 0 0 0 0 0 0 0 0 0 0 0 0
 253      24 dm-24 15 0 208 4 0 0 0 0 0 36 4 0 0 0 0
 253      25 dm-25 5 0 40 8 0 0 0 0 0 20 8 0 0 0 0
 253      26 dm-26 7 0 56 8 0 0 0 0 0 16 8 0 0 0 0
 253      27 dm-27 0 0 0 0 0 0 0 0 0 0 0 0 0 0 0
 253      28 dm-28 23 0 696 12 0 0 0 0 0 44 12 0 0 0 0
 253      29 dm-29 0 0 0 0 0 0 0 0 0 0 0 0 0 0 0
 253      30 dm-30 0 0 0 0 0 0 0 0 0 0 0 0 0 0 0
 253      31 dm-31 0 0 0 0 0 0 0 0 0 0 0 0 0 0 0
 253      32 dm-32 20 0 344 4 0 0 0 0 0 52 4 0 0 0 0
 253      33 dm-33 0 0 0 0 0 0 0 0 0 0 0 0 0 0 0
 253      34 dm-34 15 0 424 16 0 0 0 0 0 48 16 0 0 0 0
 253      35 dm-35 8 0 64 24 0 0 0 0 0 36 24 0 0 0 0
 253      36 dm-36 22 0 336 24 0 0 0 0 0 56 24 0 0 0 0
 253      37 dm-37 0 0 0 0 0 0 0 0 0 0 0 0 0 0 0
 253      38 dm-38 13 0 256 4 0 0 0 0 0 44 4 0 0 0 0
 253      39 dm-39 13 0 248 12 0 0 0 0 0 44 12 0 0 0 0
 253      40 dm-40 0 0 0 0 0 0 0 0 0 0 0 0 0 0 0
 253      41 dm-41 0 0 0 0 0 0 0 0 0 0 0 0 0 0 0
 253      42 dm-42 0 0 0 0 0 0 0 0 0 0 0 0 0 0 0
 253      43 dm-43 1441 0 46088 2580 59 0 904 60 0 1332 2640 0 0 0 0

1042
   1       0 ram0 0 0 0 0 0 0 0 0 0 0 0 0 0 0 0
   1       1 ram1 0 0 0 0 0 0 0 0 0 0 0 0 0 0 0
   1       2 ram2 0 0 0 0 0 0 0 0 0 0 0 0 0 0 0
   1       3 ram3 0 0 0 0 0 0 0 0 0 0 0 0 0 0 0
   1       4 ram4 0 0 0 0 0 0 0 0 0 0 0 0 0 0 0
   1       5 ram5 0 0 0 0 0 0 0 0 0 0 0 0 0 0 0
   1       6 ram6 0 0 0 0 0 0 0 0 0 0 0 0 0 0 0
   1       7 ram7 0 0 0 0 0 0 0 0 0 0 0 0 0 0 0
   1       8 ram8 0 0 0 0 0 0 0 0 0 0 0 0 0 0 0
   1       9 ram9 0 0 0 0 0 0 0 0 0 0 0 0 0 0 0
   1      10 ram10 0 0 0 0 0 0 0 0 0 0 0 0 0 0 0
   1      11 ram11 0 0 0 0 0 0 0 0 0 0 0 0 0 0 0
   1      12 ram12 0 0 0 0 0 0 0 0 0 0 0 0 0 0 0
   1      13 ram13 0 0 0 0 0 0 0 0 0 0 0 0 0 0 0
   1      14 ram14 0 0 0 0 0 0 0 0 0 0 0 0 0 0 0
   1      15 ram15 0 0 0 0 0 0 0 0 0 0 0 0 0 0 0
   7       0 loop0 183 0 16168 352 0 0 0 0 0 344 116 0 0 0 0
   7       8 loop1 70 0 9008 122 0 0 0 0 0 136 32 0 0 0 0
   7      16 loop2 27 0 216 13 0 0 0 0 0 32 0 0 0 0 0
   7      24 loop3 12 0 296 8 0 0 0 0 0 32 0 0 0 0 0
   7      32 loop4 36 1 3040 29 0 0 0 0 0 56 0 0 0 0 0
   7      40 loop5 66 1 6576 75 0 0 0 0 0 132 8 0 0 0 0
   7      48 loop6 12 0 304 9 0 0 0 0 0 28 0 0 0 0 0
   7      56 loop7 16 0 432 8 0 0 0 0 0 60 0 0 0 0 0
   7      64 loop8 25 0 1408 16 0 0 0 0 0 96 0 0 0 0 0
   7      72 loop9 244 0 21712 459 0 0 0 0 1 396 136 0 0 0 0
   7      80 loop10 24 0 192 17 0 0 0 0 0 28 0 0 0 0 0
   7      88 loop11 16 0 256 10 0 0 0 0 0 56 0 0 0 0 0
   7      96 loop12 191 2 18288 123 0 0 0 0 0 304 0 0 0 0 0
   7     104 loop13 27 0 216 48 0 0 0 0 0 44 8 0 0 0 0
   7     112 loop14 12 0 240 7 0 0 0 0 0 36 0 0 0 0 0
   7     120 loop15 37 0 3560 101 0 0 0 0 0 148 56 0 0 0 0
 254       0 zram0 0 0 0 0 0 0 0 0 0 0 0 0 0 0 0
 179       0 mmcblk0 2020 1821 144350 1721 12 0 48 14 0 1592 376 0 0 0 0
 179       1 mmcblk0p1 0 0 0 0 0 0 0 0 0 0 0 0 0 0 0
 179       2 mmcblk0p2 0 0 0 0 0 0 0 0 0 0 0 0 0 0 0
 179       3 mmcblk0p3 0 0 0 0 0 0 0 0 0 0 0 0 0 0 0
 179       4 mmcblk0p4 16 0 146 3 1 0 8 0 0 12 0 0 0 0 0
 179       5 mmcblk0p5 0 0 0 0 0 0 0 0 0 0 0 0 0 0 0
 179       6 mmcblk0p6 0 0 0 0 0 0 0 0 0 0 0 0 0 0 0
 179       7 mmcblk0p7 0 0 0 0 0 0 0 0 0 0 0 0 0 0 0
 179       8 mmcblk0p8 0 0 0 0 0 0 0 0 0 0 0 0 0 0 0
 179       9 mmcblk0p9 0 0 0 0 0 0 0 0 0 0 0 0 0 0 0
 179      10 mmcblk0p10 0 0 0 0 0 0 0 0 0 0 0 0 0 0 0
 179      11 mmcblk0p11 0 0 0 0 0 0 0 0 0 0 0 0 0 0 0
 179      12 mmcblk0p12 0 0 0 0 0 0 0 0 0 0 0 0 0 0 0
 179      13 mmcblk0p13 0 0 0 0 0 0 0 0 0 0 0 0 0 0 0
 179      14 mmcblk0p14 0 0 0 0 0 0 0 0 0 0 0 0 0 0 0
 179      15 mmcblk0p15 0 0 0 0 0 0 0 0 0 0 0 0 0 0 0
 179      16 mmcblk0p16 0 0 0 0 0 0 0 0 0 0 0 0 0 0 0
 179      17 mmcblk0p17 0 0 0 0 0 0 0 0 0 0 0 0 0 0 0
 179      18 mmcblk0p18 0 0 0 0 0 0 0 0 0 0 0 0 0 0 0
 179      19 mmcblk0p19 0 0 0 0 0 0 0 0 0 0 0 0 0 0 0
 179      20 mmcblk0p20 0 0 0 0 0 0 0 0 0 0 0 0 0 0 0
 179      21 mmcblk0p21 54 57 111 17 0 0 0 0 0 28 0 0 0 0 0
 179      22 mmcblk0p22 0 0 0 0 0 0 0 0 0 0 0 0 0 0 0
 179      23 mmcblk0p23 33 6 330 14 0 0 0 0 0 12 0 0 0 0 0
 179      24 mmcblk0p24 0 0 0 0 0 0 0 0 0 0 0 0 0 0 0
 179      25 mmcblk0p25 0 0 0 0 0 0 0 0 0 0 0 0 0 0 0
 179      26 mmcblk0p26 0 0 0 0 0 0 0 0 0 0 0 0 0 0 0
 179      27 mmcblk0p27 0 0 0 0 0 0 0 0 0 0 0 0 0 0 0
 179      28 mmcblk0p28 0 0 0 0 0 0 0 0 0 0 0 0 0 0 0
 179      29 mmcblk0p29 0 0 0 0 0 0 0 0 0 0 0 0 0 0 0
 179      30 mmcblk0p30 0 0 0 0 0 0 0 0 0 0 0 0 0 0 0
 179      31 mmcblk0p31 0 0 0 0 0 0 0 0 0 0 0 0 0 0 0
 259       0 mmcblk0p32 9 0 65 1 0 0 0 0 0 12 0 0 0 0 0
 259       1 mmcblk0p33 0 0 0 0 0 0 0 0 0 0 0 0 0 0 0
 259       2 mmcblk0p34 0 0 0 0 0 0 0 0 0 0 0 0 0 0 0
 259       3 mmcblk0p35 0 0 0 0 0 0 0 0 0 0 0 0 0 0 0
 259       4 mmcblk0p36 0 0 0 0 0 0 0 0 0 0 0 0 0 0 0
 259       5 mmcblk0p37 0 0 0 0 0 0 0 0 0 0 0 0 0 0 0
 259       6 mmcblk0p38 0 0 0 0 0 0 0 0 0 0 0 0 0 0 0
 259       7 mmcblk0p39 0 0 0 0 0 0 0 0 0 0 0 0 0 0 0
 259       8 mmcblk0p40 0 0 0 0 0 0 0 0 0 0 0 0 0 0 0
 259       9 mmcblk0p41 0 0 0 0 0 0 0 0 0 0 0 0 0 0 0
 259      10 mmcblk0p42 0 0 0 0 0 0 0 0 0 0 0 0 0 0 0
 259      11 mmcblk0p43 0 0 0 0 0 0 0 0 0 0 0 0 0 0 0
 259      12 mmcblk0p44 0 0 0 0 0 0 0 0 0 0 0 0 0 0 0
 259      13 mmcblk0p45 0 0 0 0 0 0 0 0 0 0 0 0 0 0 0
 259      14 mmcblk0p46 0 0 0 0 0 0 0 0 0 0 0 0 0 0 0
 259      15 mmcblk0p47 0 0 0 0 0 0 0 0 0 0 0 0 0 0 0
 259      16 mmcblk0p48 0 0 0 0 0 0 0 0 0 0 0 0 0 0 0
 259      17 mmcblk0p49 0 0 0 0 0 0 0 0 0 0 0 0 0 0 0
 259      18 mmcblk0p50 0 0 0 0 0 0 0 0 0 0 0 0 0 0 0
 259      19 mmcblk0p51 0 0 0 0 0 0 0 0 0 0 0 0 0 0 0
 259      20 mmcblk0p52 0 0 0 0 0 0 0 0 0 0 0 0 0 0 0
 259      21 mmcblk0p53 0 0 0 0 0 0 0 0 0 0 0 0 0 0 0
 259      22 mmcblk0p54 0 0 0 0 0 0 0 0 0 0 0 0 0 0 0
 259      23 mmcblk0p55 0 0 0 0 0 0 0 0 0 0 0 0 0 0 0
 259      24 mmcblk0p56 0 0 0 0 0 0 0 0 0 0 0 0 0 0 0
 259      25 mmcblk0p57 0 0 0 0 0 0 0 0 0 0 0 0 0 0 0
 259      26 mmcblk0p58 0 0 0 0 0 0 0 0 0 0 0 0 0 0 0
 259      27 mmcblk0p59 0 0 0 0 0 0 0 0 0 0 0 0 0 0 0
 259      28 mmcblk0p60 0 0 0 0 0 0 0 0 0 0 0 0 0 0 0
 259      29 mmcblk0p61 0 0 0 0 0 0 0 0 0 0 0 0 0 0 0
 259      30 mmcblk0p62 0 0 0 0 0 0 0 0 0 0 0 0 0 0 0
 259      31 mmcblk0p63 0 0 0 0 0 0 0 0 0 0 0 0 0 0 0
 259      32 mmcblk0p64 0 0 0 0 0 0 0 0 0 0 0 0 0 0 0
 259      33 mmcblk0p65 0 0 0 0 0 0 0 0 0 0 0 0 0 0 0
 259      34 mmcblk0p66 0 0 0 0 0 0 0 0 0 0 0 0 0 0 0
 259      35 mmcblk0p67 1851 1758 140712 1643 0 0 0 0 0 1520 360 0 0 0 0
 259      36 mmcblk0p68 1 0 128 1 0 0 0 0 0 4 0 0 0 0 0
 259      37 mmcblk0p69 0 0 0 0 0 0 0 0 0 0 0 0 0 0 0
 259      38 mmcblk0p70 0 0 0 0 0 0 0 0 0 0 0 0 0 0 0
 259      39 mmcblk0p71 0 0 0 0 0 0 0 0 0 0 0 0 0 0 0
 259      40 mmcblk0p72 47 0 2666 36 5 0 40 12 0 64 16 0 0 0 0
 259      41 mmcblk0p73 1 0 128 1 0 0 0 0 0 4 0 0 0 0 0
 259      42 mmcblk0p74 0 0 0 0 0 0 0 0 0 0 0 0 0 0 0
 259      43 mmcblk0p75 0 0 0 0 0 0 0 0 0 0 0 0 0 0 0
 259      44 mmcblk0p76 0 0 0 0 0 0 0 0 0 0 0 0 0 0 0
 259      45 mmcblk0p77 0 0 0 0 0 0 0 0 0 0 0 0 0 0 0
 259      46 mmcblk0p78 0 0 0 0 0 0 0 0 0 0 0 0 0 0 0
 259      47 mmcblk0p79 0 0 0 0 0 0 0 0 0 0 0 0 0 0 0
 259      48 mmcblk0p80 0 0 0 0 0 0 0 0 0 0 0 0 0 0 0
 253       0 dm-0 168 0 1368 356 0 0 0 0 0 68 356 0 0 0 0
 253       1 dm-1 3646 0 306144 5012 0 0 0 0 0 2700 5012 0 0 0 0
 253       2 dm-2 992 0 50000 1212 0 0 0 0 2 928 1212 0 0 0 0
 253       3 dm-3 1540 0 71832 3836 0 0 0 0 0 1236 3836 0 0 0 0
 253       4 dm-4 2422 0 296352 3392 0 0 0 0 1 2736 3392 0 0 0 0
 253       5 dm-5 708 0 47728 1092 0 0 0 0 2 956 1092 0 0 0 0
 253       6 dm-6 1015 0 67656 3460 0 0 0 0 2 1248 3460 0 0 0 0
 253       7 dm-7 39 0 336 44 0 0 0 0 0 72 44 0 0 0 0
   7     128 loop16 12 0 144 16 0 0 0 0 0 44 8 0 0 0 0
   7     136 loop17 27 0 216 27 0 0 0 0 0 32 0 0 0 0 0
   7     144 loop18 12 0 120 14 0 0 0 0 0 40 4 0 0 0 0
   7     152 loop19 24 0 192 26 0 0 0 0 0 28 0 0 0 0 0
   7     160 loop20 17 0 280 11 0 0 0 0 0 48 4 0 0 0 0
   7     168 loop21 17 0 288 6 0 0 0 0 0 44 0 0 0 0 0
   7     176 loop22 12 0 96 6 0 0 0 0 0 40 0 0 0 0 0
   7     184 loop23 27 0 376 12 0 0 0 0 0 56 0 0 0 0 0
   7     192 loop24 20 1 472 15 0 0 0 0 0 52 4 0 0 0 0
   7     200 loop25 28 0 736 11 0 0 0 0 0 48 0 0 0 0 0
   7     208 loop26 11 0 88 4 0 0 0 0 0 20 0 0 0 0 0
   7     216 loop27 9 0 72 4 0 0 0 0 0 20 0 0 0 0 0
   7     224 loop28 17 0 296 7 0 0 0 0 0 56 0 0 0 0 0
   7     232 loop29 14 0 112 10 0 0 0 0 0 28 0 0 0 0 0
   7     240 loop30 20 0 312 7 0 0 0 0 0 48 0 0 0 0 0
   7     248 loop31 25 0 384 10 0 0 0 0 0 56 0 0 0 0 0
   7     256 loop32 51 0 6560 51 0 0 0 0 0 120 4 0 0 0 0
   7     264 loop33 23 1 496 9 0 0 0 0 0 44 0 0 0 0 0
   7     272 loop34 22 0 480 8 0 0 0 0 0 52 0 0 0 0 0
   7     280 loop35 21 0 472 8 0 0 0 0 0 44 0 0 0 0 0
   7     288 loop36 71 0 9016 121 0 0 0 0 0 136 44 0 0 0 0
   7     296 loop37 17 0 224 6 0 0 0 0 0 40 0 0 0 0 0
   7     304 loop38 86 1 3768 68 0 0 0 0 0 168 8 0 0 0 0
   7     312 loop39 18 0 144 7 0 0 0 0 0 24 0 0 0 0 0
 253       8 dm-8 0 0 0 0 0 0 0 0 0 0 0 0 0 0 0
 253       9 dm-9 17 0 440 12 0 0 0 0 0 48 12 0 0 0 0
 253      10 dm-10 73 0 3656 80 0 0 0 0 0 164 80 0 0 0 0
 253      11 dm-11 154 0 18000 168 0 0 0 0 0 316 168 0 0 0 0
 253      12 dm-12 0 0 0 0 0 0 0 0 0 0 0 0 0 0 0
 253      13 dm-13 16 0 432 8 0 0 0 0 0 40 8 0 0 0 0
 253      14 dm-14 0 0 0 0 0 0 0 0 0 0 0 0 0 0 0
 253      15 dm-15 16 0 432 0 0 0 0 0 0 40 0 0 0 0 0
 253      16 dm-16 0 0 0 0 0 0 0 0 0 0 0 0 0 0 0
 253      17 dm-17 0 0 0 0 0 0 0 0 0 0 0 0 0 0 0
 253      18 dm-18 40 0 6472 48 0 0 0 0 0 112 48 0 0 0 0
 253      19 dm-19 9 0 72 8 0 0 0 0 0 20 8 0 0 0 0
 253      20 dm-20 14 0 112 0 0 0 0 0 0 16 0 0 0 0 0
 253      21 dm-21 15 0 272 4 0 0 0 0 0 44 4 0 0 0 0
 253      22 dm-22 15 0 280 16 0 0 0 0 0 60 16 0 0 0 0
 253      23 dm-23 0 0 0 0 0 0 0 0 0 0 0 0 0 0 0
 253      24 dm-24 15 0 208 4 0 0 0 0 0 36 4 0 0 0 0
 253      25 dm-25 5 0 40 8 0 0 0 0 0 20 8 0 0 0 0
 253      26 dm-26 7 0 56 8 0 0 0 0 0 16 8 0 0 0 0
 253      27 dm-27 0 0 0 0 0 0 0 0 0 0 0 0 0 0 0
 253      28 dm-28 23 0 696 12 0 0 0 0 0 44 12 0 0 0 0
 253      29 dm-29 0 0 0 0 0 0 0 0 0 0 0 0 0 0 0
 253      30 dm-30 0 0 0 0 0 0 0 0 0 0 0 0 0 0 0
 253      31 dm-31 0 0 0 0 0 0 0 0 0 0 0 0 0 0 0
 253      32 dm-32 20 0 344 4 0 0 0 0 0 52 4 0 0 0 0
 253      33 dm-33 0 0 0 0 0 0 0 0 0 0 0 0 0 0 0
 253      34 dm-34 15 0 424 16 0 0 0 0 0 48 16 0 0 0 0
 253      35 dm-35 8 0 64 24 0 0 0 0 0 36 24 0 0 0 0
 253      36 dm-36 22 0 336 24 0 0 0 0 0 56 24 0 0 0 0
 253      37 dm-37 0 0 0 0 0 0 0 0 0 0 0 0 0 0 0
 253      38 dm-38 13 0 256 4 0 0 0 0 0 44 4 0 0 0 0
 253      39 dm-39 13 0 248 12 0 0 0 0 0 44 12 0 0 0 0
 253      40 dm-40 0 0 0 0 0 0 0 0 0 0 0 0 0 0 0
 253      41 dm-41 0 0 0 0 0 0 0 0 0 0 0 0 0 0 0
 253      42 dm-42 0 0 0 0 0 0 0 0 0 0 0 0 0 0 0
 253      43 dm-43 1467 0 49688 2600 59 0 904 60 0 1404 2660 0 0 0 0

1072
   1       0 ram0 0 0 0 0 0 0 0 0 0 0 0 0 0 0 0
   1       1 ram1 0 0 0 0 0 0 0 0 0 0 0 0 0 0 0
   1       2 ram2 0 0 0 0 0 0 0 0 0 0 0 0 0 0 0
   1       3 ram3 0 0 0 0 0 0 0 0 0 0 0 0 0 0 0
   1       4 ram4 0 0 0 0 0 0 0 0 0 0 0 0 0 0 0
   1       5 ram5 0 0 0 0 0 0 0 0 0 0 0 0 0 0 0
   1       6 ram6 0 0 0 0 0 0 0 0 0 0 0 0 0 0 0
   1       7 ram7 0 0 0 0 0 0 0 0 0 0 0 0 0 0 0
   1       8 ram8 0 0 0 0 0 0 0 0 0 0 0 0 0 0 0
   1       9 ram9 0 0 0 0 0 0 0 0 0 0 0 0 0 0 0
   1      10 ram10 0 0 0 0 0 0 0 0 0 0 0 0 0 0 0
   1      11 ram11 0 0 0 0 0 0 0 0 0 0 0 0 0 0 0
   1      12 ram12 0 0 0 0 0 0 0 0 0 0 0 0 0 0 0
   1      13 ram13 0 0 0 0 0 0 0 0 0 0 0 0 0 0 0
   1      14 ram14 0 0 0 0 0 0 0 0 0 0 0 0 0 0 0
   1      15 ram15 0 0 0 0 0 0 0 0 0 0 0 0 0 0 0
   7       0 loop0 183 0 16168 352 0 0 0 0 0 344 116 0 0 0 0
   7       8 loop1 70 0 9008 122 0 0 0 0 0 136 32 0 0 0 0
   7      16 loop2 27 0 216 13 0 0 0 0 0 32 0 0 0 0 0
   7      24 loop3 12 0 296 8 0 0 0 0 0 32 0 0 0 0 0
   7      32 loop4 36 1 3040 29 0 0 0 0 0 56 0 0 0 0 0
   7      40 loop5 66 1 6576 75 0 0 0 0 0 132 8 0 0 0 0
   7      48 loop6 12 0 304 9 0 0 0 0 0 28 0 0 0 0 0
   7      56 loop7 16 0 432 8 0 0 0 0 0 60 0 0 0 0 0
   7      64 loop8 25 0 1408 16 0 0 0 0 0 96 0 0 0 0 0
   7      72 loop9 364 1 33336 796 0 0 0 0 0 624 272 0 0 0 0
   7      80 loop10 24 0 192 17 0 0 0 0 0 28 0 0 0 0 0
   7      88 loop11 16 0 256 10 0 0 0 0 0 56 0 0 0 0 0
   7      96 loop12 260 2 27624 195 0 0 0 0 0 480 4 0 0 0 0
   7     104 loop13 27 0 216 48 0 0 0 0 0 44 8 0 0 0 0
   7     112 loop14 12 0 240 7 0 0 0 0 0 36 0 0 0 0 0
   7     120 loop15 39 0 3592 105 0 0 0 0 0 156 56 0 0 0 0
 254       0 zram0 0 0 0 0 0 0 0 0 0 0 0 0 0 0 0
 179       0 mmcblk0 2020 1821 144350 1721 12 0 48 14 0 1592 376 0 0 0 0
 179       1 mmcblk0p1 0 0 0 0 0 0 0 0 0 0 0 0 0 0 0
 179       2 mmcblk0p2 0 0 0 0 0 0 0 0 0 0 0 0 0 0 0
 179       3 mmcblk0p3 0 0 0 0 0 0 0 0 0 0 0 0 0 0 0
 179       4 mmcblk0p4 16 0 146 3 1 0 8 0 0 12 0 0 0 0 0
 179       5 mmcblk0p5 0 0 0 0 0 0 0 0 0 0 0 0 0 0 0
 179       6 mmcblk0p6 0 0 0 0 0 0 0 0 0 0 0 0 0 0 0
 179       7 mmcblk0p7 0 0 0 0 0 0 0 0 0 0 0 0 0 0 0
 179       8 mmcblk0p8 0 0 0 0 0 0 0 0 0 0 0 0 0 0 0
 179       9 mmcblk0p9 0 0 0 0 0 0 0 0 0 0 0 0 0 0 0
 179      10 mmcblk0p10 0 0 0 0 0 0 0 0 0 0 0 0 0 0 0
 179      11 mmcblk0p11 0 0 0 0 0 0 0 0 0 0 0 0 0 0 0
 179      12 mmcblk0p12 0 0 0 0 0 0 0 0 0 0 0 0 0 0 0
 179      13 mmcblk0p13 0 0 0 0 0 0 0 0 0 0 0 0 0 0 0
 179      14 mmcblk0p14 0 0 0 0 0 0 0 0 0 0 0 0 0 0 0
 179      15 mmcblk0p15 0 0 0 0 0 0 0 0 0 0 0 0 0 0 0
 179      16 mmcblk0p16 0 0 0 0 0 0 0 0 0 0 0 0 0 0 0
 179      17 mmcblk0p17 0 0 0 0 0 0 0 0 0 0 0 0 0 0 0
 179      18 mmcblk0p18 0 0 0 0 0 0 0 0 0 0 0 0 0 0 0
 179      19 mmcblk0p19 0 0 0 0 0 0 0 0 0 0 0 0 0 0 0
 179      20 mmcblk0p20 0 0 0 0 0 0 0 0 0 0 0 0 0 0 0
 179      21 mmcblk0p21 54 57 111 17 0 0 0 0 0 28 0 0 0 0 0
 179      22 mmcblk0p22 0 0 0 0 0 0 0 0 0 0 0 0 0 0 0
 179      23 mmcblk0p23 33 6 330 14 0 0 0 0 0 12 0 0 0 0 0
 179      24 mmcblk0p24 0 0 0 0 0 0 0 0 0 0 0 0 0 0 0
 179      25 mmcblk0p25 0 0 0 0 0 0 0 0 0 0 0 0 0 0 0
 179      26 mmcblk0p26 0 0 0 0 0 0 0 0 0 0 0 0 0 0 0
 179      27 mmcblk0p27 0 0 0 0 0 0 0 0 0 0 0 0 0 0 0
 179      28 mmcblk0p28 0 0 0 0 0 0 0 0 0 0 0 0 0 0 0
 179      29 mmcblk0p29 0 0 0 0 0 0 0 0 0 0 0 0 0 0 0
 179      30 mmcblk0p30 0 0 0 0 0 0 0 0 0 0 0 0 0 0 0
 179      31 mmcblk0p31 0 0 0 0 0 0 0 0 0 0 0 0 0 0 0
 259       0 mmcblk0p32 9 0 65 1 0 0 0 0 0 12 0 0 0 0 0
 259       1 mmcblk0p33 0 0 0 0 0 0 0 0 0 0 0 0 0 0 0
 259       2 mmcblk0p34 0 0 0 0 0 0 0 0 0 0 0 0 0 0 0
 259       3 mmcblk0p35 0 0 0 0 0 0 0 0 0 0 0 0 0 0 0
 259       4 mmcblk0p36 0 0 0 0 0 0 0 0 0 0 0 0 0 0 0
 259       5 mmcblk0p37 0 0 0 0 0 0 0 0 0 0 0 0 0 0 0
 259       6 mmcblk0p38 0 0 0 0 0 0 0 0 0 0 0 0 0 0 0
 259       7 mmcblk0p39 0 0 0 0 0 0 0 0 0 0 0 0 0 0 0
 259       8 mmcblk0p40 0 0 0 0 0 0 0 0 0 0 0 0 0 0 0
 259       9 mmcblk0p41 0 0 0 0 0 0 0 0 0 0 0 0 0 0 0
 259      10 mmcblk0p42 0 0 0 0 0 0 0 0 0 0 0 0 0 0 0
 259      11 mmcblk0p43 0 0 0 0 0 0 0 0 0 0 0 0 0 0 0
 259      12 mmcblk0p44 0 0 0 0 0 0 0 0 0 0 0 0 0 0 0
 259      13 mmcblk0p45 0 0 0 0 0 0 0 0 0 0 0 0 0 0 0
 259      14 mmcblk0p46 0 0 0 0 0 0 0 0 0 0 0 0 0 0 0
 259      15 mmcblk0p47 0 0 0 0 0 0 0 0 0 0 0 0 0 0 0
 259      16 mmcblk0p48 0 0 0 0 0 0 0 0 0 0 0 0 0 0 0
 259      17 mmcblk0p49 0 0 0 0 0 0 0 0 0 0 0 0 0 0 0
 259      18 mmcblk0p50 0 0 0 0 0 0 0 0 0 0 0 0 0 0 0
 259      19 mmcblk0p51 0 0 0 0 0 0 0 0 0 0 0 0 0 0 0
 259      20 mmcblk0p52 0 0 0 0 0 0 0 0 0 0 0 0 0 0 0
 259      21 mmcblk0p53 0 0 0 0 0 0 0 0 0 0 0 0 0 0 0
 259      22 mmcblk0p54 0 0 0 0 0 0 0 0 0 0 0 0 0 0 0
 259      23 mmcblk0p55 0 0 0 0 0 0 0 0 0 0 0 0 0 0 0
 259      24 mmcblk0p56 0 0 0 0 0 0 0 0 0 0 0 0 0 0 0
 259      25 mmcblk0p57 0 0 0 0 0 0 0 0 0 0 0 0 0 0 0
 259      26 mmcblk0p58 0 0 0 0 0 0 0 0 0 0 0 0 0 0 0
 259      27 mmcblk0p59 0 0 0 0 0 0 0 0 0 0 0 0 0 0 0
 259      28 mmcblk0p60 0 0 0 0 0 0 0 0 0 0 0 0 0 0 0
 259      29 mmcblk0p61 0 0 0 0 0 0 0 0 0 0 0 0 0 0 0
 259      30 mmcblk0p62 0 0 0 0 0 0 0 0 0 0 0 0 0 0 0
 259      31 mmcblk0p63 0 0 0 0 0 0 0 0 0 0 0 0 0 0 0
 259      32 mmcblk0p64 0 0 0 0 0 0 0 0 0 0 0 0 0 0 0
 259      33 mmcblk0p65 0 0 0 0 0 0 0 0 0 0 0 0 0 0 0
 259      34 mmcblk0p66 0 0 0 0 0 0 0 0 0 0 0 0 0 0 0
 259      35 mmcblk0p67 1851 1758 140712 1643 0 0 0 0 0 1520 360 0 0 0 0
 259      36 mmcblk0p68 1 0 128 1 0 0 0 0 0 4 0 0 0 0 0
 259      37 mmcblk0p69 0 0 0 0 0 0 0 0 0 0 0 0 0 0 0
 259      38 mmcblk0p70 0 0 0 0 0 0 0 0 0 0 0 0 0 0 0
 259      39 mmcblk0p71 0 0 0 0 0 0 0 0 0 0 0 0 0 0 0
 259      40 mmcblk0p72 47 0 2666 36 5 0 40 12 0 64 16 0 0 0 0
 259      41 mmcblk0p73 1 0 128 1 0 0 0 0 0 4 0 0 0 0 0
 259      42 mmcblk0p74 0 0 0 0 0 0 0 0 0 0 0 0 0 0 0
 259      43 mmcblk0p75 0 0 0 0 0 0 0 0 0 0 0 0 0 0 0
 259      44 mmcblk0p76 0 0 0 0 0 0 0 0 0 0 0 0 0 0 0
 259      45 mmcblk0p77 0 0 0 0 0 0 0 0 0 0 0 0 0 0 0
 259      46 mmcblk0p78 0 0 0 0 0 0 0 0 0 0 0 0 0 0 0
 259      47 mmcblk0p79 0 0 0 0 0 0 0 0 0 0 0 0 0 0 0
 259      48 mmcblk0p80 0 0 0 0 0 0 0 0 0 0 0 0 0 0 0
 253       0 dm-0 168 0 1368 356 0 0 0 0 0 68 356 0 0 0 0
 253       1 dm-1 3785 0 326584 5252 0 0 0 0 0 2888 5252 0 0 0 0
 253       2 dm-2 1118 0 61304 1276 0 0 0 0 0 1136 1276 0 0 0 0
 253       3 dm-3 1712 0 89656 3972 0 0 0 0 0 1496 3972 0 0 0 0
 253       4 dm-4 2536 0 316592 3796 0 0 0 0 0 2932 3796 0 0 0 0
 253       5 dm-5 825 0 58960 1368 0 0 0 0 0 1172 1368 0 0 0 0
 253       6 dm-6 1174 0 85352 4004 0 0 0 0 1 1524 4004 0 0 0 0
 253       7 dm-7 39 0 336 44 0 0 0 0 0 72 44 0 0 0 0
   7     128 loop16 12 0 144 16 0 0 0 0 0 44 8 0 0 0 0
   7     136 loop17 27 0 216 27 0 0 0 0 0 32 0 0 0 0 0
   7     144 loop18 12 0 120 14 0 0 0 0 0 40 4 0 0 0 0
   7     152 loop19 24 0 192 26 0 0 0 0 0 28 0 0 0 0 0
   7     160 loop20 17 0 280 11 0 0 0 0 0 48 4 0 0 0 0
   7     168 loop21 17 0 288 6 0 0 0 0 0 44 0 0 0 0 0
   7     176 loop22 12 0 96 6 0 0 0 0 0 40 0 0 0 0 0
   7     184 loop23 27 0 376 12 0 0 0 0 0 56 0 0 0 0 0
   7     192 loop24 20 1 472 15 0 0 0 0 0 52 4 0 0 0 0
   7     200 loop25 28 0 736 11 0 0 0 0 0 48 0 0 0 0 0
   7     208 loop26 11 0 88 4 0 0 0 0 0 20 0 0 0 0 0
   7     216 loop27 9 0 72 4 0 0 0 0 0 20 0 0 0 0 0
   7     224 loop28 17 0 296 7 0 0 0 0 0 56 0 0 0 0 0
   7     232 loop29 14 0 112 10 0 0 0 0 0 28 0 0 0 0 0
   7     240 loop30 20 0 312 7 0 0 0 0 0 48 0 0 0 0 0
   7     248 loop31 25 0 384 10 0 0 0 0 0 56 0 0 0 0 0
   7     256 loop32 51 0 6560 51 0 0 0 0 0 120 4 0 0 0 0
   7     264 loop33 23 1 496 9 0 0 0 0 0 44 0 0 0 0 0
   7     272 loop34 22 0 480 8 0 0 0 0 0 52 0 0 0 0 0
   7     280 loop35 21 0 472 8 0 0 0 0 0 44 0 0 0 0 0
   7     288 loop36 71 0 9016 121 0 0 0 0 0 136 44 0 0 0 0
   7     296 loop37 17 0 224 6 0 0 0 0 0 40 0 0 0 0 0
   7     304 loop38 86 1 3768 68 0 0 0 0 0 168 8 0 0 0 0
   7     312 loop39 18 0 144 7 0 0 0 0 0 24 0 0 0 0 0
 253       8 dm-8 0 0 0 0 0 0 0 0 0 0 0 0 0 0 0
 253       9 dm-9 17 0 440 12 0 0 0 0 0 48 12 0 0 0 0
 253      10 dm-10 73 0 3656 80 0 0 0 0 0 164 80 0 0 0 0
 253      11 dm-11 210 0 27208 392 0 0 0 0 0 480 392 0 0 0 0
 253      12 dm-12 0 0 0 0 0 0 0 0 0 0 0 0 0 0 0
 253      13 dm-13 16 0 432 8 0 0 0 0 0 40 8 0 0 0 0
 253      14 dm-14 0 0 0 0 0 0 0 0 0 0 0 0 0 0 0
 253      15 dm-15 16 0 432 0 0 0 0 0 0 40 0 0 0 0 0
 253      16 dm-16 0 0 0 0 0 0 0 0 0 0 0 0 0 0 0
 253      17 dm-17 0 0 0 0 0 0 0 0 0 0 0 0 0 0 0
 253      18 dm-18 40 0 6472 48 0 0 0 0 0 112 48 0 0 0 0
 253      19 dm-19 9 0 72 8 0 0 0 0 0 20 8 0 0 0 0
 253      20 dm-20 14 0 112 0 0 0 0 0 0 16 0 0 0 0 0
 253      21 dm-21 15 0 272 4 0 0 0 0 0 44 4 0 0 0 0
 253      22 dm-22 15 0 280 16 0 0 0 0 0 60 16 0 0 0 0
 253      23 dm-23 0 0 0 0 0 0 0 0 0 0 0 0 0 0 0
 253      24 dm-24 15 0 208 4 0 0 0 0 0 36 4 0 0 0 0
 253      25 dm-25 5 0 40 8 0 0 0 0 0 20 8 0 0 0 0
 253      26 dm-26 7 0 56 8 0 0 0 0 0 16 8 0 0 0 0
 253      27 dm-27 0 0 0 0 0 0 0 0 0 0 0 0 0 0 0
 253      28 dm-28 23 0 696 12 0 0 0 0 0 44 12 0 0 0 0
 253      29 dm-29 0 0 0 0 0 0 0 0 0 0 0 0 0 0 0
 253      30 dm-30 0 0 0 0 0 0 0 0 0 0 0 0 0 0 0
 253      31 dm-31 0 0 0 0 0 0 0 0 0 0 0 0 0 0 0
 253      32 dm-32 20 0 344 4 0 0 0 0 0 52 4 0 0 0 0
 253      33 dm-33 0 0 0 0 0 0 0 0 0 0 0 0 0 0 0
 253      34 dm-34 15 0 424 16 0 0 0 0 0 48 16 0 0 0 0
 253      35 dm-35 8 0 64 24 0 0 0 0 0 36 24 0 0 0 0
 253      36 dm-36 22 0 336 24 0 0 0 0 0 56 24 0 0 0 0
 253      37 dm-37 0 0 0 0 0 0 0 0 0 0 0 0 0 0 0
 253      38 dm-38 13 0 256 4 0 0 0 0 0 44 4 0 0 0 0
 253      39 dm-39 13 0 248 12 0 0 0 0 0 44 12 0 0 0 0
 253      40 dm-40 0 0 0 0 0 0 0 0 0 0 0 0 0 0 0
 253      41 dm-41 0 0 0 0 0 0 0 0 0 0 0 0 0 0 0
 253      42 dm-42 0 0 0 0 0 0 0 0 0 0 0 0 0 0 0
 253      43 dm-43 1535 0 58992 2660 59 0 904 60 0 1576 2720 0 0 0 0

1115
   1       0 ram0 0 0 0 0 0 0 0 0 0 0 0 0 0 0 0
   1       1 ram1 0 0 0 0 0 0 0 0 0 0 0 0 0 0 0
   1       2 ram2 0 0 0 0 0 0 0 0 0 0 0 0 0 0 0
   1       3 ram3 0 0 0 0 0 0 0 0 0 0 0 0 0 0 0
   1       4 ram4 0 0 0 0 0 0 0 0 0 0 0 0 0 0 0
   1       5 ram5 0 0 0 0 0 0 0 0 0 0 0 0 0 0 0
   1       6 ram6 0 0 0 0 0 0 0 0 0 0 0 0 0 0 0
   1       7 ram7 0 0 0 0 0 0 0 0 0 0 0 0 0 0 0
   1       8 ram8 0 0 0 0 0 0 0 0 0 0 0 0 0 0 0
   1       9 ram9 0 0 0 0 0 0 0 0 0 0 0 0 0 0 0
   1      10 ram10 0 0 0 0 0 0 0 0 0 0 0 0 0 0 0
   1      11 ram11 0 0 0 0 0 0 0 0 0 0 0 0 0 0 0
   1      12 ram12 0 0 0 0 0 0 0 0 0 0 0 0 0 0 0
   1      13 ram13 0 0 0 0 0 0 0 0 0 0 0 0 0 0 0
   1      14 ram14 0 0 0 0 0 0 0 0 0 0 0 0 0 0 0
   1      15 ram15 0 0 0 0 0 0 0 0 0 0 0 0 0 0 0
   7       0 loop0 183 0 16168 352 0 0 0 0 0 344 116 0 0 0 0
   7       8 loop1 70 0 9008 122 0 0 0 0 0 136 32 0 0 0 0
   7      16 loop2 27 0 216 13 0 0 0 0 0 32 0 0 0 0 0
   7      24 loop3 12 0 296 8 0 0 0 0 0 32 0 0 0 0 0
   7      32 loop4 36 1 3040 29 0 0 0 0 0 56 0 0 0 0 0
   7      40 loop5 66 1 6576 75 0 0 0 0 0 132 8 0 0 0 0
   7      48 loop6 12 0 304 9 0 0 0 0 0 28 0 0 0 0 0
   7      56 loop7 16 0 432 8 0 0 0 0 0 60 0 0 0 0 0
   7      64 loop8 25 0 1408 16 0 0 0 0 0 96 0 0 0 0 0
   7      72 loop9 426 4 40096 1106 0 0 0 0 0 812 492 0 0 0 0
   7      80 loop10 24 0 192 17 0 0 0 0 0 28 0 0 0 0 0
   7      88 loop11 16 0 256 10 0 0 0 0 0 56 0 0 0 0 0
   7      96 loop12 271 2 29176 205 0 0 0 0 0 508 4 0 0 0 0
   7     104 loop13 27 0 216 48 0 0 0 0 0 44 8 0 0 0 0
   7     112 loop14 12 0 240 7 0 0 0 0 0 36 0 0 0 0 0
   7     120 loop15 39 0 3592 105 0 0 0 0 0 156 56 0 0 0 0
 254       0 zram0 0 0 0 0 0 0 0 0 0 0 0 0 0 0 0
 179       0 mmcblk0 2020 1821 144350 1721 12 0 48 14 0 1592 376 0 0 0 0
 179       1 mmcblk0p1 0 0 0 0 0 0 0 0 0 0 0 0 0 0 0
 179       2 mmcblk0p2 0 0 0 0 0 0 0 0 0 0 0 0 0 0 0
 179       3 mmcblk0p3 0 0 0 0 0 0 0 0 0 0 0 0 0 0 0
 179       4 mmcblk0p4 16 0 146 3 1 0 8 0 0 12 0 0 0 0 0
 179       5 mmcblk0p5 0 0 0 0 0 0 0 0 0 0 0 0 0 0 0
 179       6 mmcblk0p6 0 0 0 0 0 0 0 0 0 0 0 0 0 0 0
 179       7 mmcblk0p7 0 0 0 0 0 0 0 0 0 0 0 0 0 0 0
 179       8 mmcblk0p8 0 0 0 0 0 0 0 0 0 0 0 0 0 0 0
 179       9 mmcblk0p9 0 0 0 0 0 0 0 0 0 0 0 0 0 0 0
 179      10 mmcblk0p10 0 0 0 0 0 0 0 0 0 0 0 0 0 0 0
 179      11 mmcblk0p11 0 0 0 0 0 0 0 0 0 0 0 0 0 0 0
 179      12 mmcblk0p12 0 0 0 0 0 0 0 0 0 0 0 0 0 0 0
 179      13 mmcblk0p13 0 0 0 0 0 0 0 0 0 0 0 0 0 0 0
 179      14 mmcblk0p14 0 0 0 0 0 0 0 0 0 0 0 0 0 0 0
 179      15 mmcblk0p15 0 0 0 0 0 0 0 0 0 0 0 0 0 0 0
 179      16 mmcblk0p16 0 0 0 0 0 0 0 0 0 0 0 0 0 0 0
 179      17 mmcblk0p17 0 0 0 0 0 0 0 0 0 0 0 0 0 0 0
 179      18 mmcblk0p18 0 0 0 0 0 0 0 0 0 0 0 0 0 0 0
 179      19 mmcblk0p19 0 0 0 0 0 0 0 0 0 0 0 0 0 0 0
 179      20 mmcblk0p20 0 0 0 0 0 0 0 0 0 0 0 0 0 0 0
 179      21 mmcblk0p21 54 57 111 17 0 0 0 0 0 28 0 0 0 0 0
 179      22 mmcblk0p22 0 0 0 0 0 0 0 0 0 0 0 0 0 0 0
 179      23 mmcblk0p23 33 6 330 14 0 0 0 0 0 12 0 0 0 0 0
 179      24 mmcblk0p24 0 0 0 0 0 0 0 0 0 0 0 0 0 0 0
 179      25 mmcblk0p25 0 0 0 0 0 0 0 0 0 0 0 0 0 0 0
 179      26 mmcblk0p26 0 0 0 0 0 0 0 0 0 0 0 0 0 0 0
 179      27 mmcblk0p27 0 0 0 0 0 0 0 0 0 0 0 0 0 0 0
 179      28 mmcblk0p28 0 0 0 0 0 0 0 0 0 0 0 0 0 0 0
 179      29 mmcblk0p29 0 0 0 0 0 0 0 0 0 0 0 0 0 0 0
 179      30 mmcblk0p30 0 0 0 0 0 0 0 0 0 0 0 0 0 0 0
 179      31 mmcblk0p31 0 0 0 0 0 0 0 0 0 0 0 0 0 0 0
 259       0 mmcblk0p32 9 0 65 1 0 0 0 0 0 12 0 0 0 0 0
 259       1 mmcblk0p33 0 0 0 0 0 0 0 0 0 0 0 0 0 0 0
 259       2 mmcblk0p34 0 0 0 0 0 0 0 0 0 0 0 0 0 0 0
 259       3 mmcblk0p35 0 0 0 0 0 0 0 0 0 0 0 0 0 0 0
 259       4 mmcblk0p36 0 0 0 0 0 0 0 0 0 0 0 0 0 0 0
 259       5 mmcblk0p37 0 0 0 0 0 0 0 0 0 0 0 0 0 0 0
 259       6 mmcblk0p38 0 0 0 0 0 0 0 0 0 0 0 0 0 0 0
 259       7 mmcblk0p39 0 0 0 0 0 0 0 0 0 0 0 0 0 0 0
 259       8 mmcblk0p40 0 0 0 0 0 0 0 0 0 0 0 0 0 0 0
 259       9 mmcblk0p41 0 0 0 0 0 0 0 0 0 0 0 0 0 0 0
 259      10 mmcblk0p42 0 0 0 0 0 0 0 0 0 0 0 0 0 0 0
 259      11 mmcblk0p43 0 0 0 0 0 0 0 0 0 0 0 0 0 0 0
 259      12 mmcblk0p44 0 0 0 0 0 0 0 0 0 0 0 0 0 0 0
 259      13 mmcblk0p45 0 0 0 0 0 0 0 0 0 0 0 0 0 0 0
 259      14 mmcblk0p46 0 0 0 0 0 0 0 0 0 0 0 0 0 0 0
 259      15 mmcblk0p47 0 0 0 0 0 0 0 0 0 0 0 0 0 0 0
 259      16 mmcblk0p48 0 0 0 0 0 0 0 0 0 0 0 0 0 0 0
 259      17 mmcblk0p49 0 0 0 0 0 0 0 0 0 0 0 0 0 0 0
 259      18 mmcblk0p50 0 0 0 0 0 0 0 0 0 0 0 0 0 0 0
 259      19 mmcblk0p51 0 0 0 0 0 0 0 0 0 0 0 0 0 0 0
 259      20 mmcblk0p52 0 0 0 0 0 0 0 0 0 0 0 0 0 0 0
 259      21 mmcblk0p53 0 0 0 0 0 0 0 0 0 0 0 0 0 0 0
 259      22 mmcblk0p54 0 0 0 0 0 0 0 0 0 0 0 0 0 0 0
 259      23 mmcblk0p55 0 0 0 0 0 0 0 0 0 0 0 0 0 0 0
 259      24 mmcblk0p56 0 0 0 0 0 0 0 0 0 0 0 0 0 0 0
 259      25 mmcblk0p57 0 0 0 0 0 0 0 0 0 0 0 0 0 0 0
 259      26 mmcblk0p58 0 0 0 0 0 0 0 0 0 0 0 0 0 0 0
 259      27 mmcblk0p59 0 0 0 0 0 0 0 0 0 0 0 0 0 0 0
 259      28 mmcblk0p60 0 0 0 0 0 0 0 0 0 0 0 0 0 0 0
 259      29 mmcblk0p61 0 0 0 0 0 0 0 0 0 0 0 0 0 0 0
 259      30 mmcblk0p62 0 0 0 0 0 0 0 0 0 0 0 0 0 0 0
 259      31 mmcblk0p63 0 0 0 0 0 0 0 0 0 0 0 0 0 0 0
 259      32 mmcblk0p64 0 0 0 0 0 0 0 0 0 0 0 0 0 0 0
 259      33 mmcblk0p65 0 0 0 0 0 0 0 0 0 0 0 0 0 0 0
 259      34 mmcblk0p66 0 0 0 0 0 0 0 0 0 0 0 0 0 0 0
 259      35 mmcblk0p67 1851 1758 140712 1643 0 0 0 0 0 1520 360 0 0 0 0
 259      36 mmcblk0p68 1 0 128 1 0 0 0 0 0 4 0 0 0 0 0
 259      37 mmcblk0p69 0 0 0 0 0 0 0 0 0 0 0 0 0 0 0
 259      38 mmcblk0p70 0 0 0 0 0 0 0 0 0 0 0 0 0 0 0
 259      39 mmcblk0p71 0 0 0 0 0 0 0 0 0 0 0 0 0 0 0
 259      40 mmcblk0p72 47 0 2666 36 5 0 40 12 0 64 16 0 0 0 0
 259      41 mmcblk0p73 1 0 128 1 0 0 0 0 0 4 0 0 0 0 0
 259      42 mmcblk0p74 0 0 0 0 0 0 0 0 0 0 0 0 0 0 0
 259      43 mmcblk0p75 0 0 0 0 0 0 0 0 0 0 0 0 0 0 0
 259      44 mmcblk0p76 0 0 0 0 0 0 0 0 0 0 0 0 0 0 0
 259      45 mmcblk0p77 0 0 0 0 0 0 0 0 0 0 0 0 0 0 0
 259      46 mmcblk0p78 0 0 0 0 0 0 0 0 0 0 0 0 0 0 0
 259      47 mmcblk0p79 0 0 0 0 0 0 0 0 0 0 0 0 0 0 0
 259      48 mmcblk0p80 0 0 0 0 0 0 0 0 0 0 0 0 0 0 0
 253       0 dm-0 168 0 1368 356 0 0 0 0 0 68 356 0 0 0 0
 253       1 dm-1 4189 0 402352 7052 0 0 0 0 0 3228 7052 0 0 0 0
 253       2 dm-2 1196 0 68856 1376 0 0 0 0 0 1324 1376 0 0 0 0
 253       3 dm-3 1794 0 97544 4196 0 0 0 0 2 1736 4196 0 0 0 0
 253       4 dm-4 2889 0 391952 9340 0 0 0 0 4 3244 9340 0 0 0 0
 253       5 dm-5 893 0 66432 1668 0 0 0 0 3 1368 1668 0 0 0 0
 253       6 dm-6 1251 0 93200 4468 0 0 0 0 3 1772 4468 0 0 0 0
 253       7 dm-7 39 0 336 44 0 0 0 0 0 72 44 0 0 0 0
   7     128 loop16 12 0 144 16 0 0 0 0 0 44 8 0 0 0 0
   7     136 loop17 27 0 216 27 0 0 0 0 0 32 0 0 0 0 0
   7     144 loop18 12 0 120 14 0 0 0 0 0 40 4 0 0 0 0
   7     152 loop19 24 0 192 26 0 0 0 0 0 28 0 0 0 0 0
   7     160 loop20 17 0 280 11 0 0 0 0 0 48 4 0 0 0 0
   7     168 loop21 17 0 288 6 0 0 0 0 0 44 0 0 0 0 0
   7     176 loop22 12 0 96 6 0 0 0 0 0 40 0 0 0 0 0
   7     184 loop23 27 0 376 12 0 0 0 0 0 56 0 0 0 0 0
   7     192 loop24 20 1 472 15 0 0 0 0 0 52 4 0 0 0 0
   7     200 loop25 28 0 736 11 0 0 0 0 0 48 0 0 0 0 0
   7     208 loop26 11 0 88 4 0 0 0 0 0 20 0 0 0 0 0
   7     216 loop27 9 0 72 4 0 0 0 0 0 20 0 0 0 0 0
   7     224 loop28 17 0 296 7 0 0 0 0 0 56 0 0 0 0 0
   7     232 loop29 14 0 112 10 0 0 0 0 0 28 0 0 0 0 0
   7     240 loop30 20 0 312 7 0 0 0 0 0 48 0 0 0 0 0
   7     248 loop31 25 0 384 10 0 0 0 0 0 56 0 0 0 0 0
   7     256 loop32 51 0 6560 51 0 0 0 0 0 120 4 0 0 0 0
   7     264 loop33 23 1 496 9 0 0 0 0 0 44 0 0 0 0 0
   7     272 loop34 22 0 480 8 0 0 0 0 0 52 0 0 0 0 0
   7     280 loop35 21 0 472 8 0 0 0 0 0 44 0 0 0 0 0
   7     288 loop36 71 0 9016 121 0 0 0 0 0 136 44 0 0 0 0
   7     296 loop37 17 0 224 6 0 0 0 0 0 40 0 0 0 0 0
   7     304 loop38 86 1 3768 68 0 0 0 0 0 168 8 0 0 0 0
   7     312 loop39 18 0 144 7 0 0 0 0 0 24 0 0 0 0 0
 253       8 dm-8 0 0 0 0 0 0 0 0 0 0 0 0 0 0 0
 253       9 dm-9 17 0 440 12 0 0 0 0 0 48 12 0 0 0 0
 253      10 dm-10 73 0 3656 80 0 0 0 0 0 164 80 0 0 0 0
 253      11 dm-11 221 0 28760 412 0 0 0 0 0 516 412 0 0 0 0
 253      12 dm-12 0 0 0 0 0 0 0 0 0 0 0 0 0 0 0
 253      13 dm-13 16 0 432 8 0 0 0 0 0 40 8 0 0 0 0
 253      14 dm-14 0 0 0 0 0 0 0 0 0 0 0 0 0 0 0
 253      15 dm-15 16 0 432 0 0 0 0 0 0 40 0 0 0 0 0
 253      16 dm-16 0 0 0 0 0 0 0 0 0 0 0 0 0 0 0
 253      17 dm-17 0 0 0 0 0 0 0 0 0 0 0 0 0 0 0
 253      18 dm-18 40 0 6472 48 0 0 0 0 0 112 48 0 0 0 0
 253      19 dm-19 9 0 72 8 0 0 0 0 0 20 8 0 0 0 0
 253      20 dm-20 14 0 112 0 0 0 0 0 0 16 0 0 0 0 0
 253      21 dm-21 15 0 272 4 0 0 0 0 0 44 4 0 0 0 0
 253      22 dm-22 15 0 280 16 0 0 0 0 0 60 16 0 0 0 0
 253      23 dm-23 0 0 0 0 0 0 0 0 0 0 0 0 0 0 0
 253      24 dm-24 15 0 208 4 0 0 0 0 0 36 4 0 0 0 0
 253      25 dm-25 5 0 40 8 0 0 0 0 0 20 8 0 0 0 0
 253      26 dm-26 7 0 56 8 0 0 0 0 0 16 8 0 0 0 0
 253      27 dm-27 0 0 0 0 0 0 0 0 0 0 0 0 0 0 0
 253      28 dm-28 23 0 696 12 0 0 0 0 0 44 12 0 0 0 0
 253      29 dm-29 0 0 0 0 0 0 0 0 0 0 0 0 0 0 0
 253      30 dm-30 0 0 0 0 0 0 0 0 0 0 0 0 0 0 0
 253      31 dm-31 0 0 0 0 0 0 0 0 0 0 0 0 0 0 0
 253      32 dm-32 20 0 344 4 0 0 0 0 0 52 4 0 0 0 0
 253      33 dm-33 0 0 0 0 0 0 0 0 0 0 0 0 0 0 0
 253      34 dm-34 15 0 424 16 0 0 0 0 0 48 16 0 0 0 0
 253      35 dm-35 8 0 64 24 0 0 0 0 0 36 24 0 0 0 0
 253      36 dm-36 22 0 336 24 0 0 0 0 0 56 24 0 0 0 0
 253      37 dm-37 0 0 0 0 0 0 0 0 0 0 0 0 0 0 0
 253      38 dm-38 13 0 256 4 0 0 0 0 0 44 4 0 0 0 0
 253      39 dm-39 13 0 248 12 0 0 0 0 0 44 12 0 0 0 0
 253      40 dm-40 0 0 0 0 0 0 0 0 0 0 0 0 0 0 0
 253      41 dm-41 0 0 0 0 0 0 0 0 0 0 0 0 0 0 0
 253      42 dm-42 0 0 0 0 0 0 0 0 0 0 0 0 0 0 0
 253      43 dm-43 1546 0 60544 2664 59 0 904 60 0 1604 2724 0 0 0 0

1146
   1       0 ram0 0 0 0 0 0 0 0 0 0 0 0 0 0 0 0
   1       1 ram1 0 0 0 0 0 0 0 0 0 0 0 0 0 0 0
   1       2 ram2 0 0 0 0 0 0 0 0 0 0 0 0 0 0 0
   1       3 ram3 0 0 0 0 0 0 0 0 0 0 0 0 0 0 0
   1       4 ram4 0 0 0 0 0 0 0 0 0 0 0 0 0 0 0
   1       5 ram5 0 0 0 0 0 0 0 0 0 0 0 0 0 0 0
   1       6 ram6 0 0 0 0 0 0 0 0 0 0 0 0 0 0 0
   1       7 ram7 0 0 0 0 0 0 0 0 0 0 0 0 0 0 0
   1       8 ram8 0 0 0 0 0 0 0 0 0 0 0 0 0 0 0
   1       9 ram9 0 0 0 0 0 0 0 0 0 0 0 0 0 0 0
   1      10 ram10 0 0 0 0 0 0 0 0 0 0 0 0 0 0 0
   1      11 ram11 0 0 0 0 0 0 0 0 0 0 0 0 0 0 0
   1      12 ram12 0 0 0 0 0 0 0 0 0 0 0 0 0 0 0
   1      13 ram13 0 0 0 0 0 0 0 0 0 0 0 0 0 0 0
   1      14 ram14 0 0 0 0 0 0 0 0 0 0 0 0 0 0 0
   1      15 ram15 0 0 0 0 0 0 0 0 0 0 0 0 0 0 0
   7       0 loop0 183 0 16168 352 0 0 0 0 0 344 116 0 0 0 0
   7       8 loop1 70 0 9008 122 0 0 0 0 0 136 32 0 0 0 0
   7      16 loop2 27 0 216 13 0 0 0 0 0 32 0 0 0 0 0
   7      24 loop3 12 0 296 8 0 0 0 0 0 32 0 0 0 0 0
   7      32 loop4 36 1 3040 29 0 0 0 0 0 56 0 0 0 0 0
   7      40 loop5 68 1 7000 79 0 0 0 0 0 144 8 0 0 0 0
   7      48 loop6 12 0 304 9 0 0 0 0 0 28 0 0 0 0 0
   7      56 loop7 16 0 432 8 0 0 0 0 0 60 0 0 0 0 0
   7      64 loop8 25 0 1408 16 0 0 0 0 0 96 0 0 0 0 0
   7      72 loop9 484 4 47408 1240 0 0 0 0 0 1012 532 0 0 0 0
   7      80 loop10 24 0 192 17 0 0 0 0 0 28 0 0 0 0 0
   7      88 loop11 16 0 256 10 0 0 0 0 0 56 0 0 0 0 0
   7      96 loop12 324 3 37112 252 0 0 0 0 1 592 4 0 0 0 0
   7     104 loop13 27 0 216 48 0 0 0 0 0 44 8 0 0 0 0
   7     112 loop14 12 0 240 7 0 0 0 0 0 36 0 0 0 0 0
   7     120 loop15 45 0 4264 112 0 0 0 0 0 184 56 0 0 0 0
 254       0 zram0 0 0 0 0 0 0 0 0 0 0 0 0 0 0 0
 179       0 mmcblk0 2020 1821 144350 1721 12 0 48 14 0 1592 376 0 0 0 0
 179       1 mmcblk0p1 0 0 0 0 0 0 0 0 0 0 0 0 0 0 0
 179       2 mmcblk0p2 0 0 0 0 0 0 0 0 0 0 0 0 0 0 0
 179       3 mmcblk0p3 0 0 0 0 0 0 0 0 0 0 0 0 0 0 0
 179       4 mmcblk0p4 16 0 146 3 1 0 8 0 0 12 0 0 0 0 0
 179       5 mmcblk0p5 0 0 0 0 0 0 0 0 0 0 0 0 0 0 0
 179       6 mmcblk0p6 0 0 0 0 0 0 0 0 0 0 0 0 0 0 0
 179       7 mmcblk0p7 0 0 0 0 0 0 0 0 0 0 0 0 0 0 0
 179       8 mmcblk0p8 0 0 0 0 0 0 0 0 0 0 0 0 0 0 0
 179       9 mmcblk0p9 0 0 0 0 0 0 0 0 0 0 0 0 0 0 0
 179      10 mmcblk0p10 0 0 0 0 0 0 0 0 0 0 0 0 0 0 0
 179      11 mmcblk0p11 0 0 0 0 0 0 0 0 0 0 0 0 0 0 0
 179      12 mmcblk0p12 0 0 0 0 0 0 0 0 0 0 0 0 0 0 0
 179      13 mmcblk0p13 0 0 0 0 0 0 0 0 0 0 0 0 0 0 0
 179      14 mmcblk0p14 0 0 0 0 0 0 0 0 0 0 0 0 0 0 0
 179      15 mmcblk0p15 0 0 0 0 0 0 0 0 0 0 0 0 0 0 0
 179      16 mmcblk0p16 0 0 0 0 0 0 0 0 0 0 0 0 0 0 0
 179      17 mmcblk0p17 0 0 0 0 0 0 0 0 0 0 0 0 0 0 0
 179      18 mmcblk0p18 0 0 0 0 0 0 0 0 0 0 0 0 0 0 0
 179      19 mmcblk0p19 0 0 0 0 0 0 0 0 0 0 0 0 0 0 0
 179      20 mmcblk0p20 0 0 0 0 0 0 0 0 0 0 0 0 0 0 0
 179      21 mmcblk0p21 54 57 111 17 0 0 0 0 0 28 0 0 0 0 0
 179      22 mmcblk0p22 0 0 0 0 0 0 0 0 0 0 0 0 0 0 0
 179      23 mmcblk0p23 33 6 330 14 0 0 0 0 0 12 0 0 0 0 0
 179      24 mmcblk0p24 0 0 0 0 0 0 0 0 0 0 0 0 0 0 0
 179      25 mmcblk0p25 0 0 0 0 0 0 0 0 0 0 0 0 0 0 0
 179      26 mmcblk0p26 0 0 0 0 0 0 0 0 0 0 0 0 0 0 0
 179      27 mmcblk0p27 0 0 0 0 0 0 0 0 0 0 0 0 0 0 0
 179      28 mmcblk0p28 0 0 0 0 0 0 0 0 0 0 0 0 0 0 0
 179      29 mmcblk0p29 0 0 0 0 0 0 0 0 0 0 0 0 0 0 0
 179      30 mmcblk0p30 0 0 0 0 0 0 0 0 0 0 0 0 0 0 0
 179      31 mmcblk0p31 0 0 0 0 0 0 0 0 0 0 0 0 0 0 0
 259       0 mmcblk0p32 9 0 65 1 0 0 0 0 0 12 0 0 0 0 0
 259       1 mmcblk0p33 0 0 0 0 0 0 0 0 0 0 0 0 0 0 0
 259       2 mmcblk0p34 0 0 0 0 0 0 0 0 0 0 0 0 0 0 0
 259       3 mmcblk0p35 0 0 0 0 0 0 0 0 0 0 0 0 0 0 0
 259       4 mmcblk0p36 0 0 0 0 0 0 0 0 0 0 0 0 0 0 0
 259       5 mmcblk0p37 0 0 0 0 0 0 0 0 0 0 0 0 0 0 0
 259       6 mmcblk0p38 0 0 0 0 0 0 0 0 0 0 0 0 0 0 0
 259       7 mmcblk0p39 0 0 0 0 0 0 0 0 0 0 0 0 0 0 0
 259       8 mmcblk0p40 0 0 0 0 0 0 0 0 0 0 0 0 0 0 0
 259       9 mmcblk0p41 0 0 0 0 0 0 0 0 0 0 0 0 0 0 0
 259      10 mmcblk0p42 0 0 0 0 0 0 0 0 0 0 0 0 0 0 0
 259      11 mmcblk0p43 0 0 0 0 0 0 0 0 0 0 0 0 0 0 0
 259      12 mmcblk0p44 0 0 0 0 0 0 0 0 0 0 0 0 0 0 0
 259      13 mmcblk0p45 0 0 0 0 0 0 0 0 0 0 0 0 0 0 0
 259      14 mmcblk0p46 0 0 0 0 0 0 0 0 0 0 0 0 0 0 0
 259      15 mmcblk0p47 0 0 0 0 0 0 0 0 0 0 0 0 0 0 0
 259      16 mmcblk0p48 0 0 0 0 0 0 0 0 0 0 0 0 0 0 0
 259      17 mmcblk0p49 0 0 0 0 0 0 0 0 0 0 0 0 0 0 0
 259      18 mmcblk0p50 0 0 0 0 0 0 0 0 0 0 0 0 0 0 0
 259      19 mmcblk0p51 0 0 0 0 0 0 0 0 0 0 0 0 0 0 0
 259      20 mmcblk0p52 0 0 0 0 0 0 0 0 0 0 0 0 0 0 0
 259      21 mmcblk0p53 0 0 0 0 0 0 0 0 0 0 0 0 0 0 0
 259      22 mmcblk0p54 0 0 0 0 0 0 0 0 0 0 0 0 0 0 0
 259      23 mmcblk0p55 0 0 0 0 0 0 0 0 0 0 0 0 0 0 0
 259      24 mmcblk0p56 0 0 0 0 0 0 0 0 0 0 0 0 0 0 0
 259      25 mmcblk0p57 0 0 0 0 0 0 0 0 0 0 0 0 0 0 0
 259      26 mmcblk0p58 0 0 0 0 0 0 0 0 0 0 0 0 0 0 0
 259      27 mmcblk0p59 0 0 0 0 0 0 0 0 0 0 0 0 0 0 0
 259      28 mmcblk0p60 0 0 0 0 0 0 0 0 0 0 0 0 0 0 0
 259      29 mmcblk0p61 0 0 0 0 0 0 0 0 0 0 0 0 0 0 0
 259      30 mmcblk0p62 0 0 0 0 0 0 0 0 0 0 0 0 0 0 0
 259      31 mmcblk0p63 0 0 0 0 0 0 0 0 0 0 0 0 0 0 0
 259      32 mmcblk0p64 0 0 0 0 0 0 0 0 0 0 0 0 0 0 0
 259      33 mmcblk0p65 0 0 0 0 0 0 0 0 0 0 0 0 0 0 0
 259      34 mmcblk0p66 0 0 0 0 0 0 0 0 0 0 0 0 0 0 0
 259      35 mmcblk0p67 1851 1758 140712 1643 0 0 0 0 0 1520 360 0 0 0 0
 259      36 mmcblk0p68 1 0 128 1 0 0 0 0 0 4 0 0 0 0 0
 259      37 mmcblk0p69 0 0 0 0 0 0 0 0 0 0 0 0 0 0 0
 259      38 mmcblk0p70 0 0 0 0 0 0 0 0 0 0 0 0 0 0 0
 259      39 mmcblk0p71 0 0 0 0 0 0 0 0 0 0 0 0 0 0 0
 259      40 mmcblk0p72 47 0 2666 36 5 0 40 12 0 64 16 0 0 0 0
 259      41 mmcblk0p73 1 0 128 1 0 0 0 0 0 4 0 0 0 0 0
 259      42 mmcblk0p74 0 0 0 0 0 0 0 0 0 0 0 0 0 0 0
 259      43 mmcblk0p75 0 0 0 0 0 0 0 0 0 0 0 0 0 0 0
 259      44 mmcblk0p76 0 0 0 0 0 0 0 0 0 0 0 0 0 0 0
 259      45 mmcblk0p77 0 0 0 0 0 0 0 0 0 0 0 0 0 0 0
 259      46 mmcblk0p78 0 0 0 0 0 0 0 0 0 0 0 0 0 0 0
 259      47 mmcblk0p79 0 0 0 0 0 0 0 0 0 0 0 0 0 0 0
 259      48 mmcblk0p80 0 0 0 0 0 0 0 0 0 0 0 0 0 0 0
 253       0 dm-0 168 0 1368 356 0 0 0 0 0 68 356 0 0 0 0
 253       1 dm-1 4309 0 423024 7144 0 0 0 0 1 3448 7144 0 0 0 0
 253       2 dm-2 1259 0 77312 1428 0 0 0 0 0 1496 1428 0 0 0 0
 253       3 dm-3 1854 0 109536 4248 0 0 0 0 0 1884 4248 0 0 0 0
 253       4 dm-4 3002 0 412568 9664 0 0 0 0 1 3476 9664 0 0 0 0
 253       5 dm-5 953 0 74864 1840 0 0 0 0 0 1572 1840 0 0 0 0
 253       6 dm-6 1300 0 105104 4584 0 0 0 0 0 1952 4584 0 0 0 0
 253       7 dm-7 39 0 336 44 0 0 0 0 0 72 44 0 0 0 0
   7     128 loop16 12 0 144 16 0 0 0 0 0 44 8 0 0 0 0
   7     136 loop17 27 0 216 27 0 0 0 0 0 32 0 0 0 0 0
   7     144 loop18 12 0 120 14 0 0 0 0 0 40 4 0 0 0 0
   7     152 loop19 24 0 192 26 0 0 0 0 0 28 0 0 0 0 0
   7     160 loop20 17 0 280 11 0 0 0 0 0 48 4 0 0 0 0
   7     168 loop21 19 0 768 8 0 0 0 0 0 48 0 0 0 0 0
   7     176 loop22 12 0 96 6 0 0 0 0 0 40 0 0 0 0 0
   7     184 loop23 27 0 376 12 0 0 0 0 0 56 0 0 0 0 0
   7     192 loop24 20 1 472 15 0 0 0 0 0 52 4 0 0 0 0
   7     200 loop25 28 0 736 11 0 0 0 0 0 48 0 0 0 0 0
   7     208 loop26 11 0 88 4 0 0 0 0 0 20 0 0 0 0 0
   7     216 loop27 9 0 72 4 0 0 0 0 0 20 0 0 0 0 0
   7     224 loop28 17 0 296 7 0 0 0 0 0 56 0 0 0 0 0
   7     232 loop29 25 0 864 16 0 0 0 0 0 44 0 0 0 0 0
   7     240 loop30 20 0 312 7 0 0 0 0 1 52 0 0 0 0 0
   7     248 loop31 25 0 384 10 0 0 0 0 0 56 0 0 0 0 0
   7     256 loop32 51 0 6560 51 0 0 0 0 0 120 4 0 0 0 0
   7     264 loop33 23 1 496 9 0 0 0 0 0 44 0 0 0 0 0
   7     272 loop34 22 0 480 8 0 0 0 0 0 52 0 0 0 0 0
   7     280 loop35 21 0 472 8 0 0 0 0 0 44 0 0 0 0 0
   7     288 loop36 71 0 9016 121 0 0 0 0 0 136 44 0 0 0 0
   7     296 loop37 17 0 224 6 0 0 0 0 0 40 0 0 0 0 0
   7     304 loop38 86 1 3768 68 0 0 0 0 0 168 8 0 0 0 0
   7     312 loop39 18 0 144 7 0 0 0 0 0 24 0 0 0 0 0
 253       8 dm-8 0 0 0 0 0 0 0 0 0 0 0 0 0 0 0
 253       9 dm-9 17 0 440 12 0 0 0 0 0 48 12 0 0 0 0
 253      10 dm-10 73 0 3656 80 0 0 0 0 0 164 80 0 0 0 0
 253      11 dm-11 266 0 36840 496 0 0 0 0 0 608 496 0 0 0 0
 253      12 dm-12 0 0 0 0 0 0 0 0 0 0 0 0 0 0 0
 253      13 dm-13 16 0 432 8 0 0 0 0 0 40 8 0 0 0 0
 253      14 dm-14 0 0 0 0 0 0 0 0 0 0 0 0 0 0 0
 253      15 dm-15 16 0 432 0 0 0 0 0 0 40 0 0 0 0 0
 253      16 dm-16 0 0 0 0 0 0 0 0 0 0 0 0 0 0 0
 253      17 dm-17 0 0 0 0 0 0 0 0 0 0 0 0 0 0 0
 253      18 dm-18 40 0 6472 48 0 0 0 0 0 112 48 0 0 0 0
 253      19 dm-19 17 0 800 32 0 0 0 0 0 36 32 0 0 0 0
 253      20 dm-20 14 0 112 0 0 0 0 0 0 16 0 0 0 0 0
 253      21 dm-21 16 0 464 4 0 0 0 0 1 48 4 0 0 0 0
 253      22 dm-22 15 0 280 16 0 0 0 0 0 60 16 0 0 0 0
 253      23 dm-23 0 0 0 0 0 0 0 0 0 0 0 0 0 0 0
 253      24 dm-24 15 0 208 4 0 0 0 0 0 36 4 0 0 0 0
 253      25 dm-25 5 0 40 8 0 0 0 0 0 20 8 0 0 0 0
 253      26 dm-26 7 0 56 8 0 0 0 0 0 16 8 0 0 0 0
 253      27 dm-27 0 0 0 0 0 0 0 0 0 0 0 0 0 0 0
 253      28 dm-28 23 0 696 12 0 0 0 0 0 44 12 0 0 0 0
 253      29 dm-29 0 0 0 0 0 0 0 0 0 0 0 0 0 0 0
 253      30 dm-30 0 0 0 0 0 0 0 0 0 0 0 0 0 0 0
 253      31 dm-31 0 0 0 0 0 0 0 0 0 0 0 0 0 0 0
 253      32 dm-32 20 0 344 4 0 0 0 0 0 52 4 0 0 0 0
 253      33 dm-33 0 0 0 0 0 0 0 0 0 0 0 0 0 0 0
 253      34 dm-34 15 0 424 16 0 0 0 0 0 48 16 0 0 0 0
 253      35 dm-35 8 0 64 24 0 0 0 0 0 36 24 0 0 0 0
 253      36 dm-36 22 0 336 24 0 0 0 0 0 56 24 0 0 0 0
 253      37 dm-37 0 0 0 0 0 0 0 0 0 0 0 0 0 0 0
 253      38 dm-38 15 0 736 8 0 0 0 0 0 52 8 0 0 0 0
 253      39 dm-39 13 0 248 12 0 0 0 0 0 44 12 0 0 0 0
 253      40 dm-40 0 0 0 0 0 0 0 0 0 0 0 0 0 0 0
 253      41 dm-41 0 0 0 0 0 0 0 0 0 0 0 0 0 0 0
 253      42 dm-42 0 0 0 0 0 0 0 0 0 0 0 0 0 0 0
 253      43 dm-43 1620 0 70176 2724 59 0 904 60 1 1712 2784 0 0 0 0

1174
   1       0 ram0 0 0 0 0 0 0 0 0 0 0 0 0 0 0 0
   1       1 ram1 0 0 0 0 0 0 0 0 0 0 0 0 0 0 0
   1       2 ram2 0 0 0 0 0 0 0 0 0 0 0 0 0 0 0
   1       3 ram3 0 0 0 0 0 0 0 0 0 0 0 0 0 0 0
   1       4 ram4 0 0 0 0 0 0 0 0 0 0 0 0 0 0 0
   1       5 ram5 0 0 0 0 0 0 0 0 0 0 0 0 0 0 0
   1       6 ram6 0 0 0 0 0 0 0 0 0 0 0 0 0 0 0
   1       7 ram7 0 0 0 0 0 0 0 0 0 0 0 0 0 0 0
   1       8 ram8 0 0 0 0 0 0 0 0 0 0 0 0 0 0 0
   1       9 ram9 0 0 0 0 0 0 0 0 0 0 0 0 0 0 0
   1      10 ram10 0 0 0 0 0 0 0 0 0 0 0 0 0 0 0
   1      11 ram11 0 0 0 0 0 0 0 0 0 0 0 0 0 0 0
   1      12 ram12 0 0 0 0 0 0 0 0 0 0 0 0 0 0 0
   1      13 ram13 0 0 0 0 0 0 0 0 0 0 0 0 0 0 0
   1      14 ram14 0 0 0 0 0 0 0 0 0 0 0 0 0 0 0
   1      15 ram15 0 0 0 0 0 0 0 0 0 0 0 0 0 0 0
   7       0 loop0 183 0 16168 352 0 0 0 0 0 344 116 0 0 0 0
   7       8 loop1 70 0 9008 122 0 0 0 0 0 136 32 0 0 0 0
   7      16 loop2 27 0 216 13 0 0 0 0 0 32 0 0 0 0 0
   7      24 loop3 12 0 296 8 0 0 0 0 0 32 0 0 0 0 0
   7      32 loop4 36 1 3040 29 0 0 0 0 0 56 0 0 0 0 0
   7      40 loop5 123 1 13488 133 0 0 0 0 0 204 12 0 0 0 0
   7      48 loop6 14 0 320 10 0 0 0 0 0 32 0 0 0 0 0
   7      56 loop7 20 0 1232 15 0 0 0 0 0 76 0 0 0 0 0
   7      64 loop8 25 0 1408 16 0 0 0 0 0 96 0 0 0 0 0
   7      72 loop9 515 4 50008 1289 0 0 0 0 0 1144 544 0 0 0 0
   7      80 loop10 24 0 192 17 0 0 0 0 0 28 0 0 0 0 0
   7      88 loop11 16 0 256 10 0 0 0 0 0 56 0 0 0 0 0
   7      96 loop12 476 3 58888 375 0 0 0 0 0 752 4 0 0 0 0
   7     104 loop13 27 0 216 48 0 0 0 0 0 44 8 0 0 0 0
   7     112 loop14 12 0 240 7 0 0 0 0 0 36 0 0 0 0 0
   7     120 loop15 46 0 4288 113 0 0 0 0 0 188 56 0 0 0 0
 254       0 zram0 0 0 0 0 0 0 0 0 0 0 0 0 0 0 0
 179       0 mmcblk0 2020 1821 144350 1721 12 0 48 14 0 1592 376 0 0 0 0
 179       1 mmcblk0p1 0 0 0 0 0 0 0 0 0 0 0 0 0 0 0
 179       2 mmcblk0p2 0 0 0 0 0 0 0 0 0 0 0 0 0 0 0
 179       3 mmcblk0p3 0 0 0 0 0 0 0 0 0 0 0 0 0 0 0
 179       4 mmcblk0p4 16 0 146 3 1 0 8 0 0 12 0 0 0 0 0
 179       5 mmcblk0p5 0 0 0 0 0 0 0 0 0 0 0 0 0 0 0
 179       6 mmcblk0p6 0 0 0 0 0 0 0 0 0 0 0 0 0 0 0
 179       7 mmcblk0p7 0 0 0 0 0 0 0 0 0 0 0 0 0 0 0
 179       8 mmcblk0p8 0 0 0 0 0 0 0 0 0 0 0 0 0 0 0
 179       9 mmcblk0p9 0 0 0 0 0 0 0 0 0 0 0 0 0 0 0
 179      10 mmcblk0p10 0 0 0 0 0 0 0 0 0 0 0 0 0 0 0
 179      11 mmcblk0p11 0 0 0 0 0 0 0 0 0 0 0 0 0 0 0
 179      12 mmcblk0p12 0 0 0 0 0 0 0 0 0 0 0 0 0 0 0
 179      13 mmcblk0p13 0 0 0 0 0 0 0 0 0 0 0 0 0 0 0
 179      14 mmcblk0p14 0 0 0 0 0 0 0 0 0 0 0 0 0 0 0
 179      15 mmcblk0p15 0 0 0 0 0 0 0 0 0 0 0 0 0 0 0
 179      16 mmcblk0p16 0 0 0 0 0 0 0 0 0 0 0 0 0 0 0
 179      17 mmcblk0p17 0 0 0 0 0 0 0 0 0 0 0 0 0 0 0
 179      18 mmcblk0p18 0 0 0 0 0 0 0 0 0 0 0 0 0 0 0
 179      19 mmcblk0p19 0 0 0 0 0 0 0 0 0 0 0 0 0 0 0
 179      20 mmcblk0p20 0 0 0 0 0 0 0 0 0 0 0 0 0 0 0
 179      21 mmcblk0p21 54 57 111 17 0 0 0 0 0 28 0 0 0 0 0
 179      22 mmcblk0p22 0 0 0 0 0 0 0 0 0 0 0 0 0 0 0
 179      23 mmcblk0p23 33 6 330 14 0 0 0 0 0 12 0 0 0 0 0
 179      24 mmcblk0p24 0 0 0 0 0 0 0 0 0 0 0 0 0 0 0
 179      25 mmcblk0p25 0 0 0 0 0 0 0 0 0 0 0 0 0 0 0
 179      26 mmcblk0p26 0 0 0 0 0 0 0 0 0 0 0 0 0 0 0
 179      27 mmcblk0p27 0 0 0 0 0 0 0 0 0 0 0 0 0 0 0
 179      28 mmcblk0p28 0 0 0 0 0 0 0 0 0 0 0 0 0 0 0
 179      29 mmcblk0p29 0 0 0 0 0 0 0 0 0 0 0 0 0 0 0
 179      30 mmcblk0p30 0 0 0 0 0 0 0 0 0 0 0 0 0 0 0
 179      31 mmcblk0p31 0 0 0 0 0 0 0 0 0 0 0 0 0 0 0
 259       0 mmcblk0p32 9 0 65 1 0 0 0 0 0 12 0 0 0 0 0
 259       1 mmcblk0p33 0 0 0 0 0 0 0 0 0 0 0 0 0 0 0
 259       2 mmcblk0p34 0 0 0 0 0 0 0 0 0 0 0 0 0 0 0
 259       3 mmcblk0p35 0 0 0 0 0 0 0 0 0 0 0 0 0 0 0
 259       4 mmcblk0p36 0 0 0 0 0 0 0 0 0 0 0 0 0 0 0
 259       5 mmcblk0p37 0 0 0 0 0 0 0 0 0 0 0 0 0 0 0
 259       6 mmcblk0p38 0 0 0 0 0 0 0 0 0 0 0 0 0 0 0
 259       7 mmcblk0p39 0 0 0 0 0 0 0 0 0 0 0 0 0 0 0
 259       8 mmcblk0p40 0 0 0 0 0 0 0 0 0 0 0 0 0 0 0
 259       9 mmcblk0p41 0 0 0 0 0 0 0 0 0 0 0 0 0 0 0
 259      10 mmcblk0p42 0 0 0 0 0 0 0 0 0 0 0 0 0 0 0
 259      11 mmcblk0p43 0 0 0 0 0 0 0 0 0 0 0 0 0 0 0
 259      12 mmcblk0p44 0 0 0 0 0 0 0 0 0 0 0 0 0 0 0
 259      13 mmcblk0p45 0 0 0 0 0 0 0 0 0 0 0 0 0 0 0
 259      14 mmcblk0p46 0 0 0 0 0 0 0 0 0 0 0 0 0 0 0
 259      15 mmcblk0p47 0 0 0 0 0 0 0 0 0 0 0 0 0 0 0
 259      16 mmcblk0p48 0 0 0 0 0 0 0 0 0 0 0 0 0 0 0
 259      17 mmcblk0p49 0 0 0 0 0 0 0 0 0 0 0 0 0 0 0
 259      18 mmcblk0p50 0 0 0 0 0 0 0 0 0 0 0 0 0 0 0
 259      19 mmcblk0p51 0 0 0 0 0 0 0 0 0 0 0 0 0 0 0
 259      20 mmcblk0p52 0 0 0 0 0 0 0 0 0 0 0 0 0 0 0
 259      21 mmcblk0p53 0 0 0 0 0 0 0 0 0 0 0 0 0 0 0
 259      22 mmcblk0p54 0 0 0 0 0 0 0 0 0 0 0 0 0 0 0
 259      23 mmcblk0p55 0 0 0 0 0 0 0 0 0 0 0 0 0 0 0
 259      24 mmcblk0p56 0 0 0 0 0 0 0 0 0 0 0 0 0 0 0
 259      25 mmcblk0p57 0 0 0 0 0 0 0 0 0 0 0 0 0 0 0
 259      26 mmcblk0p58 0 0 0 0 0 0 0 0 0 0 0 0 0 0 0
 259      27 mmcblk0p59 0 0 0 0 0 0 0 0 0 0 0 0 0 0 0
 259      28 mmcblk0p60 0 0 0 0 0 0 0 0 0 0 0 0 0 0 0
 259      29 mmcblk0p61 0 0 0 0 0 0 0 0 0 0 0 0 0 0 0
 259      30 mmcblk0p62 0 0 0 0 0 0 0 0 0 0 0 0 0 0 0
 259      31 mmcblk0p63 0 0 0 0 0 0 0 0 0 0 0 0 0 0 0
 259      32 mmcblk0p64 0 0 0 0 0 0 0 0 0 0 0 0 0 0 0
 259      33 mmcblk0p65 0 0 0 0 0 0 0 0 0 0 0 0 0 0 0
 259      34 mmcblk0p66 0 0 0 0 0 0 0 0 0 0 0 0 0 0 0
 259      35 mmcblk0p67 1851 1758 140712 1643 0 0 0 0 0 1520 360 0 0 0 0
 259      36 mmcblk0p68 1 0 128 1 0 0 0 0 0 4 0 0 0 0 0
 259      37 mmcblk0p69 0 0 0 0 0 0 0 0 0 0 0 0 0 0 0
 259      38 mmcblk0p70 0 0 0 0 0 0 0 0 0 0 0 0 0 0 0
 259      39 mmcblk0p71 0 0 0 0 0 0 0 0 0 0 0 0 0 0 0
 259      40 mmcblk0p72 47 0 2666 36 5 0 40 12 0 64 16 0 0 0 0
 259      41 mmcblk0p73 1 0 128 1 0 0 0 0 0 4 0 0 0 0 0
 259      42 mmcblk0p74 0 0 0 0 0 0 0 0 0 0 0 0 0 0 0
 259      43 mmcblk0p75 0 0 0 0 0 0 0 0 0 0 0 0 0 0 0
 259      44 mmcblk0p76 0 0 0 0 0 0 0 0 0 0 0 0 0 0 0
 259      45 mmcblk0p77 0 0 0 0 0 0 0 0 0 0 0 0 0 0 0
 259      46 mmcblk0p78 0 0 0 0 0 0 0 0 0 0 0 0 0 0 0
 259      47 mmcblk0p79 0 0 0 0 0 0 0 0 0 0 0 0 0 0 0
 259      48 mmcblk0p80 0 0 0 0 0 0 0 0 0 0 0 0 0 0 0
 253       0 dm-0 168 0 1368 356 0 0 0 0 0 68 356 0 0 0 0
 253       1 dm-1 4456 0 453120 7316 0 0 0 0 2 3636 7316 0 0 0 0
 253       2 dm-2 1297 0 80296 1464 0 0 0 0 0 1632 1464 0 0 0 0
 253       3 dm-3 1911 0 117800 4352 0 0 0 0 2 2040 4352 0 0 0 0
 253       4 dm-4 3125 0 442472 9876 0 0 0 0 1 3668 9876 0 0 0 0
 253       5 dm-5 987 0 77816 1896 0 0 0 0 0 1708 1896 0 0 0 0
 253       6 dm-6 1344 0 113264 4688 0 0 0 0 1 2112 4688 0 0 0 0
 253       7 dm-7 39 0 336 44 0 0 0 0 0 72 44 0 0 0 0
   7     128 loop16 12 0 144 16 0 0 0 0 0 44 8 0 0 0 0
   7     136 loop17 27 0 216 27 0 0 0 0 0 32 0 0 0 0 0
   7     144 loop18 12 0 120 14 0 0 0 0 0 40 4 0 0 0 0
   7     152 loop19 24 0 192 26 0 0 0 0 0 28 0 0 0 0 0
   7     160 loop20 17 0 280 11 0 0 0 0 0 48 4 0 0 0 0
   7     168 loop21 20 0 1024 9 0 0 0 0 0 56 0 0 0 0 0
   7     176 loop22 12 0 96 6 0 0 0 0 0 40 0 0 0 0 0
   7     184 loop23 30 0 1112 16 0 0 0 0 0 64 0 0 0 0 0
   7     192 loop24 21 1 576 15 0 0 0 0 0 56 4 0 0 0 0
   7     200 loop25 29 0 960 12 0 0 0 0 0 52 0 0 0 0 0
   7     208 loop26 11 0 88 4 0 0 0 0 0 20 0 0 0 0 0
   7     216 loop27 9 0 72 4 0 0 0 0 0 20 0 0 0 0 0
   7     224 loop28 17 0 296 7 0 0 0 0 0 56 0 0 0 0 0
   7     232 loop29 25 0 864 16 0 0 0 0 0 44 0 0 0 0 0
   7     240 loop30 21 0 504 11 0 0 0 0 0 56 0 0 0 0 0
   7     248 loop31 28 0 1120 13 0 0 0 0 0 64 0 0 0 0 0
   7     256 loop32 51 0 6560 51 0 0 0 0 0 120 4 0 0 0 0
   7     264 loop33 25 1 976 11 0 0 0 0 0 48 0 0 0 0 0
   7     272 loop34 23 0 616 9 0 0 0 0 0 56 0 0 0 0 0
   7     280 loop35 22 0 648 9 0 0 0 0 0 48 0 0 0 0 0
   7     288 loop36 71 0 9016 121 0 0 0 0 0 136 44 0 0 0 0
   7     296 loop37 17 0 224 6 0 0 0 0 0 40 0 0 0 0 0
   7     304 loop38 92 1 4848 74 0 0 0 0 0 192 8 0 0 0 0
   7     312 loop39 18 0 144 7 0 0 0 0 0 24 0 0 0 0 0
 253       8 dm-8 0 0 0 0 0 0 0 0 0 0 0 0 0 0 0
 253       9 dm-9 18 0 576 12 0 0 0 0 0 52 12 0 0 0 0
 253      10 dm-10 78 0 4728 96 0 0 0 0 0 196 96 0 0 0 0
 253      11 dm-11 395 0 58216 664 0 0 0 0 0 768 664 0 0 0 0
 253      12 dm-12 0 0 0 0 0 0 0 0 0 0 0 0 0 0 0
 253      13 dm-13 18 0 912 12 0 0 0 0 0 48 12 0 0 0 0
 253      14 dm-14 0 0 0 0 0 0 0 0 0 0 0 0 0 0 0
 253      15 dm-15 17 0 608 0 0 0 0 0 0 44 0 0 0 0 0
 253      16 dm-16 0 0 0 0 0 0 0 0 0 0 0 0 0 0 0
 253      17 dm-17 0 0 0 0 0 0 0 0 0 0 0 0 0 0 0
 253      18 dm-18 40 0 6472 48 0 0 0 0 0 112 48 0 0 0 0
 253      19 dm-19 17 0 800 32 0 0 0 0 0 36 32 0 0 0 0
 253      20 dm-20 14 0 112 0 0 0 0 0 0 16 0 0 0 0 0
 253      21 dm-21 16 0 464 8 0 0 0 0 0 52 8 0 0 0 0
 253      22 dm-22 16 0 392 16 0 0 0 0 1 64 16 0 0 0 0
 253      23 dm-23 0 0 0 0 0 0 0 0 0 0 0 0 0 0 0
 253      24 dm-24 15 0 208 4 0 0 0 0 0 36 4 0 0 0 0
 253      25 dm-25 5 0 40 8 0 0 0 0 0 20 8 0 0 0 0
 253      26 dm-26 7 0 56 8 0 0 0 0 0 16 8 0 0 0 0
 253      27 dm-27 0 0 0 0 0 0 0 0 0 0 0 0 0 0 0
 253      28 dm-28 24 0 920 12 0 0 0 0 0 48 12 0 0 0 0
 253      29 dm-29 0 0 0 0 0 0 0 0 0 0 0 0 0 0 0
 253      30 dm-30 0 0 0 0 0 0 0 0 0 0 0 0 0 0 0
 253      31 dm-31 0 0 0 0 0 0 0 0 0 0 0 0 0 0 0
 253      32 dm-32 23 0 1080 12 0 0 0 0 0 60 12 0 0 0 0
 253      33 dm-33 0 0 0 0 0 0 0 0 0 0 0 0 0 0 0
 253      34 dm-34 16 0 528 20 0 0 0 0 0 56 20 0 0 0 0
 253      35 dm-35 8 0 64 24 0 0 0 0 0 36 24 0 0 0 0
 253      36 dm-36 25 0 1072 32 0 0 0 0 0 64 32 0 0 0 0
 253      37 dm-37 0 0 0 0 0 0 0 0 0 0 0 0 0 0 0
 253      38 dm-38 16 0 992 12 0 0 0 0 0 60 12 0 0 0 0
 253      39 dm-39 13 0 248 12 0 0 0 0 0 44 12 0 0 0 0
 253      40 dm-40 0 0 0 0 0 0 0 0 0 0 0 0 0 0 0
 253      41 dm-41 0 0 0 0 0 0 0 0 0 0 0 0 0 0 0
 253      42 dm-42 0 0 0 0 0 0 0 0 0 0 0 0 0 0 0
 253      43 dm-43 1790 0 95656 2852 59 0 904 60 0 1896 2912 0 0 0 0

1202
   1       0 ram0 0 0 0 0 0 0 0 0 0 0 0 0 0 0 0
   1       1 ram1 0 0 0 0 0 0 0 0 0 0 0 0 0 0 0
   1       2 ram2 0 0 0 0 0 0 0 0 0 0 0 0 0 0 0
   1       3 ram3 0 0 0 0 0 0 0 0 0 0 0 0 0 0 0
   1       4 ram4 0 0 0 0 0 0 0 0 0 0 0 0 0 0 0
   1       5 ram5 0 0 0 0 0 0 0 0 0 0 0 0 0 0 0
   1       6 ram6 0 0 0 0 0 0 0 0 0 0 0 0 0 0 0
   1       7 ram7 0 0 0 0 0 0 0 0 0 0 0 0 0 0 0
   1       8 ram8 0 0 0 0 0 0 0 0 0 0 0 0 0 0 0
   1       9 ram9 0 0 0 0 0 0 0 0 0 0 0 0 0 0 0
   1      10 ram10 0 0 0 0 0 0 0 0 0 0 0 0 0 0 0
   1      11 ram11 0 0 0 0 0 0 0 0 0 0 0 0 0 0 0
   1      12 ram12 0 0 0 0 0 0 0 0 0 0 0 0 0 0 0
   1      13 ram13 0 0 0 0 0 0 0 0 0 0 0 0 0 0 0
   1      14 ram14 0 0 0 0 0 0 0 0 0 0 0 0 0 0 0
   1      15 ram15 0 0 0 0 0 0 0 0 0 0 0 0 0 0 0
   7       0 loop0 183 0 16168 352 0 0 0 0 0 344 116 0 0 0 0
   7       8 loop1 70 0 9008 122 0 0 0 0 0 136 32 0 0 0 0
   7      16 loop2 27 0 216 13 0 0 0 0 0 32 0 0 0 0 0
   7      24 loop3 12 0 296 8 0 0 0 0 0 32 0 0 0 0 0
   7      32 loop4 36 1 3040 29 0 0 0 0 0 56 0 0 0 0 0
   7      40 loop5 123 1 13488 133 0 0 0 0 0 204 12 0 0 0 0
   7      48 loop6 14 0 320 10 0 0 0 0 0 32 0 0 0 0 0
   7      56 loop7 20 0 1232 15 0 0 0 0 0 76 0 0 0 0 0
   7      64 loop8 25 0 1408 16 0 0 0 0 0 96 0 0 0 0 0
   7      72 loop9 534 4 51064 1340 0 0 0 0 0 1224 560 0 0 0 0
   7      80 loop10 24 0 192 17 0 0 0 0 0 28 0 0 0 0 0
   7      88 loop11 16 0 256 10 0 0 0 0 0 56 0 0 0 0 0
   7      96 loop12 479 3 59000 380 0 0 0 0 0 776 4 0 0 0 0
   7     104 loop13 27 0 216 48 0 0 0 0 0 44 8 0 0 0 0
   7     112 loop14 12 0 240 7 0 0 0 0 0 36 0 0 0 0 0
   7     120 loop15 46 0 4288 113 0 0 0 0 0 188 56 0 0 0 0
 254       0 zram0 0 0 0 0 0 0 0 0 0 0 0 0 0 0 0
 179       0 mmcblk0 2020 1821 144350 1721 12 0 48 14 0 1592 376 0 0 0 0
 179       1 mmcblk0p1 0 0 0 0 0 0 0 0 0 0 0 0 0 0 0
 179       2 mmcblk0p2 0 0 0 0 0 0 0 0 0 0 0 0 0 0 0
 179       3 mmcblk0p3 0 0 0 0 0 0 0 0 0 0 0 0 0 0 0
 179       4 mmcblk0p4 16 0 146 3 1 0 8 0 0 12 0 0 0 0 0
 179       5 mmcblk0p5 0 0 0 0 0 0 0 0 0 0 0 0 0 0 0
 179       6 mmcblk0p6 0 0 0 0 0 0 0 0 0 0 0 0 0 0 0
 179       7 mmcblk0p7 0 0 0 0 0 0 0 0 0 0 0 0 0 0 0
 179       8 mmcblk0p8 0 0 0 0 0 0 0 0 0 0 0 0 0 0 0
 179       9 mmcblk0p9 0 0 0 0 0 0 0 0 0 0 0 0 0 0 0
 179      10 mmcblk0p10 0 0 0 0 0 0 0 0 0 0 0 0 0 0 0
 179      11 mmcblk0p11 0 0 0 0 0 0 0 0 0 0 0 0 0 0 0
 179      12 mmcblk0p12 0 0 0 0 0 0 0 0 0 0 0 0 0 0 0
 179      13 mmcblk0p13 0 0 0 0 0 0 0 0 0 0 0 0 0 0 0
 179      14 mmcblk0p14 0 0 0 0 0 0 0 0 0 0 0 0 0 0 0
 179      15 mmcblk0p15 0 0 0 0 0 0 0 0 0 0 0 0 0 0 0
 179      16 mmcblk0p16 0 0 0 0 0 0 0 0 0 0 0 0 0 0 0
 179      17 mmcblk0p17 0 0 0 0 0 0 0 0 0 0 0 0 0 0 0
 179      18 mmcblk0p18 0 0 0 0 0 0 0 0 0 0 0 0 0 0 0
 179      19 mmcblk0p19 0 0 0 0 0 0 0 0 0 0 0 0 0 0 0
 179      20 mmcblk0p20 0 0 0 0 0 0 0 0 0 0 0 0 0 0 0
 179      21 mmcblk0p21 54 57 111 17 0 0 0 0 0 28 0 0 0 0 0
 179      22 mmcblk0p22 0 0 0 0 0 0 0 0 0 0 0 0 0 0 0
 179      23 mmcblk0p23 33 6 330 14 0 0 0 0 0 12 0 0 0 0 0
 179      24 mmcblk0p24 0 0 0 0 0 0 0 0 0 0 0 0 0 0 0
 179      25 mmcblk0p25 0 0 0 0 0 0 0 0 0 0 0 0 0 0 0
 179      26 mmcblk0p26 0 0 0 0 0 0 0 0 0 0 0 0 0 0 0
 179      27 mmcblk0p27 0 0 0 0 0 0 0 0 0 0 0 0 0 0 0
 179      28 mmcblk0p28 0 0 0 0 0 0 0 0 0 0 0 0 0 0 0
 179      29 mmcblk0p29 0 0 0 0 0 0 0 0 0 0 0 0 0 0 0
 179      30 mmcblk0p30 0 0 0 0 0 0 0 0 0 0 0 0 0 0 0
 179      31 mmcblk0p31 0 0 0 0 0 0 0 0 0 0 0 0 0 0 0
 259       0 mmcblk0p32 9 0 65 1 0 0 0 0 0 12 0 0 0 0 0
 259       1 mmcblk0p33 0 0 0 0 0 0 0 0 0 0 0 0 0 0 0
 259       2 mmcblk0p34 0 0 0 0 0 0 0 0 0 0 0 0 0 0 0
 259       3 mmcblk0p35 0 0 0 0 0 0 0 0 0 0 0 0 0 0 0
 259       4 mmcblk0p36 0 0 0 0 0 0 0 0 0 0 0 0 0 0 0
 259       5 mmcblk0p37 0 0 0 0 0 0 0 0 0 0 0 0 0 0 0
 259       6 mmcblk0p38 0 0 0 0 0 0 0 0 0 0 0 0 0 0 0
 259       7 mmcblk0p39 0 0 0 0 0 0 0 0 0 0 0 0 0 0 0
 259       8 mmcblk0p40 0 0 0 0 0 0 0 0 0 0 0 0 0 0 0
 259       9 mmcblk0p41 0 0 0 0 0 0 0 0 0 0 0 0 0 0 0
 259      10 mmcblk0p42 0 0 0 0 0 0 0 0 0 0 0 0 0 0 0
 259      11 mmcblk0p43 0 0 0 0 0 0 0 0 0 0 0 0 0 0 0
 259      12 mmcblk0p44 0 0 0 0 0 0 0 0 0 0 0 0 0 0 0
 259      13 mmcblk0p45 0 0 0 0 0 0 0 0 0 0 0 0 0 0 0
 259      14 mmcblk0p46 0 0 0 0 0 0 0 0 0 0 0 0 0 0 0
 259      15 mmcblk0p47 0 0 0 0 0 0 0 0 0 0 0 0 0 0 0
 259      16 mmcblk0p48 0 0 0 0 0 0 0 0 0 0 0 0 0 0 0
 259      17 mmcblk0p49 0 0 0 0 0 0 0 0 0 0 0 0 0 0 0
 259      18 mmcblk0p50 0 0 0 0 0 0 0 0 0 0 0 0 0 0 0
 259      19 mmcblk0p51 0 0 0 0 0 0 0 0 0 0 0 0 0 0 0
 259      20 mmcblk0p52 0 0 0 0 0 0 0 0 0 0 0 0 0 0 0
 259      21 mmcblk0p53 0 0 0 0 0 0 0 0 0 0 0 0 0 0 0
 259      22 mmcblk0p54 0 0 0 0 0 0 0 0 0 0 0 0 0 0 0
 259      23 mmcblk0p55 0 0 0 0 0 0 0 0 0 0 0 0 0 0 0
 259      24 mmcblk0p56 0 0 0 0 0 0 0 0 0 0 0 0 0 0 0
 259      25 mmcblk0p57 0 0 0 0 0 0 0 0 0 0 0 0 0 0 0
 259      26 mmcblk0p58 0 0 0 0 0 0 0 0 0 0 0 0 0 0 0
 259      27 mmcblk0p59 0 0 0 0 0 0 0 0 0 0 0 0 0 0 0
 259      28 mmcblk0p60 0 0 0 0 0 0 0 0 0 0 0 0 0 0 0
 259      29 mmcblk0p61 0 0 0 0 0 0 0 0 0 0 0 0 0 0 0
 259      30 mmcblk0p62 0 0 0 0 0 0 0 0 0 0 0 0 0 0 0
 259      31 mmcblk0p63 0 0 0 0 0 0 0 0 0 0 0 0 0 0 0
 259      32 mmcblk0p64 0 0 0 0 0 0 0 0 0 0 0 0 0 0 0
 259      33 mmcblk0p65 0 0 0 0 0 0 0 0 0 0 0 0 0 0 0
 259      34 mmcblk0p66 0 0 0 0 0 0 0 0 0 0 0 0 0 0 0
 259      35 mmcblk0p67 1851 1758 140712 1643 0 0 0 0 0 1520 360 0 0 0 0
 259      36 mmcblk0p68 1 0 128 1 0 0 0 0 0 4 0 0 0 0 0
 259      37 mmcblk0p69 0 0 0 0 0 0 0 0 0 0 0 0 0 0 0
 259      38 mmcblk0p70 0 0 0 0 0 0 0 0 0 0 0 0 0 0 0
 259      39 mmcblk0p71 0 0 0 0 0 0 0 0 0 0 0 0 0 0 0
 259      40 mmcblk0p72 47 0 2666 36 5 0 40 12 0 64 16 0 0 0 0
 259      41 mmcblk0p73 1 0 128 1 0 0 0 0 0 4 0 0 0 0 0
 259      42 mmcblk0p74 0 0 0 0 0 0 0 0 0 0 0 0 0 0 0
 259      43 mmcblk0p75 0 0 0 0 0 0 0 0 0 0 0 0 0 0 0
 259      44 mmcblk0p76 0 0 0 0 0 0 0 0 0 0 0 0 0 0 0
 259      45 mmcblk0p77 0 0 0 0 0 0 0 0 0 0 0 0 0 0 0
 259      46 mmcblk0p78 0 0 0 0 0 0 0 0 0 0 0 0 0 0 0
 259      47 mmcblk0p79 0 0 0 0 0 0 0 0 0 0 0 0 0 0 0
 259      48 mmcblk0p80 0 0 0 0 0 0 0 0 0 0 0 0 0 0 0
 253       0 dm-0 168 0 1368 356 0 0 0 0 0 68 356 0 0 0 0
 253       1 dm-1 4539 0 489440 7472 0 0 0 0 1 3824 7472 0 0 0 0
 253       2 dm-2 1330 0 82856 1512 0 0 0 0 0 1712 1512 0 0 0 0
 253       3 dm-3 2068 0 152504 4652 0 0 0 0 0 2268 4652 0 0 0 0
 253       4 dm-4 3180 0 478568 10072 0 0 0 0 1 3856 10072 0 0 0 0
 253       5 dm-5 1015 0 80336 1984 0 0 0 0 0 1792 1984 0 0 0 0
 253       6 dm-6 1467 0 147696 5252 0 0 0 0 1 2352 5252 0 0 0 0
 253       7 dm-7 39 0 336 44 0 0 0 0 0 72 44 0 0 0 0
   7     128 loop16 12 0 144 16 0 0 0 0 0 44 8 0 0 0 0
   7     136 loop17 27 0 216 27 0 0 0 0 0 32 0 0 0 0 0
   7     144 loop18 12 0 120 14 0 0 0 0 0 40 4 0 0 0 0
   7     152 loop19 24 0 192 26 0 0 0 0 0 28 0 0 0 0 0
   7     160 loop20 17 0 280 11 0 0 0 0 0 48 4 0 0 0 0
   7     168 loop21 20 0 1024 9 0 0 0 0 0 56 0 0 0 0 0
   7     176 loop22 12 0 96 6 0 0 0 0 0 40 0 0 0 0 0
   7     184 loop23 30 0 1112 16 0 0 0 0 0 64 0 0 0 0 0
   7     192 loop24 21 1 576 15 0 0 0 0 0 56 4 0 0 0 0
   7     200 loop25 29 0 960 12 0 0 0 0 0 52 0 0 0 0 0
   7     208 loop26 11 0 88 4 0 0 0 0 0 20 0 0 0 0 0
   7     216 loop27 9 0 72 4 0 0 0 0 0 20 0 0 0 0 0
   7     224 loop28 18 0 408 8 0 0 0 0 0 64 0 0 0 0 0
   7     232 loop29 25 0 864 16 0 0 0 0 0 44 0 0 0 0 0
   7     240 loop30 21 0 504 11 0 0 0 0 0 56 0 0 0 0 0
   7     248 loop31 29 0 1336 14 0 0 0 0 0 72 0 0 0 0 0
   7     256 loop32 51 0 6560 51 0 0 0 0 0 120 4 0 0 0 0
   7     264 loop33 26 1 1232 12 0 0 0 0 0 52 0 0 0 0 0
   7     272 loop34 23 0 616 9 0 0 0 0 0 56 0 0 0 0 0
   7     280 loop35 22 0 648 9 0 0 0 0 0 48 0 0 0 0 0
   7     288 loop36 71 0 9016 121 0 0 0 0 0 136 44 0 0 0 0
   7     296 loop37 17 0 224 6 0 0 0 0 0 40 0 0 0 0 0
   7     304 loop38 93 1 5024 76 0 0 0 0 0 200 8 0 0 0 0
   7     312 loop39 18 0 144 7 0 0 0 0 0 24 0 0 0 0 0
 253       8 dm-8 0 0 0 0 0 0 0 0 0 0 0 0 0 0 0
 253       9 dm-9 18 0 576 12 0 0 0 0 0 52 12 0 0 0 0
 253      10 dm-10 79 0 4904 100 0 0 0 0 0 204 100 0 0 0 0
 253      11 dm-11 398 0 58328 680 0 0 0 0 0 792 680 0 0 0 0
 253      12 dm-12 0 0 0 0 0 0 0 0 0 0 0 0 0 0 0
 253      13 dm-13 19 0 1168 12 0 0 0 0 0 52 12 0 0 0 0
 253      14 dm-14 0 0 0 0 0 0 0 0 0 0 0 0 0 0 0
 253      15 dm-15 17 0 608 0 0 0 0 0 0 44 0 0 0 0 0
 253      16 dm-16 0 0 0 0 0 0 0 0 0 0 0 0 0 0 0
 253      17 dm-17 0 0 0 0 0 0 0 0 0 0 0 0 0 0 0
 253      18 dm-18 40 0 6472 48 0 0 0 0 0 112 48 0 0 0 0
 253      19 dm-19 17 0 800 32 0 0 0 0 0 36 32 0 0 0 0
 253      20 dm-20 14 0 112 0 0 0 0 0 0 16 0 0 0 0 0
 253      21 dm-21 16 0 464 8 0 0 0 0 0 52 8 0 0 0 0
 253      22 dm-22 16 0 392 88 0 0 0 0 0 68 88 0 0 0 0
 253      23 dm-23 0 0 0 0 0 0 0 0 0 0 0 0 0 0 0
 253      24 dm-24 15 0 208 4 0 0 0 0 0 36 4 0 0 0 0
 253      25 dm-25 5 0 40 8 0 0 0 0 0 20 8 0 0 0 0
 253      26 dm-26 7 0 56 8 0 0 0 0 0 16 8 0 0 0 0
 253      27 dm-27 0 0 0 0 0 0 0 0 0 0 0 0 0 0 0
 253      28 dm-28 24 0 920 12 0 0 0 0 0 48 12 0 0 0 0
 253      29 dm-29 0 0 0 0 0 0 0 0 0 0 0 0 0 0 0
 253      30 dm-30 0 0 0 0 0 0 0 0 0 0 0 0 0 0 0
 253      31 dm-31 0 0 0 0 0 0 0 0 0 0 0 0 0 0 0
 253      32 dm-32 24 0 1296 16 0 0 0 0 0 68 16 0 0 0 0
 253      33 dm-33 0 0 0 0 0 0 0 0 0 0 0 0 0 0 0
 253      34 dm-34 16 0 528 20 0 0 0 0 0 56 20 0 0 0 0
 253      35 dm-35 8 0 64 24 0 0 0 0 0 36 24 0 0 0 0
 253      36 dm-36 25 0 1072 32 0 0 0 0 0 64 32 0 0 0 0
 253      37 dm-37 0 0 0 0 0 0 0 0 0 0 0 0 0 0 0
 253      38 dm-38 16 0 992 12 0 0 0 0 0 60 12 0 0 0 0
 253      39 dm-39 13 0 248 12 0 0 0 0 0 44 12 0 0 0 0
 253      40 dm-40 0 0 0 0 0 0 0 0 0 0 0 0 0 0 0
 253      41 dm-41 0 0 0 0 0 0 0 0 0 0 0 0 0 0 0
 253      42 dm-42 0 0 0 0 0 0 0 0 0 0 0 0 0 0 0
 253      43 dm-43 1797 0 96528 2876 59 0 904 60 0 1932 2936 0 0 0 0

1235
   1       0 ram0 0 0 0 0 0 0 0 0 0 0 0 0 0 0 0
   1       1 ram1 0 0 0 0 0 0 0 0 0 0 0 0 0 0 0
   1       2 ram2 0 0 0 0 0 0 0 0 0 0 0 0 0 0 0
   1       3 ram3 0 0 0 0 0 0 0 0 0 0 0 0 0 0 0
   1       4 ram4 0 0 0 0 0 0 0 0 0 0 0 0 0 0 0
   1       5 ram5 0 0 0 0 0 0 0 0 0 0 0 0 0 0 0
   1       6 ram6 0 0 0 0 0 0 0 0 0 0 0 0 0 0 0
   1       7 ram7 0 0 0 0 0 0 0 0 0 0 0 0 0 0 0
   1       8 ram8 0 0 0 0 0 0 0 0 0 0 0 0 0 0 0
   1       9 ram9 0 0 0 0 0 0 0 0 0 0 0 0 0 0 0
   1      10 ram10 0 0 0 0 0 0 0 0 0 0 0 0 0 0 0
   1      11 ram11 0 0 0 0 0 0 0 0 0 0 0 0 0 0 0
   1      12 ram12 0 0 0 0 0 0 0 0 0 0 0 0 0 0 0
   1      13 ram13 0 0 0 0 0 0 0 0 0 0 0 0 0 0 0
   1      14 ram14 0 0 0 0 0 0 0 0 0 0 0 0 0 0 0
   1      15 ram15 0 0 0 0 0 0 0 0 0 0 0 0 0 0 0
   7       0 loop0 183 0 16168 352 0 0 0 0 0 344 116 0 0 0 0
   7       8 loop1 70 0 9008 122 0 0 0 0 0 136 32 0 0 0 0
   7      16 loop2 27 0 216 13 0 0 0 0 0 32 0 0 0 0 0
   7      24 loop3 12 0 296 8 0 0 0 0 0 32 0 0 0 0 0
   7      32 loop4 36 1 3040 29 0 0 0 0 0 56 0 0 0 0 0
   7      40 loop5 166 1 19984 239 0 0 0 0 1 328 40 0 0 0 0
   7      48 loop6 14 0 320 10 0 0 0 0 0 32 0 0 0 0 0
   7      56 loop7 20 0 1232 15 0 0 0 0 0 76 0 0 0 0 0
   7      64 loop8 25 0 1408 16 0 0 0 0 0 96 0 0 0 0 0
   7      72 loop9 534 4 51064 1340 0 0 0 0 0 1224 560 0 0 0 0
   7      80 loop10 24 0 192 17 0 0 0 0 0 28 0 0 0 0 0
   7      88 loop11 16 0 256 10 0 0 0 0 0 56 0 0 0 0 0
   7      96 loop12 496 3 61664 405 0 0 0 0 0 836 4 0 0 0 0
   7     104 loop13 27 0 216 48 0 0 0 0 0 44 8 0 0 0 0
   7     112 loop14 12 0 240 7 0 0 0 0 0 36 0 0 0 0 0
   7     120 loop15 47 0 4312 115 0 0 0 0 0 196 56 0 0 0 0
 254       0 zram0 0 0 0 0 0 0 0 0 0 0 0 0 0 0 0
 179       0 mmcblk0 2020 1821 144350 1721 12 0 48 14 0 1592 376 0 0 0 0
 179       1 mmcblk0p1 0 0 0 0 0 0 0 0 0 0 0 0 0 0 0
 179       2 mmcblk0p2 0 0 0 0 0 0 0 0 0 0 0 0 0 0 0
 179       3 mmcblk0p3 0 0 0 0 0 0 0 0 0 0 0 0 0 0 0
 179       4 mmcblk0p4 16 0 146 3 1 0 8 0 0 12 0 0 0 0 0
 179       5 mmcblk0p5 0 0 0 0 0 0 0 0 0 0 0 0 0 0 0
 179       6 mmcblk0p6 0 0 0 0 0 0 0 0 0 0 0 0 0 0 0
 179       7 mmcblk0p7 0 0 0 0 0 0 0 0 0 0 0 0 0 0 0
 179       8 mmcblk0p8 0 0 0 0 0 0 0 0 0 0 0 0 0 0 0
 179       9 mmcblk0p9 0 0 0 0 0 0 0 0 0 0 0 0 0 0 0
 179      10 mmcblk0p10 0 0 0 0 0 0 0 0 0 0 0 0 0 0 0
 179      11 mmcblk0p11 0 0 0 0 0 0 0 0 0 0 0 0 0 0 0
 179      12 mmcblk0p12 0 0 0 0 0 0 0 0 0 0 0 0 0 0 0
 179      13 mmcblk0p13 0 0 0 0 0 0 0 0 0 0 0 0 0 0 0
 179      14 mmcblk0p14 0 0 0 0 0 0 0 0 0 0 0 0 0 0 0
 179      15 mmcblk0p15 0 0 0 0 0 0 0 0 0 0 0 0 0 0 0
 179      16 mmcblk0p16 0 0 0 0 0 0 0 0 0 0 0 0 0 0 0
 179      17 mmcblk0p17 0 0 0 0 0 0 0 0 0 0 0 0 0 0 0
 179      18 mmcblk0p18 0 0 0 0 0 0 0 0 0 0 0 0 0 0 0
 179      19 mmcblk0p19 0 0 0 0 0 0 0 0 0 0 0 0 0 0 0
 179      20 mmcblk0p20 0 0 0 0 0 0 0 0 0 0 0 0 0 0 0
 179      21 mmcblk0p21 54 57 111 17 0 0 0 0 0 28 0 0 0 0 0
 179      22 mmcblk0p22 0 0 0 0 0 0 0 0 0 0 0 0 0 0 0
 179      23 mmcblk0p23 33 6 330 14 0 0 0 0 0 12 0 0 0 0 0
 179      24 mmcblk0p24 0 0 0 0 0 0 0 0 0 0 0 0 0 0 0
 179      25 mmcblk0p25 0 0 0 0 0 0 0 0 0 0 0 0 0 0 0
 179      26 mmcblk0p26 0 0 0 0 0 0 0 0 0 0 0 0 0 0 0
 179      27 mmcblk0p27 0 0 0 0 0 0 0 0 0 0 0 0 0 0 0
 179      28 mmcblk0p28 0 0 0 0 0 0 0 0 0 0 0 0 0 0 0
 179      29 mmcblk0p29 0 0 0 0 0 0 0 0 0 0 0 0 0 0 0
 179      30 mmcblk0p30 0 0 0 0 0 0 0 0 0 0 0 0 0 0 0
 179      31 mmcblk0p31 0 0 0 0 0 0 0 0 0 0 0 0 0 0 0
 259       0 mmcblk0p32 9 0 65 1 0 0 0 0 0 12 0 0 0 0 0
 259       1 mmcblk0p33 0 0 0 0 0 0 0 0 0 0 0 0 0 0 0
 259       2 mmcblk0p34 0 0 0 0 0 0 0 0 0 0 0 0 0 0 0
 259       3 mmcblk0p35 0 0 0 0 0 0 0 0 0 0 0 0 0 0 0
 259       4 mmcblk0p36 0 0 0 0 0 0 0 0 0 0 0 0 0 0 0
 259       5 mmcblk0p37 0 0 0 0 0 0 0 0 0 0 0 0 0 0 0
 259       6 mmcblk0p38 0 0 0 0 0 0 0 0 0 0 0 0 0 0 0
 259       7 mmcblk0p39 0 0 0 0 0 0 0 0 0 0 0 0 0 0 0
 259       8 mmcblk0p40 0 0 0 0 0 0 0 0 0 0 0 0 0 0 0
 259       9 mmcblk0p41 0 0 0 0 0 0 0 0 0 0 0 0 0 0 0
 259      10 mmcblk0p42 0 0 0 0 0 0 0 0 0 0 0 0 0 0 0
 259      11 mmcblk0p43 0 0 0 0 0 0 0 0 0 0 0 0 0 0 0
 259      12 mmcblk0p44 0 0 0 0 0 0 0 0 0 0 0 0 0 0 0
 259      13 mmcblk0p45 0 0 0 0 0 0 0 0 0 0 0 0 0 0 0
 259      14 mmcblk0p46 0 0 0 0 0 0 0 0 0 0 0 0 0 0 0
 259      15 mmcblk0p47 0 0 0 0 0 0 0 0 0 0 0 0 0 0 0
 259      16 mmcblk0p48 0 0 0 0 0 0 0 0 0 0 0 0 0 0 0
 259      17 mmcblk0p49 0 0 0 0 0 0 0 0 0 0 0 0 0 0 0
 259      18 mmcblk0p50 0 0 0 0 0 0 0 0 0 0 0 0 0 0 0
 259      19 mmcblk0p51 0 0 0 0 0 0 0 0 0 0 0 0 0 0 0
 259      20 mmcblk0p52 0 0 0 0 0 0 0 0 0 0 0 0 0 0 0
 259      21 mmcblk0p53 0 0 0 0 0 0 0 0 0 0 0 0 0 0 0
 259      22 mmcblk0p54 0 0 0 0 0 0 0 0 0 0 0 0 0 0 0
 259      23 mmcblk0p55 0 0 0 0 0 0 0 0 0 0 0 0 0 0 0
 259      24 mmcblk0p56 0 0 0 0 0 0 0 0 0 0 0 0 0 0 0
 259      25 mmcblk0p57 0 0 0 0 0 0 0 0 0 0 0 0 0 0 0
 259      26 mmcblk0p58 0 0 0 0 0 0 0 0 0 0 0 0 0 0 0
 259      27 mmcblk0p59 0 0 0 0 0 0 0 0 0 0 0 0 0 0 0
 259      28 mmcblk0p60 0 0 0 0 0 0 0 0 0 0 0 0 0 0 0
 259      29 mmcblk0p61 0 0 0 0 0 0 0 0 0 0 0 0 0 0 0
 259      30 mmcblk0p62 0 0 0 0 0 0 0 0 0 0 0 0 0 0 0
 259      31 mmcblk0p63 0 0 0 0 0 0 0 0 0 0 0 0 0 0 0
 259      32 mmcblk0p64 0 0 0 0 0 0 0 0 0 0 0 0 0 0 0
 259      33 mmcblk0p65 0 0 0 0 0 0 0 0 0 0 0 0 0 0 0
 259      34 mmcblk0p66 0 0 0 0 0 0 0 0 0 0 0 0 0 0 0
 259      35 mmcblk0p67 1851 1758 140712 1643 0 0 0 0 0 1520 360 0 0 0 0
 259      36 mmcblk0p68 1 0 128 1 0 0 0 0 0 4 0 0 0 0 0
 259      37 mmcblk0p69 0 0 0 0 0 0 0 0 0 0 0 0 0 0 0
 259      38 mmcblk0p70 0 0 0 0 0 0 0 0 0 0 0 0 0 0 0
 259      39 mmcblk0p71 0 0 0 0 0 0 0 0 0 0 0 0 0 0 0
 259      40 mmcblk0p72 47 0 2666 36 5 0 40 12 0 64 16 0 0 0 0
 259      41 mmcblk0p73 1 0 128 1 0 0 0 0 0 4 0 0 0 0 0
 259      42 mmcblk0p74 0 0 0 0 0 0 0 0 0 0 0 0 0 0 0
 259      43 mmcblk0p75 0 0 0 0 0 0 0 0 0 0 0 0 0 0 0
 259      44 mmcblk0p76 0 0 0 0 0 0 0 0 0 0 0 0 0 0 0
 259      45 mmcblk0p77 0 0 0 0 0 0 0 0 0 0 0 0 0 0 0
 259      46 mmcblk0p78 0 0 0 0 0 0 0 0 0 0 0 0 0 0 0
 259      47 mmcblk0p79 0 0 0 0 0 0 0 0 0 0 0 0 0 0 0
 259      48 mmcblk0p80 0 0 0 0 0 0 0 0 0 0 0 0 0 0 0
 253       0 dm-0 168 0 1368 356 0 0 0 0 0 68 356 0 0 0 0
 253       1 dm-1 4667 0 517696 7660 0 0 0 0 1 4048 7660 0 0 0 0
 253       2 dm-2 1336 0 83280 1532 0 0 0 0 0 1736 1532 0 0 0 0
 253       3 dm-3 2214 0 205576 4940 0 0 0 0 1 2552 4940 0 0 0 0
 253       4 dm-4 3284 0 506632 10396 0 0 0 0 1 4092 10396 0 0 0 0
 253       5 dm-5 1020 0 80752 2024 0 0 0 0 0 1816 2024 0 0 0 0
 253       6 dm-6 1567 0 200400 5772 0 0 0 0 4 2624 5772 0 0 0 0
 253       7 dm-7 39 0 336 44 0 0 0 0 0 72 44 0 0 0 0
   7     128 loop16 12 0 144 16 0 0 0 0 0 44 8 0 0 0 0
   7     136 loop17 27 0 216 27 0 0 0 0 0 32 0 0 0 0 0
   7     144 loop18 12 0 120 14 0 0 0 0 0 40 4 0 0 0 0
   7     152 loop19 24 0 192 26 0 0 0 0 0 28 0 0 0 0 0
   7     160 loop20 17 0 280 11 0 0 0 0 0 48 4 0 0 0 0
   7     168 loop21 20 0 1024 9 0 0 0 0 0 56 0 0 0 0 0
   7     176 loop22 12 0 96 6 0 0 0 0 0 40 0 0 0 0 0
   7     184 loop23 30 0 1112 16 0 0 0 0 0 64 0 0 0 0 0
   7     192 loop24 21 1 576 15 0 0 0 0 0 56 4 0 0 0 0
   7     200 loop25 29 0 960 12 0 0 0 0 0 52 0 0 0 0 0
   7     208 loop26 11 0 88 4 0 0 0 0 0 20 0 0 0 0 0
   7     216 loop27 9 0 72 4 0 0 0 0 0 20 0 0 0 0 0
   7     224 loop28 18 0 408 8 0 0 0 0 0 64 0 0 0 0 0
   7     232 loop29 25 0 864 16 0 0 0 0 0 44 0 0 0 0 0
   7     240 loop30 21 0 504 11 0 0 0 0 0 56 0 0 0 0 0
   7     248 loop31 29 0 1336 14 0 0 0 0 0 72 0 0 0 0 0
   7     256 loop32 51 0 6560 51 0 0 0 0 0 120 4 0 0 0 0
   7     264 loop33 26 1 1232 12 0 0 0 0 0 52 0 0 0 0 0
   7     272 loop34 23 0 616 9 0 0 0 0 0 56 0 0 0 0 0
   7     280 loop35 22 0 648 9 0 0 0 0 0 48 0 0 0 0 0
   7     288 loop36 71 0 9016 121 0 0 0 0 0 136 44 0 0 0 0
   7     296 loop37 17 0 224 6 0 0 0 0 0 40 0 0 0 0 0
   7     304 loop38 93 1 5024 76 0 0 0 0 0 200 8 0 0 0 0
   7     312 loop39 18 0 144 7 0 0 0 0 0 24 0 0 0 0 0
 253       8 dm-8 0 0 0 0 0 0 0 0 0 0 0 0 0 0 0
 253       9 dm-9 18 0 576 12 0 0 0 0 0 52 12 0 0 0 0
 253      10 dm-10 79 0 4904 100 0 0 0 0 0 204 100 0 0 0 0
 253      11 dm-11 413 0 60976 744 0 0 0 0 0 868 744 0 0 0 0
 253      12 dm-12 0 0 0 0 0 0 0 0 0 0 0 0 0 0 0
 253      13 dm-13 19 0 1168 12 0 0 0 0 0 52 12 0 0 0 0
 253      14 dm-14 0 0 0 0 0 0 0 0 0 0 0 0 0 0 0
 253      15 dm-15 17 0 608 0 0 0 0 0 0 44 0 0 0 0 0
 253      16 dm-16 0 0 0 0 0 0 0 0 0 0 0 0 0 0 0
 253      17 dm-17 0 0 0 0 0 0 0 0 0 0 0 0 0 0 0
 253      18 dm-18 40 0 6472 48 0 0 0 0 0 112 48 0 0 0 0
 253      19 dm-19 17 0 800 32 0 0 0 0 0 36 32 0 0 0 0
 253      20 dm-20 14 0 112 0 0 0 0 0 0 16 0 0 0 0 0
 253      21 dm-21 16 0 464 8 0 0 0 0 0 52 8 0 0 0 0
 253      22 dm-22 16 0 392 88 0 0 0 0 0 68 88 0 0 0 0
 253      23 dm-23 0 0 0 0 0 0 0 0 0 0 0 0 0 0 0
 253      24 dm-24 15 0 208 4 0 0 0 0 0 36 4 0 0 0 0
 253      25 dm-25 5 0 40 8 0 0 0 0 0 20 8 0 0 0 0
 253      26 dm-26 7 0 56 8 0 0 0 0 0 16 8 0 0 0 0
 253      27 dm-27 0 0 0 0 0 0 0 0 0 0 0 0 0 0 0
 253      28 dm-28 24 0 920 12 0 0 0 0 0 48 12 0 0 0 0
 253      29 dm-29 0 0 0 0 0 0 0 0 0 0 0 0 0 0 0
 253      30 dm-30 0 0 0 0 0 0 0 0 0 0 0 0 0 0 0
 253      31 dm-31 0 0 0 0 0 0 0 0 0 0 0 0 0 0 0
 253      32 dm-32 24 0 1296 16 0 0 0 0 0 68 16 0 0 0 0
 253      33 dm-33 0 0 0 0 0 0 0 0 0 0 0 0 0 0 0
 253      34 dm-34 16 0 528 20 0 0 0 0 0 56 20 0 0 0 0
 253      35 dm-35 8 0 64 24 0 0 0 0 0 36 24 0 0 0 0
 253      36 dm-36 25 0 1072 32 0 0 0 0 0 64 32 0 0 0 0
 253      37 dm-37 0 0 0 0 0 0 0 0 0 0 0 0 0 0 0
 253      38 dm-38 16 0 992 12 0 0 0 0 0 60 12 0 0 0 0
 253      39 dm-39 13 0 248 12 0 0 0 0 0 44 12 0 0 0 0
 253      40 dm-40 0 0 0 0 0 0 0 0 0 0 0 0 0 0 0
 253      41 dm-41 0 0 0 0 0 0 0 0 0 0 0 0 0 0 0
 253      42 dm-42 0 0 0 0 0 0 0 0 0 0 0 0 0 0 0
 253      43 dm-43 1814 0 99192 2892 71 0 1144 116 0 2008 3008 0 0 0 0

1267
   1       0 ram0 0 0 0 0 0 0 0 0 0 0 0 0 0 0 0
   1       1 ram1 0 0 0 0 0 0 0 0 0 0 0 0 0 0 0
   1       2 ram2 0 0 0 0 0 0 0 0 0 0 0 0 0 0 0
   1       3 ram3 0 0 0 0 0 0 0 0 0 0 0 0 0 0 0
   1       4 ram4 0 0 0 0 0 0 0 0 0 0 0 0 0 0 0
   1       5 ram5 0 0 0 0 0 0 0 0 0 0 0 0 0 0 0
   1       6 ram6 0 0 0 0 0 0 0 0 0 0 0 0 0 0 0
   1       7 ram7 0 0 0 0 0 0 0 0 0 0 0 0 0 0 0
   1       8 ram8 0 0 0 0 0 0 0 0 0 0 0 0 0 0 0
   1       9 ram9 0 0 0 0 0 0 0 0 0 0 0 0 0 0 0
   1      10 ram10 0 0 0 0 0 0 0 0 0 0 0 0 0 0 0
   1      11 ram11 0 0 0 0 0 0 0 0 0 0 0 0 0 0 0
   1      12 ram12 0 0 0 0 0 0 0 0 0 0 0 0 0 0 0
   1      13 ram13 0 0 0 0 0 0 0 0 0 0 0 0 0 0 0
   1      14 ram14 0 0 0 0 0 0 0 0 0 0 0 0 0 0 0
   1      15 ram15 0 0 0 0 0 0 0 0 0 0 0 0 0 0 0
   7       0 loop0 183 0 16168 352 0 0 0 0 0 344 116 0 0 0 0
   7       8 loop1 70 0 9008 122 0 0 0 0 0 136 32 0 0 0 0
   7      16 loop2 27 0 216 13 0 0 0 0 0 32 0 0 0 0 0
   7      24 loop3 12 0 296 8 0 0 0 0 0 32 0 0 0 0 0
   7      32 loop4 36 1 3040 29 0 0 0 0 0 56 0 0 0 0 0
   7      40 loop5 188 1 22688 289 0 0 0 0 0 380 60 0 0 0 0
   7      48 loop6 16 0 712 14 0 0 0 0 0 44 0 0 0 0 0
   7      56 loop7 20 0 1232 15 0 0 0 0 0 76 0 0 0 0 0
   7      64 loop8 25 0 1408 16 0 0 0 0 0 96 0 0 0 0 0
   7      72 loop9 534 4 51064 1340 0 0 0 0 0 1224 560 0 0 0 0
   7      80 loop10 24 0 192 17 0 0 0 0 0 28 0 0 0 0 0
   7      88 loop11 16 0 256 10 0 0 0 0 0 56 0 0 0 0 0
   7      96 loop12 503 3 62896 411 0 0 0 0 0 860 4 0 0 0 0
   7     104 loop13 27 0 216 48 0 0 0 0 0 44 8 0 0 0 0
   7     112 loop14 12 0 240 7 0 0 0 0 0 36 0 0 0 0 0
   7     120 loop15 48 0 4320 139 0 0 0 0 0 204 76 0 0 0 0
 254       0 zram0 0 0 0 0 0 0 0 0 0 0 0 0 0 0 0
 179       0 mmcblk0 2020 1821 144350 1721 12 0 48 14 0 1592 376 0 0 0 0
 179       1 mmcblk0p1 0 0 0 0 0 0 0 0 0 0 0 0 0 0 0
 179       2 mmcblk0p2 0 0 0 0 0 0 0 0 0 0 0 0 0 0 0
 179       3 mmcblk0p3 0 0 0 0 0 0 0 0 0 0 0 0 0 0 0
 179       4 mmcblk0p4 16 0 146 3 1 0 8 0 0 12 0 0 0 0 0
 179       5 mmcblk0p5 0 0 0 0 0 0 0 0 0 0 0 0 0 0 0
 179       6 mmcblk0p6 0 0 0 0 0 0 0 0 0 0 0 0 0 0 0
 179       7 mmcblk0p7 0 0 0 0 0 0 0 0 0 0 0 0 0 0 0
 179       8 mmcblk0p8 0 0 0 0 0 0 0 0 0 0 0 0 0 0 0
 179       9 mmcblk0p9 0 0 0 0 0 0 0 0 0 0 0 0 0 0 0
 179      10 mmcblk0p10 0 0 0 0 0 0 0 0 0 0 0 0 0 0 0
 179      11 mmcblk0p11 0 0 0 0 0 0 0 0 0 0 0 0 0 0 0
 179      12 mmcblk0p12 0 0 0 0 0 0 0 0 0 0 0 0 0 0 0
 179      13 mmcblk0p13 0 0 0 0 0 0 0 0 0 0 0 0 0 0 0
 179      14 mmcblk0p14 0 0 0 0 0 0 0 0 0 0 0 0 0 0 0
 179      15 mmcblk0p15 0 0 0 0 0 0 0 0 0 0 0 0 0 0 0
 179      16 mmcblk0p16 0 0 0 0 0 0 0 0 0 0 0 0 0 0 0
 179      17 mmcblk0p17 0 0 0 0 0 0 0 0 0 0 0 0 0 0 0
 179      18 mmcblk0p18 0 0 0 0 0 0 0 0 0 0 0 0 0 0 0
 179      19 mmcblk0p19 0 0 0 0 0 0 0 0 0 0 0 0 0 0 0
 179      20 mmcblk0p20 0 0 0 0 0 0 0 0 0 0 0 0 0 0 0
 179      21 mmcblk0p21 54 57 111 17 0 0 0 0 0 28 0 0 0 0 0
 179      22 mmcblk0p22 0 0 0 0 0 0 0 0 0 0 0 0 0 0 0
 179      23 mmcblk0p23 33 6 330 14 0 0 0 0 0 12 0 0 0 0 0
 179      24 mmcblk0p24 0 0 0 0 0 0 0 0 0 0 0 0 0 0 0
 179      25 mmcblk0p25 0 0 0 0 0 0 0 0 0 0 0 0 0 0 0
 179      26 mmcblk0p26 0 0 0 0 0 0 0 0 0 0 0 0 0 0 0
 179      27 mmcblk0p27 0 0 0 0 0 0 0 0 0 0 0 0 0 0 0
 179      28 mmcblk0p28 0 0 0 0 0 0 0 0 0 0 0 0 0 0 0
 179      29 mmcblk0p29 0 0 0 0 0 0 0 0 0 0 0 0 0 0 0
 179      30 mmcblk0p30 0 0 0 0 0 0 0 0 0 0 0 0 0 0 0
 179      31 mmcblk0p31 0 0 0 0 0 0 0 0 0 0 0 0 0 0 0
 259       0 mmcblk0p32 9 0 65 1 0 0 0 0 0 12 0 0 0 0 0
 259       1 mmcblk0p33 0 0 0 0 0 0 0 0 0 0 0 0 0 0 0
 259       2 mmcblk0p34 0 0 0 0 0 0 0 0 0 0 0 0 0 0 0
 259       3 mmcblk0p35 0 0 0 0 0 0 0 0 0 0 0 0 0 0 0
 259       4 mmcblk0p36 0 0 0 0 0 0 0 0 0 0 0 0 0 0 0
 259       5 mmcblk0p37 0 0 0 0 0 0 0 0 0 0 0 0 0 0 0
 259       6 mmcblk0p38 0 0 0 0 0 0 0 0 0 0 0 0 0 0 0
 259       7 mmcblk0p39 0 0 0 0 0 0 0 0 0 0 0 0 0 0 0
 259       8 mmcblk0p40 0 0 0 0 0 0 0 0 0 0 0 0 0 0 0
 259       9 mmcblk0p41 0 0 0 0 0 0 0 0 0 0 0 0 0 0 0
 259      10 mmcblk0p42 0 0 0 0 0 0 0 0 0 0 0 0 0 0 0
 259      11 mmcblk0p43 0 0 0 0 0 0 0 0 0 0 0 0 0 0 0
 259      12 mmcblk0p44 0 0 0 0 0 0 0 0 0 0 0 0 0 0 0
 259      13 mmcblk0p45 0 0 0 0 0 0 0 0 0 0 0 0 0 0 0
 259      14 mmcblk0p46 0 0 0 0 0 0 0 0 0 0 0 0 0 0 0
 259      15 mmcblk0p47 0 0 0 0 0 0 0 0 0 0 0 0 0 0 0
 259      16 mmcblk0p48 0 0 0 0 0 0 0 0 0 0 0 0 0 0 0
 259      17 mmcblk0p49 0 0 0 0 0 0 0 0 0 0 0 0 0 0 0
 259      18 mmcblk0p50 0 0 0 0 0 0 0 0 0 0 0 0 0 0 0
 259      19 mmcblk0p51 0 0 0 0 0 0 0 0 0 0 0 0 0 0 0
 259      20 mmcblk0p52 0 0 0 0 0 0 0 0 0 0 0 0 0 0 0
 259      21 mmcblk0p53 0 0 0 0 0 0 0 0 0 0 0 0 0 0 0
 259      22 mmcblk0p54 0 0 0 0 0 0 0 0 0 0 0 0 0 0 0
 259      23 mmcblk0p55 0 0 0 0 0 0 0 0 0 0 0 0 0 0 0
 259      24 mmcblk0p56 0 0 0 0 0 0 0 0 0 0 0 0 0 0 0
 259      25 mmcblk0p57 0 0 0 0 0 0 0 0 0 0 0 0 0 0 0
 259      26 mmcblk0p58 0 0 0 0 0 0 0 0 0 0 0 0 0 0 0
 259      27 mmcblk0p59 0 0 0 0 0 0 0 0 0 0 0 0 0 0 0
 259      28 mmcblk0p60 0 0 0 0 0 0 0 0 0 0 0 0 0 0 0
 259      29 mmcblk0p61 0 0 0 0 0 0 0 0 0 0 0 0 0 0 0
 259      30 mmcblk0p62 0 0 0 0 0 0 0 0 0 0 0 0 0 0 0
 259      31 mmcblk0p63 0 0 0 0 0 0 0 0 0 0 0 0 0 0 0
 259      32 mmcblk0p64 0 0 0 0 0 0 0 0 0 0 0 0 0 0 0
 259      33 mmcblk0p65 0 0 0 0 0 0 0 0 0 0 0 0 0 0 0
 259      34 mmcblk0p66 0 0 0 0 0 0 0 0 0 0 0 0 0 0 0
 259      35 mmcblk0p67 1851 1758 140712 1643 0 0 0 0 0 1520 360 0 0 0 0
 259      36 mmcblk0p68 1 0 128 1 0 0 0 0 0 4 0 0 0 0 0
 259      37 mmcblk0p69 0 0 0 0 0 0 0 0 0 0 0 0 0 0 0
 259      38 mmcblk0p70 0 0 0 0 0 0 0 0 0 0 0 0 0 0 0
 259      39 mmcblk0p71 0 0 0 0 0 0 0 0 0 0 0 0 0 0 0
 259      40 mmcblk0p72 47 0 2666 36 5 0 40 12 0 64 16 0 0 0 0
 259      41 mmcblk0p73 1 0 128 1 0 0 0 0 0 4 0 0 0 0 0
 259      42 mmcblk0p74 0 0 0 0 0 0 0 0 0 0 0 0 0 0 0
 259      43 mmcblk0p75 0 0 0 0 0 0 0 0 0 0 0 0 0 0 0
 259      44 mmcblk0p76 0 0 0 0 0 0 0 0 0 0 0 0 0 0 0
 259      45 mmcblk0p77 0 0 0 0 0 0 0 0 0 0 0 0 0 0 0
 259      46 mmcblk0p78 0 0 0 0 0 0 0 0 0 0 0 0 0 0 0
 259      47 mmcblk0p79 0 0 0 0 0 0 0 0 0 0 0 0 0 0 0
 259      48 mmcblk0p80 0 0 0 0 0 0 0 0 0 0 0 0 0 0 0
 253       0 dm-0 168 0 1368 356 0 0 0 0 0 68 356 0 0 0 0
 253       1 dm-1 4726 0 530912 7724 0 0 0 0 1 4188 7724 0 0 0 0
 253       2 dm-2 1350 0 84344 1532 0 0 0 0 0 1764 1532 0 0 0 0
 253       3 dm-3 2284 0 223320 5056 0 0 0 0 0 2720 5056 0 0 0 0
 253       4 dm-4 3332 0 519760 10640 0 0 0 0 1 4248 10640 0 0 0 0
 253       5 dm-5 1031 0 81792 2052 0 0 0 0 0 1844 2052 0 0 0 0
 253       6 dm-6 1621 0 218016 6120 0 0 0 0 0 2792 6120 0 0 0 0
 253       7 dm-7 39 0 336 44 0 0 0 0 0 72 44 0 0 0 0
   7     128 loop16 12 0 144 16 0 0 0 0 0 44 8 0 0 0 0
   7     136 loop17 27 0 216 27 0 0 0 0 0 32 0 0 0 0 0
   7     144 loop18 12 0 120 14 0 0 0 0 0 40 4 0 0 0 0
   7     152 loop19 24 0 192 26 0 0 0 0 0 28 0 0 0 0 0
   7     160 loop20 17 0 280 11 0 0 0 0 0 48 4 0 0 0 0
   7     168 loop21 20 0 1024 9 0 0 0 0 0 56 0 0 0 0 0
   7     176 loop22 12 0 96 6 0 0 0 0 0 40 0 0 0 0 0
   7     184 loop23 31 0 1120 19 0 0 0 0 0 68 0 0 0 0 0
   7     192 loop24 21 1 576 15 0 0 0 0 0 56 4 0 0 0 0
   7     200 loop25 29 0 960 12 0 0 0 0 0 52 0 0 0 0 0
   7     208 loop26 11 0 88 4 0 0 0 0 0 20 0 0 0 0 0
   7     216 loop27 9 0 72 4 0 0 0 0 0 20 0 0 0 0 0
   7     224 loop28 18 0 408 8 0 0 0 0 0 64 0 0 0 0 0
   7     232 loop29 25 0 864 16 0 0 0 0 0 44 0 0 0 0 0
   7     240 loop30 21 0 504 11 0 0 0 0 0 56 0 0 0 0 0
   7     248 loop31 29 0 1336 14 0 0 0 0 0 72 0 0 0 0 0
   7     256 loop32 51 0 6560 51 0 0 0 0 0 120 4 0 0 0 0
   7     264 loop33 26 1 1232 12 0 0 0 0 0 52 0 0 0 0 0
   7     272 loop34 23 0 616 9 0 0 0 0 0 56 0 0 0 0 0
   7     280 loop35 22 0 648 9 0 0 0 0 0 48 0 0 0 0 0
   7     288 loop36 71 0 9016 121 0 0 0 0 0 136 44 0 0 0 0
   7     296 loop37 17 0 224 6 0 0 0 0 0 40 0 0 0 0 0
   7     304 loop38 102 1 6184 83 0 0 0 0 0 216 8 0 0 0 0
   7     312 loop39 18 0 144 7 0 0 0 0 0 24 0 0 0 0 0
 253       8 dm-8 0 0 0 0 0 0 0 0 0 0 0 0 0 0 0
 253       9 dm-9 18 0 576 12 0 0 0 0 0 52 12 0 0 0 0
 253      10 dm-10 87 0 6056 112 0 0 0 0 0 220 112 0 0 0 0
 253      11 dm-11 420 0 62208 756 0 0 0 0 0 900 756 0 0 0 0
 253      12 dm-12 0 0 0 0 0 0 0 0 0 0 0 0 0 0 0
 253      13 dm-13 19 0 1168 12 0 0 0 0 0 52 12 0 0 0 0
 253      14 dm-14 0 0 0 0 0 0 0 0 0 0 0 0 0 0 0
 253      15 dm-15 17 0 608 0 0 0 0 0 0 44 0 0 0 0 0
 253      16 dm-16 0 0 0 0 0 0 0 0 0 0 0 0 0 0 0
 253      17 dm-17 0 0 0 0 0 0 0 0 0 0 0 0 0 0 0
 253      18 dm-18 40 0 6472 48 0 0 0 0 0 112 48 0 0 0 0
 253      19 dm-19 17 0 800 32 0 0 0 0 0 36 32 0 0 0 0
 253      20 dm-20 14 0 112 0 0 0 0 0 0 16 0 0 0 0 0
 253      21 dm-21 16 0 464 8 0 0 0 0 0 52 8 0 0 0 0
 253      22 dm-22 16 0 392 88 0 0 0 0 0 68 88 0 0 0 0
 253      23 dm-23 0 0 0 0 0 0 0 0 0 0 0 0 0 0 0
 253      24 dm-24 15 0 208 4 0 0 0 0 0 36 4 0 0 0 0
 253      25 dm-25 5 0 40 8 0 0 0 0 0 20 8 0 0 0 0
 253      26 dm-26 7 0 56 8 0 0 0 0 0 16 8 0 0 0 0
 253      27 dm-27 0 0 0 0 0 0 0 0 0 0 0 0 0 0 0
 253      28 dm-28 24 0 920 12 0 0 0 0 0 48 12 0 0 0 0
 253      29 dm-29 0 0 0 0 0 0 0 0 0 0 0 0 0 0 0
 253      30 dm-30 0 0 0 0 0 0 0 0 0 0 0 0 0 0 0
 253      31 dm-31 0 0 0 0 0 0 0 0 0 0 0 0 0 0 0
 253      32 dm-32 24 0 1296 16 0 0 0 0 0 68 16 0 0 0 0
 253      33 dm-33 0 0 0 0 0 0 0 0 0 0 0 0 0 0 0
 253      34 dm-34 16 0 528 20 0 0 0 0 0 56 20 0 0 0 0
 253      35 dm-35 8 0 64 24 0 0 0 0 0 36 24 0 0 0 0
 253      36 dm-36 26 0 1080 40 0 0 0 0 0 72 40 0 0 0 0
 253      37 dm-37 0 0 0 0 0 0 0 0 0 0 0 0 0 0 0
 253      38 dm-38 16 0 992 12 0 0 0 0 0 60 12 0 0 0 0
 253      39 dm-39 13 0 248 12 0 0 0 0 0 44 12 0 0 0 0
 253      40 dm-40 0 0 0 0 0 0 0 0 0 0 0 0 0 0 0
 253      41 dm-41 0 0 0 0 0 0 0 0 0 0 0 0 0 0 0
 253      42 dm-42 0 0 0 0 0 0 0 0 0 0 0 0 0 0 0
 253      43 dm-43 1831 0 101592 2904 71 0 1144 116 0 2052 3020 0 0 0 0

1300
   1       0 ram0 0 0 0 0 0 0 0 0 0 0 0 0 0 0 0
   1       1 ram1 0 0 0 0 0 0 0 0 0 0 0 0 0 0 0
   1       2 ram2 0 0 0 0 0 0 0 0 0 0 0 0 0 0 0
   1       3 ram3 0 0 0 0 0 0 0 0 0 0 0 0 0 0 0
   1       4 ram4 0 0 0 0 0 0 0 0 0 0 0 0 0 0 0
   1       5 ram5 0 0 0 0 0 0 0 0 0 0 0 0 0 0 0
   1       6 ram6 0 0 0 0 0 0 0 0 0 0 0 0 0 0 0
   1       7 ram7 0 0 0 0 0 0 0 0 0 0 0 0 0 0 0
   1       8 ram8 0 0 0 0 0 0 0 0 0 0 0 0 0 0 0
   1       9 ram9 0 0 0 0 0 0 0 0 0 0 0 0 0 0 0
   1      10 ram10 0 0 0 0 0 0 0 0 0 0 0 0 0 0 0
   1      11 ram11 0 0 0 0 0 0 0 0 0 0 0 0 0 0 0
   1      12 ram12 0 0 0 0 0 0 0 0 0 0 0 0 0 0 0
   1      13 ram13 0 0 0 0 0 0 0 0 0 0 0 0 0 0 0
   1      14 ram14 0 0 0 0 0 0 0 0 0 0 0 0 0 0 0
   1      15 ram15 0 0 0 0 0 0 0 0 0 0 0 0 0 0 0
   7       0 loop0 183 0 16168 352 0 0 0 0 0 344 116 0 0 0 0
   7       8 loop1 70 0 9008 122 0 0 0 0 0 136 32 0 0 0 0
   7      16 loop2 27 0 216 13 0 0 0 0 0 32 0 0 0 0 0
   7      24 loop3 12 0 296 8 0 0 0 0 0 32 0 0 0 0 0
   7      32 loop4 36 1 3040 29 0 0 0 0 0 56 0 0 0 0 0
   7      40 loop5 189 1 22944 290 0 0 0 0 0 388 60 0 0 0 0
   7      48 loop6 16 0 712 14 0 0 0 0 0 44 0 0 0 0 0
   7      56 loop7 20 0 1232 15 0 0 0 0 0 76 0 0 0 0 0
   7      64 loop8 25 0 1408 16 0 0 0 0 0 96 0 0 0 0 0
   7      72 loop9 534 4 51064 1340 0 0 0 0 0 1224 560 0 0 0 0
   7      80 loop10 24 0 192 17 0 0 0 0 0 28 0 0 0 0 0
   7      88 loop11 16 0 256 10 0 0 0 0 0 56 0 0 0 0 0
   7      96 loop12 513 3 64272 420 0 0 0 0 0 896 4 0 0 0 0
   7     104 loop13 27 0 216 48 0 0 0 0 0 44 8 0 0 0 0
   7     112 loop14 12 0 240 7 0 0 0 0 0 36 0 0 0 0 0
   7     120 loop15 48 0 4320 139 0 0 0 0 0 204 76 0 0 0 0
 254       0 zram0 0 0 0 0 0 0 0 0 0 0 0 0 0 0 0
 179       0 mmcblk0 2020 1821 144350 1721 12 0 48 14 0 1592 376 0 0 0 0
 179       1 mmcblk0p1 0 0 0 0 0 0 0 0 0 0 0 0 0 0 0
 179       2 mmcblk0p2 0 0 0 0 0 0 0 0 0 0 0 0 0 0 0
 179       3 mmcblk0p3 0 0 0 0 0 0 0 0 0 0 0 0 0 0 0
 179       4 mmcblk0p4 16 0 146 3 1 0 8 0 0 12 0 0 0 0 0
 179       5 mmcblk0p5 0 0 0 0 0 0 0 0 0 0 0 0 0 0 0
 179       6 mmcblk0p6 0 0 0 0 0 0 0 0 0 0 0 0 0 0 0
 179       7 mmcblk0p7 0 0 0 0 0 0 0 0 0 0 0 0 0 0 0
 179       8 mmcblk0p8 0 0 0 0 0 0 0 0 0 0 0 0 0 0 0
 179       9 mmcblk0p9 0 0 0 0 0 0 0 0 0 0 0 0 0 0 0
 179      10 mmcblk0p10 0 0 0 0 0 0 0 0 0 0 0 0 0 0 0
 179      11 mmcblk0p11 0 0 0 0 0 0 0 0 0 0 0 0 0 0 0
 179      12 mmcblk0p12 0 0 0 0 0 0 0 0 0 0 0 0 0 0 0
 179      13 mmcblk0p13 0 0 0 0 0 0 0 0 0 0 0 0 0 0 0
 179      14 mmcblk0p14 0 0 0 0 0 0 0 0 0 0 0 0 0 0 0
 179      15 mmcblk0p15 0 0 0 0 0 0 0 0 0 0 0 0 0 0 0
 179      16 mmcblk0p16 0 0 0 0 0 0 0 0 0 0 0 0 0 0 0
 179      17 mmcblk0p17 0 0 0 0 0 0 0 0 0 0 0 0 0 0 0
 179      18 mmcblk0p18 0 0 0 0 0 0 0 0 0 0 0 0 0 0 0
 179      19 mmcblk0p19 0 0 0 0 0 0 0 0 0 0 0 0 0 0 0
 179      20 mmcblk0p20 0 0 0 0 0 0 0 0 0 0 0 0 0 0 0
 179      21 mmcblk0p21 54 57 111 17 0 0 0 0 0 28 0 0 0 0 0
 179      22 mmcblk0p22 0 0 0 0 0 0 0 0 0 0 0 0 0 0 0
 179      23 mmcblk0p23 33 6 330 14 0 0 0 0 0 12 0 0 0 0 0
 179      24 mmcblk0p24 0 0 0 0 0 0 0 0 0 0 0 0 0 0 0
 179      25 mmcblk0p25 0 0 0 0 0 0 0 0 0 0 0 0 0 0 0
 179      26 mmcblk0p26 0 0 0 0 0 0 0 0 0 0 0 0 0 0 0
 179      27 mmcblk0p27 0 0 0 0 0 0 0 0 0 0 0 0 0 0 0
 179      28 mmcblk0p28 0 0 0 0 0 0 0 0 0 0 0 0 0 0 0
 179      29 mmcblk0p29 0 0 0 0 0 0 0 0 0 0 0 0 0 0 0
 179      30 mmcblk0p30 0 0 0 0 0 0 0 0 0 0 0 0 0 0 0
 179      31 mmcblk0p31 0 0 0 0 0 0 0 0 0 0 0 0 0 0 0
 259       0 mmcblk0p32 9 0 65 1 0 0 0 0 0 12 0 0 0 0 0
 259       1 mmcblk0p33 0 0 0 0 0 0 0 0 0 0 0 0 0 0 0
 259       2 mmcblk0p34 0 0 0 0 0 0 0 0 0 0 0 0 0 0 0
 259       3 mmcblk0p35 0 0 0 0 0 0 0 0 0 0 0 0 0 0 0
 259       4 mmcblk0p36 0 0 0 0 0 0 0 0 0 0 0 0 0 0 0
 259       5 mmcblk0p37 0 0 0 0 0 0 0 0 0 0 0 0 0 0 0
 259       6 mmcblk0p38 0 0 0 0 0 0 0 0 0 0 0 0 0 0 0
 259       7 mmcblk0p39 0 0 0 0 0 0 0 0 0 0 0 0 0 0 0
 259       8 mmcblk0p40 0 0 0 0 0 0 0 0 0 0 0 0 0 0 0
 259       9 mmcblk0p41 0 0 0 0 0 0 0 0 0 0 0 0 0 0 0
 259      10 mmcblk0p42 0 0 0 0 0 0 0 0 0 0 0 0 0 0 0
 259      11 mmcblk0p43 0 0 0 0 0 0 0 0 0 0 0 0 0 0 0
 259      12 mmcblk0p44 0 0 0 0 0 0 0 0 0 0 0 0 0 0 0
 259      13 mmcblk0p45 0 0 0 0 0 0 0 0 0 0 0 0 0 0 0
 259      14 mmcblk0p46 0 0 0 0 0 0 0 0 0 0 0 0 0 0 0
 259      15 mmcblk0p47 0 0 0 0 0 0 0 0 0 0 0 0 0 0 0
 259      16 mmcblk0p48 0 0 0 0 0 0 0 0 0 0 0 0 0 0 0
 259      17 mmcblk0p49 0 0 0 0 0 0 0 0 0 0 0 0 0 0 0
 259      18 mmcblk0p50 0 0 0 0 0 0 0 0 0 0 0 0 0 0 0
 259      19 mmcblk0p51 0 0 0 0 0 0 0 0 0 0 0 0 0 0 0
 259      20 mmcblk0p52 0 0 0 0 0 0 0 0 0 0 0 0 0 0 0
 259      21 mmcblk0p53 0 0 0 0 0 0 0 0 0 0 0 0 0 0 0
 259      22 mmcblk0p54 0 0 0 0 0 0 0 0 0 0 0 0 0 0 0
 259      23 mmcblk0p55 0 0 0 0 0 0 0 0 0 0 0 0 0 0 0
 259      24 mmcblk0p56 0 0 0 0 0 0 0 0 0 0 0 0 0 0 0
 259      25 mmcblk0p57 0 0 0 0 0 0 0 0 0 0 0 0 0 0 0
 259      26 mmcblk0p58 0 0 0 0 0 0 0 0 0 0 0 0 0 0 0
 259      27 mmcblk0p59 0 0 0 0 0 0 0 0 0 0 0 0 0 0 0
 259      28 mmcblk0p60 0 0 0 0 0 0 0 0 0 0 0 0 0 0 0
 259      29 mmcblk0p61 0 0 0 0 0 0 0 0 0 0 0 0 0 0 0
 259      30 mmcblk0p62 0 0 0 0 0 0 0 0 0 0 0 0 0 0 0
 259      31 mmcblk0p63 0 0 0 0 0 0 0 0 0 0 0 0 0 0 0
 259      32 mmcblk0p64 0 0 0 0 0 0 0 0 0 0 0 0 0 0 0
 259      33 mmcblk0p65 0 0 0 0 0 0 0 0 0 0 0 0 0 0 0
 259      34 mmcblk0p66 0 0 0 0 0 0 0 0 0 0 0 0 0 0 0
 259      35 mmcblk0p67 1851 1758 140712 1643 0 0 0 0 0 1520 360 0 0 0 0
 259      36 mmcblk0p68 1 0 128 1 0 0 0 0 0 4 0 0 0 0 0
 259      37 mmcblk0p69 0 0 0 0 0 0 0 0 0 0 0 0 0 0 0
 259      38 mmcblk0p70 0 0 0 0 0 0 0 0 0 0 0 0 0 0 0
 259      39 mmcblk0p71 0 0 0 0 0 0 0 0 0 0 0 0 0 0 0
 259      40 mmcblk0p72 47 0 2666 36 5 0 40 12 0 64 16 0 0 0 0
 259      41 mmcblk0p73 1 0 128 1 0 0 0 0 0 4 0 0 0 0 0
 259      42 mmcblk0p74 0 0 0 0 0 0 0 0 0 0 0 0 0 0 0
 259      43 mmcblk0p75 0 0 0 0 0 0 0 0 0 0 0 0 0 0 0
 259      44 mmcblk0p76 0 0 0 0 0 0 0 0 0 0 0 0 0 0 0
 259      45 mmcblk0p77 0 0 0 0 0 0 0 0 0 0 0 0 0 0 0
 259      46 mmcblk0p78 0 0 0 0 0 0 0 0 0 0 0 0 0 0 0
 259      47 mmcblk0p79 0 0 0 0 0 0 0 0 0 0 0 0 0 0 0
 259      48 mmcblk0p80 0 0 0 0 0 0 0 0 0 0 0 0 0 0 0
 253       0 dm-0 169 0 1376 356 0 0 0 0 0 72 356 0 0 0 0
 253       1 dm-1 4744 0 538576 7740 0 0 0 0 0 4248 7740 0 0 0 0
 253       2 dm-2 1352 0 84384 1532 0 0 0 0 0 1772 1532 0 0 0 0
 253       3 dm-3 2347 0 236088 5124 0 0 0 0 0 2876 5124 0 0 0 0
 253       4 dm-4 3348 0 527408 10676 0 0 0 0 0 4312 10676 0 0 0 0
 253       5 dm-5 1033 0 81832 2052 0 0 0 0 0 1852 2052 0 0 0 0
 253       6 dm-6 1669 0 230664 6208 0 0 0 0 0 2948 6208 0 0 0 0
 253       7 dm-7 40 0 344 44 0 0 0 0 0 76 44 0 0 0 0
   7     128 loop16 12 0 144 16 0 0 0 0 0 44 8 0 0 0 0
   7     136 loop17 27 0 216 27 0 0 0 0 0 32 0 0 0 0 0
   7     144 loop18 12 0 120 14 0 0 0 0 0 40 4 0 0 0 0
   7     152 loop19 24 0 192 26 0 0 0 0 0 28 0 0 0 0 0
   7     160 loop20 17 0 280 11 0 0 0 0 0 48 4 0 0 0 0
   7     168 loop21 20 0 1024 9 0 0 0 0 0 56 0 0 0 0 0
   7     176 loop22 12 0 96 6 0 0 0 0 0 40 0 0 0 0 0
   7     184 loop23 67 0 6152 51 0 0 0 0 0 136 0 0 0 0 0
   7     192 loop24 21 1 576 15 0 0 0 0 0 56 4 0 0 0 0
   7     200 loop25 31 0 1224 13 0 0 0 0 0 60 0 0 0 0 0
   7     208 loop26 11 0 88 4 0 0 0 0 0 20 0 0 0 0 0
   7     216 loop27 9 0 72 4 0 0 0 0 0 20 0 0 0 0 0
   7     224 loop28 18 0 408 8 0 0 0 0 0 64 0 0 0 0 0
   7     232 loop29 25 0 864 16 0 0 0 0 0 44 0 0 0 0 0
   7     240 loop30 21 0 504 11 0 0 0 0 0 56 0 0 0 0 0
   7     248 loop31 29 0 1336 14 0 0 0 0 0 72 0 0 0 0 0
   7     256 loop32 51 0 6560 51 0 0 0 0 0 120 4 0 0 0 0
   7     264 loop33 31 1 1888 17 0 0 0 0 0 64 0 0 0 0 0
   7     272 loop34 24 0 736 10 0 0 0 0 0 60 0 0 0 0 0
   7     280 loop35 22 0 648 9 0 0 0 0 0 48 0 0 0 0 0
   7     288 loop36 72 0 9048 123 0 0 0 0 0 140 44 0 0 0 0
   7     296 loop37 17 0 224 6 0 0 0 0 0 40 0 0 0 0 0
   7     304 loop38 102 1 6184 83 0 0 0 0 0 216 8 0 0 0 0
   7     312 loop39 18 0 144 7 0 0 0 0 0 24 0 0 0 0 0
 253       8 dm-8 0 0 0 0 0 0 0 0 0 0 0 0 0 0 0
 253       9 dm-9 19 0 696 12 0 0 0 0 0 56 12 0 0 0 0
 253      10 dm-10 87 0 6056 112 0 0 0 0 0 220 112 0 0 0 0
 253      11 dm-11 430 0 63584 780 0 0 0 0 0 944 780 0 0 0 0
 253      12 dm-12 0 0 0 0 0 0 0 0 0 0 0 0 0 0 0
 253      13 dm-13 23 0 1816 20 0 0 0 0 0 64 20 0 0 0 0
 253      14 dm-14 0 0 0 0 0 0 0 0 0 0 0 0 0 0 0
 253      15 dm-15 17 0 608 0 0 0 0 0 0 44 0 0 0 0 0
 253      16 dm-16 0 0 0 0 0 0 0 0 0 0 0 0 0 0 0
 253      17 dm-17 0 0 0 0 0 0 0 0 0 0 0 0 0 0 0
 253      18 dm-18 40 0 6472 48 0 0 0 0 0 112 48 0 0 0 0
 253      19 dm-19 17 0 800 32 0 0 0 0 0 36 32 0 0 0 0
 253      20 dm-20 14 0 112 0 0 0 0 0 0 16 0 0 0 0 0
 253      21 dm-21 16 0 464 8 0 0 0 0 0 52 8 0 0 0 0
 253      22 dm-22 16 0 392 88 0 0 0 0 0 68 88 0 0 0 0
 253      23 dm-23 0 0 0 0 0 0 0 0 0 0 0 0 0 0 0
 253      24 dm-24 15 0 208 4 0 0 0 0 0 36 4 0 0 0 0
 253      25 dm-25 5 0 40 8 0 0 0 0 0 20 8 0 0 0 0
 253      26 dm-26 7 0 56 8 0 0 0 0 0 16 8 0 0 0 0
 253      27 dm-27 0 0 0 0 0 0 0 0 0 0 0 0 0 0 0
 253      28 dm-28 26 0 1184 16 0 0 0 0 0 56 16 0 0 0 0
 253      29 dm-29 0 0 0 0 0 0 0 0 0 0 0 0 0 0 0
 253      30 dm-30 0 0 0 0 0 0 0 0 0 0 0 0 0 0 0
 253      31 dm-31 0 0 0 0 0 0 0 0 0 0 0 0 0 0 0
 253      32 dm-32 24 0 1296 16 0 0 0 0 0 68 16 0 0 0 0
 253      33 dm-33 0 0 0 0 0 0 0 0 0 0 0 0 0 0 0
 253      34 dm-34 16 0 528 20 0 0 0 0 0 56 20 0 0 0 0
 253      35 dm-35 8 0 64 24 0 0 0 0 0 36 24 0 0 0 0
 253      36 dm-36 57 0 6072 96 0 0 0 0 0 136 96 0 0 0 0
 253      37 dm-37 0 0 0 0 0 0 0 0 0 0 0 0 0 0 0
 253      38 dm-38 16 0 992 12 0 0 0 0 0 60 12 0 0 0 0
 253      39 dm-39 13 0 248 12 0 0 0 0 0 44 12 0 0 0 0
 253      40 dm-40 0 0 0 0 0 0 0 0 0 0 0 0 0 0 0
 253      41 dm-41 0 0 0 0 0 0 0 0 0 0 0 0 0 0 0
 253      42 dm-42 0 0 0 0 0 0 0 0 0 0 0 0 0 0 0
 253      43 dm-43 1885 0 109040 2948 71 0 1144 116 0 2168 3064 0 0 0 0

1329
   1       0 ram0 0 0 0 0 0 0 0 0 0 0 0 0 0 0 0
   1       1 ram1 0 0 0 0 0 0 0 0 0 0 0 0 0 0 0
   1       2 ram2 0 0 0 0 0 0 0 0 0 0 0 0 0 0 0
   1       3 ram3 0 0 0 0 0 0 0 0 0 0 0 0 0 0 0
   1       4 ram4 0 0 0 0 0 0 0 0 0 0 0 0 0 0 0
   1       5 ram5 0 0 0 0 0 0 0 0 0 0 0 0 0 0 0
   1       6 ram6 0 0 0 0 0 0 0 0 0 0 0 0 0 0 0
   1       7 ram7 0 0 0 0 0 0 0 0 0 0 0 0 0 0 0
   1       8 ram8 0 0 0 0 0 0 0 0 0 0 0 0 0 0 0
   1       9 ram9 0 0 0 0 0 0 0 0 0 0 0 0 0 0 0
   1      10 ram10 0 0 0 0 0 0 0 0 0 0 0 0 0 0 0
   1      11 ram11 0 0 0 0 0 0 0 0 0 0 0 0 0 0 0
   1      12 ram12 0 0 0 0 0 0 0 0 0 0 0 0 0 0 0
   1      13 ram13 0 0 0 0 0 0 0 0 0 0 0 0 0 0 0
   1      14 ram14 0 0 0 0 0 0 0 0 0 0 0 0 0 0 0
   1      15 ram15 0 0 0 0 0 0 0 0 0 0 0 0 0 0 0
   7       0 loop0 183 0 16168 352 0 0 0 0 0 344 116 0 0 0 0
   7       8 loop1 70 0 9008 122 0 0 0 0 0 136 32 0 0 0 0
   7      16 loop2 27 0 216 13 0 0 0 0 0 32 0 0 0 0 0
   7      24 loop3 12 0 296 8 0 0 0 0 0 32 0 0 0 0 0
   7      32 loop4 36 1 3040 29 0 0 0 0 0 56 0 0 0 0 0
   7      40 loop5 190 1 23200 292 0 0 0 0 0 396 60 0 0 0 0
   7      48 loop6 16 0 712 14 0 0 0 0 0 44 0 0 0 0 0
   7      56 loop7 20 0 1232 15 0 0 0 0 0 76 0 0 0 0 0
   7      64 loop8 25 0 1408 16 0 0 0 0 0 96 0 0 0 0 0
   7      72 loop9 534 4 51064 1340 0 0 0 0 0 1224 560 0 0 0 0
   7      80 loop10 24 0 192 17 0 0 0 0 0 28 0 0 0 0 0
   7      88 loop11 16 0 256 10 0 0 0 0 0 56 0 0 0 0 0
   7      96 loop12 513 3 64272 420 0 0 0 0 0 896 4 0 0 0 0
   7     104 loop13 27 0 216 48 0 0 0 0 0 44 8 0 0 0 0
   7     112 loop14 12 0 240 7 0 0 0 0 0 36 0 0 0 0 0
   7     120 loop15 48 0 4320 139 0 0 0 0 0 204 76 0 0 0 0
 254       0 zram0 0 0 0 0 0 0 0 0 0 0 0 0 0 0 0
 179       0 mmcblk0 2020 1821 144350 1721 12 0 48 14 0 1592 376 0 0 0 0
 179       1 mmcblk0p1 0 0 0 0 0 0 0 0 0 0 0 0 0 0 0
 179       2 mmcblk0p2 0 0 0 0 0 0 0 0 0 0 0 0 0 0 0
 179       3 mmcblk0p3 0 0 0 0 0 0 0 0 0 0 0 0 0 0 0
 179       4 mmcblk0p4 16 0 146 3 1 0 8 0 0 12 0 0 0 0 0
 179       5 mmcblk0p5 0 0 0 0 0 0 0 0 0 0 0 0 0 0 0
 179       6 mmcblk0p6 0 0 0 0 0 0 0 0 0 0 0 0 0 0 0
 179       7 mmcblk0p7 0 0 0 0 0 0 0 0 0 0 0 0 0 0 0
 179       8 mmcblk0p8 0 0 0 0 0 0 0 0 0 0 0 0 0 0 0
 179       9 mmcblk0p9 0 0 0 0 0 0 0 0 0 0 0 0 0 0 0
 179      10 mmcblk0p10 0 0 0 0 0 0 0 0 0 0 0 0 0 0 0
 179      11 mmcblk0p11 0 0 0 0 0 0 0 0 0 0 0 0 0 0 0
 179      12 mmcblk0p12 0 0 0 0 0 0 0 0 0 0 0 0 0 0 0
 179      13 mmcblk0p13 0 0 0 0 0 0 0 0 0 0 0 0 0 0 0
 179      14 mmcblk0p14 0 0 0 0 0 0 0 0 0 0 0 0 0 0 0
 179      15 mmcblk0p15 0 0 0 0 0 0 0 0 0 0 0 0 0 0 0
 179      16 mmcblk0p16 0 0 0 0 0 0 0 0 0 0 0 0 0 0 0
 179      17 mmcblk0p17 0 0 0 0 0 0 0 0 0 0 0 0 0 0 0
 179      18 mmcblk0p18 0 0 0 0 0 0 0 0 0 0 0 0 0 0 0
 179      19 mmcblk0p19 0 0 0 0 0 0 0 0 0 0 0 0 0 0 0
 179      20 mmcblk0p20 0 0 0 0 0 0 0 0 0 0 0 0 0 0 0
 179      21 mmcblk0p21 54 57 111 17 0 0 0 0 0 28 0 0 0 0 0
 179      22 mmcblk0p22 0 0 0 0 0 0 0 0 0 0 0 0 0 0 0
 179      23 mmcblk0p23 33 6 330 14 0 0 0 0 0 12 0 0 0 0 0
 179      24 mmcblk0p24 0 0 0 0 0 0 0 0 0 0 0 0 0 0 0
 179      25 mmcblk0p25 0 0 0 0 0 0 0 0 0 0 0 0 0 0 0
 179      26 mmcblk0p26 0 0 0 0 0 0 0 0 0 0 0 0 0 0 0
 179      27 mmcblk0p27 0 0 0 0 0 0 0 0 0 0 0 0 0 0 0
 179      28 mmcblk0p28 0 0 0 0 0 0 0 0 0 0 0 0 0 0 0
 179      29 mmcblk0p29 0 0 0 0 0 0 0 0 0 0 0 0 0 0 0
 179      30 mmcblk0p30 0 0 0 0 0 0 0 0 0 0 0 0 0 0 0
 179      31 mmcblk0p31 0 0 0 0 0 0 0 0 0 0 0 0 0 0 0
 259       0 mmcblk0p32 9 0 65 1 0 0 0 0 0 12 0 0 0 0 0
 259       1 mmcblk0p33 0 0 0 0 0 0 0 0 0 0 0 0 0 0 0
 259       2 mmcblk0p34 0 0 0 0 0 0 0 0 0 0 0 0 0 0 0
 259       3 mmcblk0p35 0 0 0 0 0 0 0 0 0 0 0 0 0 0 0
 259       4 mmcblk0p36 0 0 0 0 0 0 0 0 0 0 0 0 0 0 0
 259       5 mmcblk0p37 0 0 0 0 0 0 0 0 0 0 0 0 0 0 0
 259       6 mmcblk0p38 0 0 0 0 0 0 0 0 0 0 0 0 0 0 0
 259       7 mmcblk0p39 0 0 0 0 0 0 0 0 0 0 0 0 0 0 0
 259       8 mmcblk0p40 0 0 0 0 0 0 0 0 0 0 0 0 0 0 0
 259       9 mmcblk0p41 0 0 0 0 0 0 0 0 0 0 0 0 0 0 0
 259      10 mmcblk0p42 0 0 0 0 0 0 0 0 0 0 0 0 0 0 0
 259      11 mmcblk0p43 0 0 0 0 0 0 0 0 0 0 0 0 0 0 0
 259      12 mmcblk0p44 0 0 0 0 0 0 0 0 0 0 0 0 0 0 0
 259      13 mmcblk0p45 0 0 0 0 0 0 0 0 0 0 0 0 0 0 0
 259      14 mmcblk0p46 0 0 0 0 0 0 0 0 0 0 0 0 0 0 0
 259      15 mmcblk0p47 0 0 0 0 0 0 0 0 0 0 0 0 0 0 0
 259      16 mmcblk0p48 0 0 0 0 0 0 0 0 0 0 0 0 0 0 0
 259      17 mmcblk0p49 0 0 0 0 0 0 0 0 0 0 0 0 0 0 0
 259      18 mmcblk0p50 0 0 0 0 0 0 0 0 0 0 0 0 0 0 0
 259      19 mmcblk0p51 0 0 0 0 0 0 0 0 0 0 0 0 0 0 0
 259      20 mmcblk0p52 0 0 0 0 0 0 0 0 0 0 0 0 0 0 0
 259      21 mmcblk0p53 0 0 0 0 0 0 0 0 0 0 0 0 0 0 0
 259      22 mmcblk0p54 0 0 0 0 0 0 0 0 0 0 0 0 0 0 0
 259      23 mmcblk0p55 0 0 0 0 0 0 0 0 0 0 0 0 0 0 0
 259      24 mmcblk0p56 0 0 0 0 0 0 0 0 0 0 0 0 0 0 0
 259      25 mmcblk0p57 0 0 0 0 0 0 0 0 0 0 0 0 0 0 0
 259      26 mmcblk0p58 0 0 0 0 0 0 0 0 0 0 0 0 0 0 0
 259      27 mmcblk0p59 0 0 0 0 0 0 0 0 0 0 0 0 0 0 0
 259      28 mmcblk0p60 0 0 0 0 0 0 0 0 0 0 0 0 0 0 0
 259      29 mmcblk0p61 0 0 0 0 0 0 0 0 0 0 0 0 0 0 0
 259      30 mmcblk0p62 0 0 0 0 0 0 0 0 0 0 0 0 0 0 0
 259      31 mmcblk0p63 0 0 0 0 0 0 0 0 0 0 0 0 0 0 0
 259      32 mmcblk0p64 0 0 0 0 0 0 0 0 0 0 0 0 0 0 0
 259      33 mmcblk0p65 0 0 0 0 0 0 0 0 0 0 0 0 0 0 0
 259      34 mmcblk0p66 0 0 0 0 0 0 0 0 0 0 0 0 0 0 0
 259      35 mmcblk0p67 1851 1758 140712 1643 0 0 0 0 0 1520 360 0 0 0 0
 259      36 mmcblk0p68 1 0 128 1 0 0 0 0 0 4 0 0 0 0 0
 259      37 mmcblk0p69 0 0 0 0 0 0 0 0 0 0 0 0 0 0 0
 259      38 mmcblk0p70 0 0 0 0 0 0 0 0 0 0 0 0 0 0 0
 259      39 mmcblk0p71 0 0 0 0 0 0 0 0 0 0 0 0 0 0 0
 259      40 mmcblk0p72 47 0 2666 36 5 0 40 12 0 64 16 0 0 0 0
 259      41 mmcblk0p73 1 0 128 1 0 0 0 0 0 4 0 0 0 0 0
 259      42 mmcblk0p74 0 0 0 0 0 0 0 0 0 0 0 0 0 0 0
 259      43 mmcblk0p75 0 0 0 0 0 0 0 0 0 0 0 0 0 0 0
 259      44 mmcblk0p76 0 0 0 0 0 0 0 0 0 0 0 0 0 0 0
 259      45 mmcblk0p77 0 0 0 0 0 0 0 0 0 0 0 0 0 0 0
 259      46 mmcblk0p78 0 0 0 0 0 0 0 0 0 0 0 0 0 0 0
 259      47 mmcblk0p79 0 0 0 0 0 0 0 0 0 0 0 0 0 0 0
 259      48 mmcblk0p80 0 0 0 0 0 0 0 0 0 0 0 0 0 0 0
 253       0 dm-0 169 0 1376 356 0 0 0 0 0 72 356 0 0 0 0
 253       1 dm-1 4771 0 545824 7800 0 0 0 0 0 4344 7800 0 0 0 0
 253       2 dm-2 1352 0 84384 1532 0 0 0 0 0 1772 1532 0 0 0 0
 253       3 dm-3 2391 0 242040 5276 0 0 0 0 1 3032 5276 0 0 0 0
 253       4 dm-4 3375 0 534656 10784 0 0 0 0 0 4416 10784 0 0 0 0
 253       5 dm-5 1033 0 81832 2052 0 0 0 0 0 1852 2052 0 0 0 0
 253       6 dm-6 1709 0 236584 6420 0 0 0 0 1 3116 6420 0 0 0 0
 253       7 dm-7 40 0 344 44 0 0 0 0 0 76 44 0 0 0 0
   7     128 loop16 12 0 144 16 0 0 0 0 0 44 8 0 0 0 0
   7     136 loop17 27 0 216 27 0 0 0 0 0 32 0 0 0 0 0
   7     144 loop18 12 0 120 14 0 0 0 0 0 40 4 0 0 0 0
   7     152 loop19 24 0 192 26 0 0 0 0 0 28 0 0 0 0 0
   7     160 loop20 17 0 280 11 0 0 0 0 0 48 4 0 0 0 0
   7     168 loop21 20 0 1024 9 0 0 0 0 0 56 0 0 0 0 0
   7     176 loop22 12 0 96 6 0 0 0 0 0 40 0 0 0 0 0
   7     184 loop23 67 0 6152 51 0 0 0 0 0 136 0 0 0 0 0
   7     192 loop24 21 1 576 15 0 0 0 0 0 56 4 0 0 0 0
   7     200 loop25 31 0 1224 13 0 0 0 0 0 60 0 0 0 0 0
   7     208 loop26 11 0 88 4 0 0 0 0 0 20 0 0 0 0 0
   7     216 loop27 9 0 72 4 0 0 0 0 0 20 0 0 0 0 0
   7     224 loop28 18 0 408 8 0 0 0 0 0 64 0 0 0 0 0
   7     232 loop29 25 0 864 16 0 0 0 0 0 44 0 0 0 0 0
   7     240 loop30 21 0 504 11 0 0 0 0 0 56 0 0 0 0 0
   7     248 loop31 29 0 1336 14 0 0 0 0 0 72 0 0 0 0 0
   7     256 loop32 51 0 6560 51 0 0 0 0 0 120 4 0 0 0 0
   7     264 loop33 31 1 1888 17 0 0 0 0 0 64 0 0 0 0 0
   7     272 loop34 24 0 736 10 0 0 0 0 0 60 0 0 0 0 0
   7     280 loop35 22 0 648 9 0 0 0 0 0 48 0 0 0 0 0
   7     288 loop36 72 0 9048 123 0 0 0 0 0 140 44 0 0 0 0
   7     296 loop37 17 0 224 6 0 0 0 0 0 40 0 0 0 0 0
   7     304 loop38 103 1 6400 84 0 0 0 0 0 224 8 0 0 0 0
   7     312 loop39 18 0 144 7 0 0 0 0 0 24 0 0 0 0 0
 253       8 dm-8 0 0 0 0 0 0 0 0 0 0 0 0 0 0 0
 253       9 dm-9 19 0 696 12 0 0 0 0 0 56 12 0 0 0 0
 253      10 dm-10 88 0 6272 116 0 0 0 0 0 228 116 0 0 0 0
 253      11 dm-11 430 0 63584 780 0 0 0 0 0 944 780 0 0 0 0
 253      12 dm-12 0 0 0 0 0 0 0 0 0 0 0 0 0 0 0
 253      13 dm-13 23 0 1816 20 0 0 0 0 0 64 20 0 0 0 0
 253      14 dm-14 0 0 0 0 0 0 0 0 0 0 0 0 0 0 0
 253      15 dm-15 17 0 608 0 0 0 0 0 0 44 0 0 0 0 0
 253      16 dm-16 0 0 0 0 0 0 0 0 0 0 0 0 0 0 0
 253      17 dm-17 0 0 0 0 0 0 0 0 0 0 0 0 0 0 0
 253      18 dm-18 40 0 6472 48 0 0 0 0 0 112 48 0 0 0 0
 253      19 dm-19 17 0 800 32 0 0 0 0 0 36 32 0 0 0 0
 253      20 dm-20 14 0 112 0 0 0 0 0 0 16 0 0 0 0 0
 253      21 dm-21 16 0 464 8 0 0 0 0 0 52 8 0 0 0 0
 253      22 dm-22 16 0 392 88 0 0 0 0 0 68 88 0 0 0 0
 253      23 dm-23 0 0 0 0 0 0 0 0 0 0 0 0 0 0 0
 253      24 dm-24 15 0 208 4 0 0 0 0 0 36 4 0 0 0 0
 253      25 dm-25 5 0 40 8 0 0 0 0 0 20 8 0 0 0 0
 253      26 dm-26 7 0 56 8 0 0 0 0 0 16 8 0 0 0 0
 253      27 dm-27 0 0 0 0 0 0 0 0 0 0 0 0 0 0 0
 253      28 dm-28 26 0 1184 16 0 0 0 0 0 56 16 0 0 0 0
 253      29 dm-29 0 0 0 0 0 0 0 0 0 0 0 0 0 0 0
 253      30 dm-30 0 0 0 0 0 0 0 0 0 0 0 0 0 0 0
 253      31 dm-31 0 0 0 0 0 0 0 0 0 0 0 0 0 0 0
 253      32 dm-32 24 0 1296 16 0 0 0 0 0 68 16 0 0 0 0
 253      33 dm-33 0 0 0 0 0 0 0 0 0 0 0 0 0 0 0
 253      34 dm-34 16 0 528 20 0 0 0 0 0 56 20 0 0 0 0
 253      35 dm-35 8 0 64 24 0 0 0 0 0 36 24 0 0 0 0
 253      36 dm-36 57 0 6072 96 0 0 0 0 0 136 96 0 0 0 0
 253      37 dm-37 0 0 0 0 0 0 0 0 0 0 0 0 0 0 0
 253      38 dm-38 16 0 992 12 0 0 0 0 0 60 12 0 0 0 0
 253      39 dm-39 13 0 248 12 0 0 0 0 0 44 12 0 0 0 0
 253      40 dm-40 0 0 0 0 0 0 0 0 0 0 0 0 0 0 0
 253      41 dm-41 0 0 0 0 0 0 0 0 0 0 0 0 0 0 0
 253      42 dm-42 0 0 0 0 0 0 0 0 0 0 0 0 0 0 0
 253      43 dm-43 1886 0 109256 2948 71 0 1144 116 0 2172 3064 0 0 0 0

1357
   1       0 ram0 0 0 0 0 0 0 0 0 0 0 0 0 0 0 0
   1       1 ram1 0 0 0 0 0 0 0 0 0 0 0 0 0 0 0
   1       2 ram2 0 0 0 0 0 0 0 0 0 0 0 0 0 0 0
   1       3 ram3 0 0 0 0 0 0 0 0 0 0 0 0 0 0 0
   1       4 ram4 0 0 0 0 0 0 0 0 0 0 0 0 0 0 0
   1       5 ram5 0 0 0 0 0 0 0 0 0 0 0 0 0 0 0
   1       6 ram6 0 0 0 0 0 0 0 0 0 0 0 0 0 0 0
   1       7 ram7 0 0 0 0 0 0 0 0 0 0 0 0 0 0 0
   1       8 ram8 0 0 0 0 0 0 0 0 0 0 0 0 0 0 0
   1       9 ram9 0 0 0 0 0 0 0 0 0 0 0 0 0 0 0
   1      10 ram10 0 0 0 0 0 0 0 0 0 0 0 0 0 0 0
   1      11 ram11 0 0 0 0 0 0 0 0 0 0 0 0 0 0 0
   1      12 ram12 0 0 0 0 0 0 0 0 0 0 0 0 0 0 0
   1      13 ram13 0 0 0 0 0 0 0 0 0 0 0 0 0 0 0
   1      14 ram14 0 0 0 0 0 0 0 0 0 0 0 0 0 0 0
   1      15 ram15 0 0 0 0 0 0 0 0 0 0 0 0 0 0 0
   7       0 loop0 183 0 16168 352 0 0 0 0 0 344 116 0 0 0 0
   7       8 loop1 70 0 9008 122 0 0 0 0 0 136 32 0 0 0 0
   7      16 loop2 27 0 216 13 0 0 0 0 0 32 0 0 0 0 0
   7      24 loop3 12 0 296 8 0 0 0 0 0 32 0 0 0 0 0
   7      32 loop4 36 1 3040 29 0 0 0 0 0 56 0 0 0 0 0
   7      40 loop5 193 1 23968 296 0 0 0 0 0 404 60 0 0 0 0
   7      48 loop6 16 0 712 14 0 0 0 0 0 44 0 0 0 0 0
   7      56 loop7 20 0 1232 15 0 0 0 0 0 76 0 0 0 0 0
   7      64 loop8 25 0 1408 16 0 0 0 0 0 96 0 0 0 0 0
   7      72 loop9 534 4 51064 1340 0 0 0 0 0 1224 560 0 0 0 0
   7      80 loop10 24 0 192 17 0 0 0 0 0 28 0 0 0 0 0
   7      88 loop11 16 0 256 10 0 0 0 0 0 56 0 0 0 0 0
   7      96 loop12 514 3 64528 421 0 0 0 0 0 900 4 0 0 0 0
   7     104 loop13 27 0 216 48 0 0 0 0 0 44 8 0 0 0 0
   7     112 loop14 12 0 240 7 0 0 0 0 0 36 0 0 0 0 0
   7     120 loop15 48 0 4320 139 0 0 0 0 0 204 76 0 0 0 0
 254       0 zram0 0 0 0 0 0 0 0 0 0 0 0 0 0 0 0
 179       0 mmcblk0 2020 1821 144350 1721 12 0 48 14 0 1592 376 0 0 0 0
 179       1 mmcblk0p1 0 0 0 0 0 0 0 0 0 0 0 0 0 0 0
 179       2 mmcblk0p2 0 0 0 0 0 0 0 0 0 0 0 0 0 0 0
 179       3 mmcblk0p3 0 0 0 0 0 0 0 0 0 0 0 0 0 0 0
 179       4 mmcblk0p4 16 0 146 3 1 0 8 0 0 12 0 0 0 0 0
 179       5 mmcblk0p5 0 0 0 0 0 0 0 0 0 0 0 0 0 0 0
 179       6 mmcblk0p6 0 0 0 0 0 0 0 0 0 0 0 0 0 0 0
 179       7 mmcblk0p7 0 0 0 0 0 0 0 0 0 0 0 0 0 0 0
 179       8 mmcblk0p8 0 0 0 0 0 0 0 0 0 0 0 0 0 0 0
 179       9 mmcblk0p9 0 0 0 0 0 0 0 0 0 0 0 0 0 0 0
 179      10 mmcblk0p10 0 0 0 0 0 0 0 0 0 0 0 0 0 0 0
 179      11 mmcblk0p11 0 0 0 0 0 0 0 0 0 0 0 0 0 0 0
 179      12 mmcblk0p12 0 0 0 0 0 0 0 0 0 0 0 0 0 0 0
 179      13 mmcblk0p13 0 0 0 0 0 0 0 0 0 0 0 0 0 0 0
 179      14 mmcblk0p14 0 0 0 0 0 0 0 0 0 0 0 0 0 0 0
 179      15 mmcblk0p15 0 0 0 0 0 0 0 0 0 0 0 0 0 0 0
 179      16 mmcblk0p16 0 0 0 0 0 0 0 0 0 0 0 0 0 0 0
 179      17 mmcblk0p17 0 0 0 0 0 0 0 0 0 0 0 0 0 0 0
 179      18 mmcblk0p18 0 0 0 0 0 0 0 0 0 0 0 0 0 0 0
 179      19 mmcblk0p19 0 0 0 0 0 0 0 0 0 0 0 0 0 0 0
 179      20 mmcblk0p20 0 0 0 0 0 0 0 0 0 0 0 0 0 0 0
 179      21 mmcblk0p21 54 57 111 17 0 0 0 0 0 28 0 0 0 0 0
 179      22 mmcblk0p22 0 0 0 0 0 0 0 0 0 0 0 0 0 0 0
 179      23 mmcblk0p23 33 6 330 14 0 0 0 0 0 12 0 0 0 0 0
 179      24 mmcblk0p24 0 0 0 0 0 0 0 0 0 0 0 0 0 0 0
 179      25 mmcblk0p25 0 0 0 0 0 0 0 0 0 0 0 0 0 0 0
 179      26 mmcblk0p26 0 0 0 0 0 0 0 0 0 0 0 0 0 0 0
 179      27 mmcblk0p27 0 0 0 0 0 0 0 0 0 0 0 0 0 0 0
 179      28 mmcblk0p28 0 0 0 0 0 0 0 0 0 0 0 0 0 0 0
 179      29 mmcblk0p29 0 0 0 0 0 0 0 0 0 0 0 0 0 0 0
 179      30 mmcblk0p30 0 0 0 0 0 0 0 0 0 0 0 0 0 0 0
 179      31 mmcblk0p31 0 0 0 0 0 0 0 0 0 0 0 0 0 0 0
 259       0 mmcblk0p32 9 0 65 1 0 0 0 0 0 12 0 0 0 0 0
 259       1 mmcblk0p33 0 0 0 0 0 0 0 0 0 0 0 0 0 0 0
 259       2 mmcblk0p34 0 0 0 0 0 0 0 0 0 0 0 0 0 0 0
 259       3 mmcblk0p35 0 0 0 0 0 0 0 0 0 0 0 0 0 0 0
 259       4 mmcblk0p36 0 0 0 0 0 0 0 0 0 0 0 0 0 0 0
 259       5 mmcblk0p37 0 0 0 0 0 0 0 0 0 0 0 0 0 0 0
 259       6 mmcblk0p38 0 0 0 0 0 0 0 0 0 0 0 0 0 0 0
 259       7 mmcblk0p39 0 0 0 0 0 0 0 0 0 0 0 0 0 0 0
 259       8 mmcblk0p40 0 0 0 0 0 0 0 0 0 0 0 0 0 0 0
 259       9 mmcblk0p41 0 0 0 0 0 0 0 0 0 0 0 0 0 0 0
 259      10 mmcblk0p42 0 0 0 0 0 0 0 0 0 0 0 0 0 0 0
 259      11 mmcblk0p43 0 0 0 0 0 0 0 0 0 0 0 0 0 0 0
 259      12 mmcblk0p44 0 0 0 0 0 0 0 0 0 0 0 0 0 0 0
 259      13 mmcblk0p45 0 0 0 0 0 0 0 0 0 0 0 0 0 0 0
 259      14 mmcblk0p46 0 0 0 0 0 0 0 0 0 0 0 0 0 0 0
 259      15 mmcblk0p47 0 0 0 0 0 0 0 0 0 0 0 0 0 0 0
 259      16 mmcblk0p48 0 0 0 0 0 0 0 0 0 0 0 0 0 0 0
 259      17 mmcblk0p49 0 0 0 0 0 0 0 0 0 0 0 0 0 0 0
 259      18 mmcblk0p50 0 0 0 0 0 0 0 0 0 0 0 0 0 0 0
 259      19 mmcblk0p51 0 0 0 0 0 0 0 0 0 0 0 0 0 0 0
 259      20 mmcblk0p52 0 0 0 0 0 0 0 0 0 0 0 0 0 0 0
 259      21 mmcblk0p53 0 0 0 0 0 0 0 0 0 0 0 0 0 0 0
 259      22 mmcblk0p54 0 0 0 0 0 0 0 0 0 0 0 0 0 0 0
 259      23 mmcblk0p55 0 0 0 0 0 0 0 0 0 0 0 0 0 0 0
 259      24 mmcblk0p56 0 0 0 0 0 0 0 0 0 0 0 0 0 0 0
 259      25 mmcblk0p57 0 0 0 0 0 0 0 0 0 0 0 0 0 0 0
 259      26 mmcblk0p58 0 0 0 0 0 0 0 0 0 0 0 0 0 0 0
 259      27 mmcblk0p59 0 0 0 0 0 0 0 0 0 0 0 0 0 0 0
 259      28 mmcblk0p60 0 0 0 0 0 0 0 0 0 0 0 0 0 0 0
 259      29 mmcblk0p61 0 0 0 0 0 0 0 0 0 0 0 0 0 0 0
 259      30 mmcblk0p62 0 0 0 0 0 0 0 0 0 0 0 0 0 0 0
 259      31 mmcblk0p63 0 0 0 0 0 0 0 0 0 0 0 0 0 0 0
 259      32 mmcblk0p64 0 0 0 0 0 0 0 0 0 0 0 0 0 0 0
 259      33 mmcblk0p65 0 0 0 0 0 0 0 0 0 0 0 0 0 0 0
 259      34 mmcblk0p66 0 0 0 0 0 0 0 0 0 0 0 0 0 0 0
 259      35 mmcblk0p67 1851 1758 140712 1643 0 0 0 0 0 1520 360 0 0 0 0
 259      36 mmcblk0p68 1 0 128 1 0 0 0 0 0 4 0 0 0 0 0
 259      37 mmcblk0p69 0 0 0 0 0 0 0 0 0 0 0 0 0 0 0
 259      38 mmcblk0p70 0 0 0 0 0 0 0 0 0 0 0 0 0 0 0
 259      39 mmcblk0p71 0 0 0 0 0 0 0 0 0 0 0 0 0 0 0
 259      40 mmcblk0p72 47 0 2666 36 5 0 40 12 0 64 16 0 0 0 0
 259      41 mmcblk0p73 1 0 128 1 0 0 0 0 0 4 0 0 0 0 0
 259      42 mmcblk0p74 0 0 0 0 0 0 0 0 0 0 0 0 0 0 0
 259      43 mmcblk0p75 0 0 0 0 0 0 0 0 0 0 0 0 0 0 0
 259      44 mmcblk0p76 0 0 0 0 0 0 0 0 0 0 0 0 0 0 0
 259      45 mmcblk0p77 0 0 0 0 0 0 0 0 0 0 0 0 0 0 0
 259      46 mmcblk0p78 0 0 0 0 0 0 0 0 0 0 0 0 0 0 0
 259      47 mmcblk0p79 0 0 0 0 0 0 0 0 0 0 0 0 0 0 0
 259      48 mmcblk0p80 0 0 0 0 0 0 0 0 0 0 0 0 0 0 0
 253       0 dm-0 169 0 1376 356 0 0 0 0 0 72 356 0 0 0 0
 253       1 dm-1 4782 0 548096 7800 0 0 0 0 0 4368 7800 0 0 0 0
 253       2 dm-2 1352 0 84384 1532 0 0 0 0 0 1772 1532 0 0 0 0
 253       3 dm-3 2458 0 250360 5328 0 0 0 0 1 3160 5328 0 0 0 0
 253       4 dm-4 3384 0 536912 10792 0 0 0 0 0 4444 10792 0 0 0 0
 253       5 dm-5 1033 0 81832 2052 0 0 0 0 0 1852 2052 0 0 0 0
 253       6 dm-6 1772 0 244872 6592 0 0 0 0 1 3244 6592 0 0 0 0
 253       7 dm-7 40 0 344 44 0 0 0 0 0 76 44 0 0 0 0
   7     128 loop16 12 0 144 16 0 0 0 0 0 44 8 0 0 0 0
   7     136 loop17 27 0 216 27 0 0 0 0 0 32 0 0 0 0 0
   7     144 loop18 12 0 120 14 0 0 0 0 0 40 4 0 0 0 0
   7     152 loop19 24 0 192 26 0 0 0 0 0 28 0 0 0 0 0
   7     160 loop20 17 0 280 11 0 0 0 0 0 48 4 0 0 0 0
   7     168 loop21 20 0 1024 9 0 0 0 0 0 56 0 0 0 0 0
   7     176 loop22 12 0 96 6 0 0 0 0 0 40 0 0 0 0 0
   7     184 loop23 67 0 6152 51 0 0 0 0 0 136 0 0 0 0 0
   7     192 loop24 21 1 576 15 0 0 0 0 0 56 4 0 0 0 0
   7     200 loop25 31 0 1224 13 0 0 0 0 0 60 0 0 0 0 0
   7     208 loop26 11 0 88 4 0 0 0 0 0 20 0 0 0 0 0
   7     216 loop27 9 0 72 4 0 0 0 0 0 20 0 0 0 0 0
   7     224 loop28 18 0 408 8 0 0 0 0 0 64 0 0 0 0 0
   7     232 loop29 25 0 864 16 0 0 0 0 0 44 0 0 0 0 0
   7     240 loop30 21 0 504 11 0 0 0 0 0 56 0 0 0 0 0
   7     248 loop31 29 0 1336 14 0 0 0 0 0 72 0 0 0 0 0
   7     256 loop32 51 0 6560 51 0 0 0 0 0 120 4 0 0 0 0
   7     264 loop33 31 1 1888 17 0 0 0 0 0 64 0 0 0 0 0
   7     272 loop34 24 0 736 10 0 0 0 0 0 60 0 0 0 0 0
   7     280 loop35 22 0 648 9 0 0 0 0 0 48 0 0 0 0 0
   7     288 loop36 72 0 9048 123 0 0 0 0 0 140 44 0 0 0 0
   7     296 loop37 17 0 224 6 0 0 0 0 0 40 0 0 0 0 0
   7     304 loop38 103 1 6400 84 0 0 0 0 0 224 8 0 0 0 0
   7     312 loop39 18 0 144 7 0 0 0 0 0 24 0 0 0 0 0
 253       8 dm-8 0 0 0 0 0 0 0 0 0 0 0 0 0 0 0
 253       9 dm-9 19 0 696 12 0 0 0 0 0 56 12 0 0 0 0
 253      10 dm-10 88 0 6272 116 0 0 0 0 0 228 116 0 0 0 0
 253      11 dm-11 431 0 63840 780 0 0 0 0 0 948 780 0 0 0 0
 253      12 dm-12 0 0 0 0 0 0 0 0 0 0 0 0 0 0 0
 253      13 dm-13 23 0 1816 20 0 0 0 0 0 64 20 0 0 0 0
 253      14 dm-14 0 0 0 0 0 0 0 0 0 0 0 0 0 0 0
 253      15 dm-15 17 0 608 0 0 0 0 0 0 44 0 0 0 0 0
 253      16 dm-16 0 0 0 0 0 0 0 0 0 0 0 0 0 0 0
 253      17 dm-17 0 0 0 0 0 0 0 0 0 0 0 0 0 0 0
 253      18 dm-18 40 0 6472 48 0 0 0 0 0 112 48 0 0 0 0
 253      19 dm-19 17 0 800 32 0 0 0 0 0 36 32 0 0 0 0
 253      20 dm-20 14 0 112 0 0 0 0 0 0 16 0 0 0 0 0
 253      21 dm-21 16 0 464 8 0 0 0 0 0 52 8 0 0 0 0
 253      22 dm-22 16 0 392 88 0 0 0 0 0 68 88 0 0 0 0
 253      23 dm-23 0 0 0 0 0 0 0 0 0 0 0 0 0 0 0
 253      24 dm-24 15 0 208 4 0 0 0 0 0 36 4 0 0 0 0
 253      25 dm-25 5 0 40 8 0 0 0 0 0 20 8 0 0 0 0
 253      26 dm-26 7 0 56 8 0 0 0 0 0 16 8 0 0 0 0
 253      27 dm-27 0 0 0 0 0 0 0 0 0 0 0 0 0 0 0
 253      28 dm-28 26 0 1184 16 0 0 0 0 0 56 16 0 0 0 0
 253      29 dm-29 0 0 0 0 0 0 0 0 0 0 0 0 0 0 0
 253      30 dm-30 0 0 0 0 0 0 0 0 0 0 0 0 0 0 0
 253      31 dm-31 0 0 0 0 0 0 0 0 0 0 0 0 0 0 0
 253      32 dm-32 24 0 1296 16 0 0 0 0 0 68 16 0 0 0 0
 253      33 dm-33 0 0 0 0 0 0 0 0 0 0 0 0 0 0 0
 253      34 dm-34 16 0 528 20 0 0 0 0 0 56 20 0 0 0 0
 253      35 dm-35 8 0 64 24 0 0 0 0 0 36 24 0 0 0 0
 253      36 dm-36 57 0 6072 96 0 0 0 0 0 136 96 0 0 0 0
 253      37 dm-37 0 0 0 0 0 0 0 0 0 0 0 0 0 0 0
 253      38 dm-38 16 0 992 12 0 0 0 0 0 60 12 0 0 0 0
 253      39 dm-39 13 0 248 12 0 0 0 0 0 44 12 0 0 0 0
 253      40 dm-40 0 0 0 0 0 0 0 0 0 0 0 0 0 0 0
 253      41 dm-41 0 0 0 0 0 0 0 0 0 0 0 0 0 0 0
 253      42 dm-42 0 0 0 0 0 0 0 0 0 0 0 0 0 0 0
 253      43 dm-43 1887 0 109512 2948 71 0 1144 116 0 2176 3064 0 0 0 0

1384
   1       0 ram0 0 0 0 0 0 0 0 0 0 0 0 0 0 0 0
   1       1 ram1 0 0 0 0 0 0 0 0 0 0 0 0 0 0 0
   1       2 ram2 0 0 0 0 0 0 0 0 0 0 0 0 0 0 0
   1       3 ram3 0 0 0 0 0 0 0 0 0 0 0 0 0 0 0
   1       4 ram4 0 0 0 0 0 0 0 0 0 0 0 0 0 0 0
   1       5 ram5 0 0 0 0 0 0 0 0 0 0 0 0 0 0 0
   1       6 ram6 0 0 0 0 0 0 0 0 0 0 0 0 0 0 0
   1       7 ram7 0 0 0 0 0 0 0 0 0 0 0 0 0 0 0
   1       8 ram8 0 0 0 0 0 0 0 0 0 0 0 0 0 0 0
   1       9 ram9 0 0 0 0 0 0 0 0 0 0 0 0 0 0 0
   1      10 ram10 0 0 0 0 0 0 0 0 0 0 0 0 0 0 0
   1      11 ram11 0 0 0 0 0 0 0 0 0 0 0 0 0 0 0
   1      12 ram12 0 0 0 0 0 0 0 0 0 0 0 0 0 0 0
   1      13 ram13 0 0 0 0 0 0 0 0 0 0 0 0 0 0 0
   1      14 ram14 0 0 0 0 0 0 0 0 0 0 0 0 0 0 0
   1      15 ram15 0 0 0 0 0 0 0 0 0 0 0 0 0 0 0
   7       0 loop0 183 0 16168 352 0 0 0 0 0 344 116 0 0 0 0
   7       8 loop1 70 0 9008 122 0 0 0 0 0 136 32 0 0 0 0
   7      16 loop2 27 0 216 13 0 0 0 0 0 32 0 0 0 0 0
   7      24 loop3 12 0 296 8 0 0 0 0 0 32 0 0 0 0 0
   7      32 loop4 36 1 3040 29 0 0 0 0 0 56 0 0 0 0 0
   7      40 loop5 193 1 23968 296 0 0 0 0 0 404 60 0 0 0 0
   7      48 loop6 16 0 712 14 0 0 0 0 0 44 0 0 0 0 0
   7      56 loop7 20 0 1232 15 0 0 0 0 0 76 0 0 0 0 0
   7      64 loop8 25 0 1408 16 0 0 0 0 0 96 0 0 0 0 0
   7      72 loop9 534 4 51064 1340 0 0 0 0 0 1224 560 0 0 0 0
   7      80 loop10 24 0 192 17 0 0 0 0 0 28 0 0 0 0 0
   7      88 loop11 16 0 256 10 0 0 0 0 0 56 0 0 0 0 0
   7      96 loop12 514 3 64528 421 0 0 0 0 0 900 4 0 0 0 0
   7     104 loop13 27 0 216 48 0 0 0 0 0 44 8 0 0 0 0
   7     112 loop14 12 0 240 7 0 0 0 0 0 36 0 0 0 0 0
   7     120 loop15 48 0 4320 139 0 0 0 0 0 204 76 0 0 0 0
 254       0 zram0 0 0 0 0 0 0 0 0 0 0 0 0 0 0 0
 179       0 mmcblk0 2020 1821 144350 1721 12 0 48 14 0 1592 376 0 0 0 0
 179       1 mmcblk0p1 0 0 0 0 0 0 0 0 0 0 0 0 0 0 0
 179       2 mmcblk0p2 0 0 0 0 0 0 0 0 0 0 0 0 0 0 0
 179       3 mmcblk0p3 0 0 0 0 0 0 0 0 0 0 0 0 0 0 0
 179       4 mmcblk0p4 16 0 146 3 1 0 8 0 0 12 0 0 0 0 0
 179       5 mmcblk0p5 0 0 0 0 0 0 0 0 0 0 0 0 0 0 0
 179       6 mmcblk0p6 0 0 0 0 0 0 0 0 0 0 0 0 0 0 0
 179       7 mmcblk0p7 0 0 0 0 0 0 0 0 0 0 0 0 0 0 0
 179       8 mmcblk0p8 0 0 0 0 0 0 0 0 0 0 0 0 0 0 0
 179       9 mmcblk0p9 0 0 0 0 0 0 0 0 0 0 0 0 0 0 0
 179      10 mmcblk0p10 0 0 0 0 0 0 0 0 0 0 0 0 0 0 0
 179      11 mmcblk0p11 0 0 0 0 0 0 0 0 0 0 0 0 0 0 0
 179      12 mmcblk0p12 0 0 0 0 0 0 0 0 0 0 0 0 0 0 0
 179      13 mmcblk0p13 0 0 0 0 0 0 0 0 0 0 0 0 0 0 0
 179      14 mmcblk0p14 0 0 0 0 0 0 0 0 0 0 0 0 0 0 0
 179      15 mmcblk0p15 0 0 0 0 0 0 0 0 0 0 0 0 0 0 0
 179      16 mmcblk0p16 0 0 0 0 0 0 0 0 0 0 0 0 0 0 0
 179      17 mmcblk0p17 0 0 0 0 0 0 0 0 0 0 0 0 0 0 0
 179      18 mmcblk0p18 0 0 0 0 0 0 0 0 0 0 0 0 0 0 0
 179      19 mmcblk0p19 0 0 0 0 0 0 0 0 0 0 0 0 0 0 0
 179      20 mmcblk0p20 0 0 0 0 0 0 0 0 0 0 0 0 0 0 0
 179      21 mmcblk0p21 54 57 111 17 0 0 0 0 0 28 0 0 0 0 0
 179      22 mmcblk0p22 0 0 0 0 0 0 0 0 0 0 0 0 0 0 0
 179      23 mmcblk0p23 33 6 330 14 0 0 0 0 0 12 0 0 0 0 0
 179      24 mmcblk0p24 0 0 0 0 0 0 0 0 0 0 0 0 0 0 0
 179      25 mmcblk0p25 0 0 0 0 0 0 0 0 0 0 0 0 0 0 0
 179      26 mmcblk0p26 0 0 0 0 0 0 0 0 0 0 0 0 0 0 0
 179      27 mmcblk0p27 0 0 0 0 0 0 0 0 0 0 0 0 0 0 0
 179      28 mmcblk0p28 0 0 0 0 0 0 0 0 0 0 0 0 0 0 0
 179      29 mmcblk0p29 0 0 0 0 0 0 0 0 0 0 0 0 0 0 0
 179      30 mmcblk0p30 0 0 0 0 0 0 0 0 0 0 0 0 0 0 0
 179      31 mmcblk0p31 0 0 0 0 0 0 0 0 0 0 0 0 0 0 0
 259       0 mmcblk0p32 9 0 65 1 0 0 0 0 0 12 0 0 0 0 0
 259       1 mmcblk0p33 0 0 0 0 0 0 0 0 0 0 0 0 0 0 0
 259       2 mmcblk0p34 0 0 0 0 0 0 0 0 0 0 0 0 0 0 0
 259       3 mmcblk0p35 0 0 0 0 0 0 0 0 0 0 0 0 0 0 0
 259       4 mmcblk0p36 0 0 0 0 0 0 0 0 0 0 0 0 0 0 0
 259       5 mmcblk0p37 0 0 0 0 0 0 0 0 0 0 0 0 0 0 0
 259       6 mmcblk0p38 0 0 0 0 0 0 0 0 0 0 0 0 0 0 0
 259       7 mmcblk0p39 0 0 0 0 0 0 0 0 0 0 0 0 0 0 0
 259       8 mmcblk0p40 0 0 0 0 0 0 0 0 0 0 0 0 0 0 0
 259       9 mmcblk0p41 0 0 0 0 0 0 0 0 0 0 0 0 0 0 0
 259      10 mmcblk0p42 0 0 0 0 0 0 0 0 0 0 0 0 0 0 0
 259      11 mmcblk0p43 0 0 0 0 0 0 0 0 0 0 0 0 0 0 0
 259      12 mmcblk0p44 0 0 0 0 0 0 0 0 0 0 0 0 0 0 0
 259      13 mmcblk0p45 0 0 0 0 0 0 0 0 0 0 0 0 0 0 0
 259      14 mmcblk0p46 0 0 0 0 0 0 0 0 0 0 0 0 0 0 0
 259      15 mmcblk0p47 0 0 0 0 0 0 0 0 0 0 0 0 0 0 0
 259      16 mmcblk0p48 0 0 0 0 0 0 0 0 0 0 0 0 0 0 0
 259      17 mmcblk0p49 0 0 0 0 0 0 0 0 0 0 0 0 0 0 0
 259      18 mmcblk0p50 0 0 0 0 0 0 0 0 0 0 0 0 0 0 0
 259      19 mmcblk0p51 0 0 0 0 0 0 0 0 0 0 0 0 0 0 0
 259      20 mmcblk0p52 0 0 0 0 0 0 0 0 0 0 0 0 0 0 0
 259      21 mmcblk0p53 0 0 0 0 0 0 0 0 0 0 0 0 0 0 0
 259      22 mmcblk0p54 0 0 0 0 0 0 0 0 0 0 0 0 0 0 0
 259      23 mmcblk0p55 0 0 0 0 0 0 0 0 0 0 0 0 0 0 0
 259      24 mmcblk0p56 0 0 0 0 0 0 0 0 0 0 0 0 0 0 0
 259      25 mmcblk0p57 0 0 0 0 0 0 0 0 0 0 0 0 0 0 0
 259      26 mmcblk0p58 0 0 0 0 0 0 0 0 0 0 0 0 0 0 0
 259      27 mmcblk0p59 0 0 0 0 0 0 0 0 0 0 0 0 0 0 0
 259      28 mmcblk0p60 0 0 0 0 0 0 0 0 0 0 0 0 0 0 0
 259      29 mmcblk0p61 0 0 0 0 0 0 0 0 0 0 0 0 0 0 0
 259      30 mmcblk0p62 0 0 0 0 0 0 0 0 0 0 0 0 0 0 0
 259      31 mmcblk0p63 0 0 0 0 0 0 0 0 0 0 0 0 0 0 0
 259      32 mmcblk0p64 0 0 0 0 0 0 0 0 0 0 0 0 0 0 0
 259      33 mmcblk0p65 0 0 0 0 0 0 0 0 0 0 0 0 0 0 0
 259      34 mmcblk0p66 0 0 0 0 0 0 0 0 0 0 0 0 0 0 0
 259      35 mmcblk0p67 1851 1758 140712 1643 0 0 0 0 0 1520 360 0 0 0 0
 259      36 mmcblk0p68 1 0 128 1 0 0 0 0 0 4 0 0 0 0 0
 259      37 mmcblk0p69 0 0 0 0 0 0 0 0 0 0 0 0 0 0 0
 259      38 mmcblk0p70 0 0 0 0 0 0 0 0 0 0 0 0 0 0 0
 259      39 mmcblk0p71 0 0 0 0 0 0 0 0 0 0 0 0 0 0 0
 259      40 mmcblk0p72 47 0 2666 36 5 0 40 12 0 64 16 0 0 0 0
 259      41 mmcblk0p73 1 0 128 1 0 0 0 0 0 4 0 0 0 0 0
 259      42 mmcblk0p74 0 0 0 0 0 0 0 0 0 0 0 0 0 0 0
 259      43 mmcblk0p75 0 0 0 0 0 0 0 0 0 0 0 0 0 0 0
 259      44 mmcblk0p76 0 0 0 0 0 0 0 0 0 0 0 0 0 0 0
 259      45 mmcblk0p77 0 0 0 0 0 0 0 0 0 0 0 0 0 0 0
 259      46 mmcblk0p78 0 0 0 0 0 0 0 0 0 0 0 0 0 0 0
 259      47 mmcblk0p79 0 0 0 0 0 0 0 0 0 0 0 0 0 0 0
 259      48 mmcblk0p80 0 0 0 0 0 0 0 0 0 0 0 0 0 0 0
 253       0 dm-0 169 0 1376 356 0 0 0 0 0 72 356 0 0 0 0
 253       1 dm-1 4797 0 552384 7820 0 0 0 0 0 4408 7820 0 0 0 0
 253       2 dm-2 1353 0 84392 1532 0 0 0 0 0 1776 1532 0 0 0 0
 253       3 dm-3 2479 0 254824 5332 0 0 0 0 0 3232 5332 0 0 0 0
 253       4 dm-4 3396 0 541176 10816 0 0 0 0 0 4484 10816 0 0 0 0
 253       5 dm-5 1034 0 81840 2052 0 0 0 0 0 1856 2052 0 0 0 0
 253       6 dm-6 1792 0 249328 6624 0 0 0 0 0 3328 6624 0 0 0 0
 253       7 dm-7 40 0 344 44 0 0 0 0 0 76 44 0 0 0 0
   7     128 loop16 12 0 144 16 0 0 0 0 0 44 8 0 0 0 0
   7     136 loop17 27 0 216 27 0 0 0 0 0 32 0 0 0 0 0
   7     144 loop18 12 0 120 14 0 0 0 0 0 40 4 0 0 0 0
   7     152 loop19 24 0 192 26 0 0 0 0 0 28 0 0 0 0 0
   7     160 loop20 17 0 280 11 0 0 0 0 0 48 4 0 0 0 0
   7     168 loop21 20 0 1024 9 0 0 0 0 0 56 0 0 0 0 0
   7     176 loop22 12 0 96 6 0 0 0 0 0 40 0 0 0 0 0
   7     184 loop23 67 0 6152 51 0 0 0 0 0 136 0 0 0 0 0
   7     192 loop24 21 1 576 15 0 0 0 0 0 56 4 0 0 0 0
   7     200 loop25 31 0 1224 13 0 0 0 0 0 60 0 0 0 0 0
   7     208 loop26 11 0 88 4 0 0 0 0 0 20 0 0 0 0 0
   7     216 loop27 9 0 72 4 0 0 0 0 0 20 0 0 0 0 0
   7     224 loop28 18 0 408 8 0 0 0 0 0 64 0 0 0 0 0
   7     232 loop29 25 0 864 16 0 0 0 0 0 44 0 0 0 0 0
   7     240 loop30 21 0 504 11 0 0 0 0 0 56 0 0 0 0 0
   7     248 loop31 29 0 1336 14 0 0 0 0 0 72 0 0 0 0 0
   7     256 loop32 51 0 6560 51 0 0 0 0 0 120 4 0 0 0 0
   7     264 loop33 31 1 1888 17 0 0 0 0 0 64 0 0 0 0 0
   7     272 loop34 24 0 736 10 0 0 0 0 0 60 0 0 0 0 0
   7     280 loop35 22 0 648 9 0 0 0 0 0 48 0 0 0 0 0
   7     288 loop36 72 0 9048 123 0 0 0 0 0 140 44 0 0 0 0
   7     296 loop37 17 0 224 6 0 0 0 0 0 40 0 0 0 0 0
   7     304 loop38 103 1 6400 84 0 0 0 0 0 224 8 0 0 0 0
   7     312 loop39 18 0 144 7 0 0 0 0 0 24 0 0 0 0 0
 253       8 dm-8 0 0 0 0 0 0 0 0 0 0 0 0 0 0 0
 253       9 dm-9 19 0 696 12 0 0 0 0 0 56 12 0 0 0 0
 253      10 dm-10 88 0 6272 116 0 0 0 0 0 228 116 0 0 0 0
 253      11 dm-11 431 0 63840 780 0 0 0 0 0 948 780 0 0 0 0
 253      12 dm-12 0 0 0 0 0 0 0 0 0 0 0 0 0 0 0
 253      13 dm-13 23 0 1816 20 0 0 0 0 0 64 20 0 0 0 0
 253      14 dm-14 0 0 0 0 0 0 0 0 0 0 0 0 0 0 0
 253      15 dm-15 17 0 608 0 0 0 0 0 0 44 0 0 0 0 0
 253      16 dm-16 0 0 0 0 0 0 0 0 0 0 0 0 0 0 0
 253      17 dm-17 0 0 0 0 0 0 0 0 0 0 0 0 0 0 0
 253      18 dm-18 40 0 6472 48 0 0 0 0 0 112 48 0 0 0 0
 253      19 dm-19 17 0 800 32 0 0 0 0 0 36 32 0 0 0 0
 253      20 dm-20 14 0 112 0 0 0 0 0 0 16 0 0 0 0 0
 253      21 dm-21 16 0 464 8 0 0 0 0 0 52 8 0 0 0 0
 253      22 dm-22 16 0 392 88 0 0 0 0 0 68 88 0 0 0 0
 253      23 dm-23 0 0 0 0 0 0 0 0 0 0 0 0 0 0 0
 253      24 dm-24 15 0 208 4 0 0 0 0 0 36 4 0 0 0 0
 253      25 dm-25 5 0 40 8 0 0 0 0 0 20 8 0 0 0 0
 253      26 dm-26 7 0 56 8 0 0 0 0 0 16 8 0 0 0 0
 253      27 dm-27 0 0 0 0 0 0 0 0 0 0 0 0 0 0 0
 253      28 dm-28 26 0 1184 16 0 0 0 0 0 56 16 0 0 0 0
 253      29 dm-29 0 0 0 0 0 0 0 0 0 0 0 0 0 0 0
 253      30 dm-30 0 0 0 0 0 0 0 0 0 0 0 0 0 0 0
 253      31 dm-31 0 0 0 0 0 0 0 0 0 0 0 0 0 0 0
 253      32 dm-32 24 0 1296 16 0 0 0 0 0 68 16 0 0 0 0
 253      33 dm-33 0 0 0 0 0 0 0 0 0 0 0 0 0 0 0
 253      34 dm-34 16 0 528 20 0 0 0 0 0 56 20 0 0 0 0
 253      35 dm-35 8 0 64 24 0 0 0 0 0 36 24 0 0 0 0
 253      36 dm-36 57 0 6072 96 0 0 0 0 0 136 96 0 0 0 0
 253      37 dm-37 0 0 0 0 0 0 0 0 0 0 0 0 0 0 0
 253      38 dm-38 16 0 992 12 0 0 0 0 0 60 12 0 0 0 0
 253      39 dm-39 13 0 248 12 0 0 0 0 0 44 12 0 0 0 0
 253      40 dm-40 0 0 0 0 0 0 0 0 0 0 0 0 0 0 0
 253      41 dm-41 0 0 0 0 0 0 0 0 0 0 0 0 0 0 0
 253      42 dm-42 0 0 0 0 0 0 0 0 0 0 0 0 0 0 0
 253      43 dm-43 1890 0 109536 2948 71 0 1144 116 0 2180 3064 0 0 0 0

1437
   1       0 ram0 0 0 0 0 0 0 0 0 0 0 0 0 0 0 0
   1       1 ram1 0 0 0 0 0 0 0 0 0 0 0 0 0 0 0
   1       2 ram2 0 0 0 0 0 0 0 0 0 0 0 0 0 0 0
   1       3 ram3 0 0 0 0 0 0 0 0 0 0 0 0 0 0 0
   1       4 ram4 0 0 0 0 0 0 0 0 0 0 0 0 0 0 0
   1       5 ram5 0 0 0 0 0 0 0 0 0 0 0 0 0 0 0
   1       6 ram6 0 0 0 0 0 0 0 0 0 0 0 0 0 0 0
   1       7 ram7 0 0 0 0 0 0 0 0 0 0 0 0 0 0 0
   1       8 ram8 0 0 0 0 0 0 0 0 0 0 0 0 0 0 0
   1       9 ram9 0 0 0 0 0 0 0 0 0 0 0 0 0 0 0
   1      10 ram10 0 0 0 0 0 0 0 0 0 0 0 0 0 0 0
   1      11 ram11 0 0 0 0 0 0 0 0 0 0 0 0 0 0 0
   1      12 ram12 0 0 0 0 0 0 0 0 0 0 0 0 0 0 0
   1      13 ram13 0 0 0 0 0 0 0 0 0 0 0 0 0 0 0
   1      14 ram14 0 0 0 0 0 0 0 0 0 0 0 0 0 0 0
   1      15 ram15 0 0 0 0 0 0 0 0 0 0 0 0 0 0 0
   7       0 loop0 183 0 16168 352 0 0 0 0 0 344 116 0 0 0 0
   7       8 loop1 70 0 9008 122 0 0 0 0 0 136 32 0 0 0 0
   7      16 loop2 27 0 216 13 0 0 0 0 0 32 0 0 0 0 0
   7      24 loop3 12 0 296 8 0 0 0 0 0 32 0 0 0 0 0
   7      32 loop4 36 1 3040 29 0 0 0 0 0 56 0 0 0 0 0
   7      40 loop5 193 1 23968 296 0 0 0 0 0 404 60 0 0 0 0
   7      48 loop6 16 0 712 14 0 0 0 0 0 44 0 0 0 0 0
   7      56 loop7 20 0 1232 15 0 0 0 0 0 76 0 0 0 0 0
   7      64 loop8 25 0 1408 16 0 0 0 0 0 96 0 0 0 0 0
   7      72 loop9 535 4 51072 1345 0 0 0 0 0 1232 564 0 0 0 0
   7      80 loop10 24 0 192 17 0 0 0 0 0 28 0 0 0 0 0
   7      88 loop11 16 0 256 10 0 0 0 0 0 56 0 0 0 0 0
   7      96 loop12 514 3 64528 421 0 0 0 0 0 900 4 0 0 0 0
   7     104 loop13 27 0 216 48 0 0 0 0 0 44 8 0 0 0 0
   7     112 loop14 12 0 240 7 0 0 0 0 0 36 0 0 0 0 0
   7     120 loop15 48 0 4320 139 0 0 0 0 0 204 76 0 0 0 0
 254       0 zram0 0 0 0 0 0 0 0 0 0 0 0 0 0 0 0
 179       0 mmcblk0 2020 1821 144350 1721 12 0 48 14 0 1592 376 0 0 0 0
 179       1 mmcblk0p1 0 0 0 0 0 0 0 0 0 0 0 0 0 0 0
 179       2 mmcblk0p2 0 0 0 0 0 0 0 0 0 0 0 0 0 0 0
 179       3 mmcblk0p3 0 0 0 0 0 0 0 0 0 0 0 0 0 0 0
 179       4 mmcblk0p4 16 0 146 3 1 0 8 0 0 12 0 0 0 0 0
 179       5 mmcblk0p5 0 0 0 0 0 0 0 0 0 0 0 0 0 0 0
 179       6 mmcblk0p6 0 0 0 0 0 0 0 0 0 0 0 0 0 0 0
 179       7 mmcblk0p7 0 0 0 0 0 0 0 0 0 0 0 0 0 0 0
 179       8 mmcblk0p8 0 0 0 0 0 0 0 0 0 0 0 0 0 0 0
 179       9 mmcblk0p9 0 0 0 0 0 0 0 0 0 0 0 0 0 0 0
 179      10 mmcblk0p10 0 0 0 0 0 0 0 0 0 0 0 0 0 0 0
 179      11 mmcblk0p11 0 0 0 0 0 0 0 0 0 0 0 0 0 0 0
 179      12 mmcblk0p12 0 0 0 0 0 0 0 0 0 0 0 0 0 0 0
 179      13 mmcblk0p13 0 0 0 0 0 0 0 0 0 0 0 0 0 0 0
 179      14 mmcblk0p14 0 0 0 0 0 0 0 0 0 0 0 0 0 0 0
 179      15 mmcblk0p15 0 0 0 0 0 0 0 0 0 0 0 0 0 0 0
 179      16 mmcblk0p16 0 0 0 0 0 0 0 0 0 0 0 0 0 0 0
 179      17 mmcblk0p17 0 0 0 0 0 0 0 0 0 0 0 0 0 0 0
 179      18 mmcblk0p18 0 0 0 0 0 0 0 0 0 0 0 0 0 0 0
 179      19 mmcblk0p19 0 0 0 0 0 0 0 0 0 0 0 0 0 0 0
 179      20 mmcblk0p20 0 0 0 0 0 0 0 0 0 0 0 0 0 0 0
 179      21 mmcblk0p21 54 57 111 17 0 0 0 0 0 28 0 0 0 0 0
 179      22 mmcblk0p22 0 0 0 0 0 0 0 0 0 0 0 0 0 0 0
 179      23 mmcblk0p23 33 6 330 14 0 0 0 0 0 12 0 0 0 0 0
 179      24 mmcblk0p24 0 0 0 0 0 0 0 0 0 0 0 0 0 0 0
 179      25 mmcblk0p25 0 0 0 0 0 0 0 0 0 0 0 0 0 0 0
 179      26 mmcblk0p26 0 0 0 0 0 0 0 0 0 0 0 0 0 0 0
 179      27 mmcblk0p27 0 0 0 0 0 0 0 0 0 0 0 0 0 0 0
 179      28 mmcblk0p28 0 0 0 0 0 0 0 0 0 0 0 0 0 0 0
 179      29 mmcblk0p29 0 0 0 0 0 0 0 0 0 0 0 0 0 0 0
 179      30 mmcblk0p30 0 0 0 0 0 0 0 0 0 0 0 0 0 0 0
 179      31 mmcblk0p31 0 0 0 0 0 0 0 0 0 0 0 0 0 0 0
 259       0 mmcblk0p32 9 0 65 1 0 0 0 0 0 12 0 0 0 0 0
 259       1 mmcblk0p33 0 0 0 0 0 0 0 0 0 0 0 0 0 0 0
 259       2 mmcblk0p34 0 0 0 0 0 0 0 0 0 0 0 0 0 0 0
 259       3 mmcblk0p35 0 0 0 0 0 0 0 0 0 0 0 0 0 0 0
 259       4 mmcblk0p36 0 0 0 0 0 0 0 0 0 0 0 0 0 0 0
 259       5 mmcblk0p37 0 0 0 0 0 0 0 0 0 0 0 0 0 0 0
 259       6 mmcblk0p38 0 0 0 0 0 0 0 0 0 0 0 0 0 0 0
 259       7 mmcblk0p39 0 0 0 0 0 0 0 0 0 0 0 0 0 0 0
 259       8 mmcblk0p40 0 0 0 0 0 0 0 0 0 0 0 0 0 0 0
 259       9 mmcblk0p41 0 0 0 0 0 0 0 0 0 0 0 0 0 0 0
 259      10 mmcblk0p42 0 0 0 0 0 0 0 0 0 0 0 0 0 0 0
 259      11 mmcblk0p43 0 0 0 0 0 0 0 0 0 0 0 0 0 0 0
 259      12 mmcblk0p44 0 0 0 0 0 0 0 0 0 0 0 0 0 0 0
 259      13 mmcblk0p45 0 0 0 0 0 0 0 0 0 0 0 0 0 0 0
 259      14 mmcblk0p46 0 0 0 0 0 0 0 0 0 0 0 0 0 0 0
 259      15 mmcblk0p47 0 0 0 0 0 0 0 0 0 0 0 0 0 0 0
 259      16 mmcblk0p48 0 0 0 0 0 0 0 0 0 0 0 0 0 0 0
 259      17 mmcblk0p49 0 0 0 0 0 0 0 0 0 0 0 0 0 0 0
 259      18 mmcblk0p50 0 0 0 0 0 0 0 0 0 0 0 0 0 0 0
 259      19 mmcblk0p51 0 0 0 0 0 0 0 0 0 0 0 0 0 0 0
 259      20 mmcblk0p52 0 0 0 0 0 0 0 0 0 0 0 0 0 0 0
 259      21 mmcblk0p53 0 0 0 0 0 0 0 0 0 0 0 0 0 0 0
 259      22 mmcblk0p54 0 0 0 0 0 0 0 0 0 0 0 0 0 0 0
 259      23 mmcblk0p55 0 0 0 0 0 0 0 0 0 0 0 0 0 0 0
 259      24 mmcblk0p56 0 0 0 0 0 0 0 0 0 0 0 0 0 0 0
 259      25 mmcblk0p57 0 0 0 0 0 0 0 0 0 0 0 0 0 0 0
 259      26 mmcblk0p58 0 0 0 0 0 0 0 0 0 0 0 0 0 0 0
 259      27 mmcblk0p59 0 0 0 0 0 0 0 0 0 0 0 0 0 0 0
 259      28 mmcblk0p60 0 0 0 0 0 0 0 0 0 0 0 0 0 0 0
 259      29 mmcblk0p61 0 0 0 0 0 0 0 0 0 0 0 0 0 0 0
 259      30 mmcblk0p62 0 0 0 0 0 0 0 0 0 0 0 0 0 0 0
 259      31 mmcblk0p63 0 0 0 0 0 0 0 0 0 0 0 0 0 0 0
 259      32 mmcblk0p64 0 0 0 0 0 0 0 0 0 0 0 0 0 0 0
 259      33 mmcblk0p65 0 0 0 0 0 0 0 0 0 0 0 0 0 0 0
 259      34 mmcblk0p66 0 0 0 0 0 0 0 0 0 0 0 0 0 0 0
 259      35 mmcblk0p67 1851 1758 140712 1643 0 0 0 0 0 1520 360 0 0 0 0
 259      36 mmcblk0p68 1 0 128 1 0 0 0 0 0 4 0 0 0 0 0
 259      37 mmcblk0p69 0 0 0 0 0 0 0 0 0 0 0 0 0 0 0
 259      38 mmcblk0p70 0 0 0 0 0 0 0 0 0 0 0 0 0 0 0
 259      39 mmcblk0p71 0 0 0 0 0 0 0 0 0 0 0 0 0 0 0
 259      40 mmcblk0p72 47 0 2666 36 5 0 40 12 0 64 16 0 0 0 0
 259      41 mmcblk0p73 1 0 128 1 0 0 0 0 0 4 0 0 0 0 0
 259      42 mmcblk0p74 0 0 0 0 0 0 0 0 0 0 0 0 0 0 0
 259      43 mmcblk0p75 0 0 0 0 0 0 0 0 0 0 0 0 0 0 0
 259      44 mmcblk0p76 0 0 0 0 0 0 0 0 0 0 0 0 0 0 0
 259      45 mmcblk0p77 0 0 0 0 0 0 0 0 0 0 0 0 0 0 0
 259      46 mmcblk0p78 0 0 0 0 0 0 0 0 0 0 0 0 0 0 0
 259      47 mmcblk0p79 0 0 0 0 0 0 0 0 0 0 0 0 0 0 0
 259      48 mmcblk0p80 0 0 0 0 0 0 0 0 0 0 0 0 0 0 0
 253       0 dm-0 219 0 2432 364 0 0 0 0 0 136 364 0 0 0 0
 253       1 dm-1 4911 0 575864 7948 0 0 0 0 1 4660 7948 0 0 0 0
 253       2 dm-2 1354 0 84400 1532 0 0 0 0 0 1780 1532 0 0 0 0
 253       3 dm-3 2516 0 263560 5364 0 0 0 0 1 3360 5364 0 0 0 0
 253       4 dm-4 3491 0 564504 11096 0 0 0 0 1 4748 11096 0 0 0 0
 253       5 dm-5 1035 0 81848 2056 0 0 0 0 0 1864 2056 0 0 0 0
 253       6 dm-6 1827 0 258048 6752 0 0 0 0 2 3468 6752 0 0 0 0
 253       7 dm-7 87 0 1376 68 0 0 0 0 0 140 68 0 0 0 0
   7     128 loop16 12 0 144 16 0 0 0 0 0 44 8 0 0 0 0
   7     136 loop17 27 0 216 27 0 0 0 0 0 32 0 0 0 0 0
   7     144 loop18 12 0 120 14 0 0 0 0 0 40 4 0 0 0 0
   7     152 loop19 24 0 192 26 0 0 0 0 0 28 0 0 0 0 0
   7     160 loop20 17 0 280 11 0 0 0 0 0 48 4 0 0 0 0
   7     168 loop21 20 0 1024 9 0 0 0 0 0 56 0 0 0 0 0
   7     176 loop22 12 0 96 6 0 0 0 0 0 40 0 0 0 0 0
   7     184 loop23 79 0 7056 59 0 0 0 0 1 172 0 0 0 0 0
   7     192 loop24 21 1 576 15 0 0 0 0 0 56 4 0 0 0 0
   7     200 loop25 31 0 1224 13 0 0 0 0 0 60 0 0 0 0 0
   7     208 loop26 11 0 88 4 0 0 0 0 0 20 0 0 0 0 0
   7     216 loop27 9 0 72 4 0 0 0 0 0 20 0 0 0 0 0
   7     224 loop28 18 0 408 8 0 0 0 0 0 64 0 0 0 0 0
   7     232 loop29 25 0 864 16 0 0 0 0 0 44 0 0 0 0 0
   7     240 loop30 21 0 504 11 0 0 0 0 0 56 0 0 0 0 0
   7     248 loop31 29 0 1336 14 0 0 0 0 0 72 0 0 0 0 0
   7     256 loop32 51 0 6560 51 0 0 0 0 0 120 4 0 0 0 0
   7     264 loop33 31 1 1888 17 0 0 0 0 0 64 0 0 0 0 0
   7     272 loop34 24 0 736 10 0 0 0 0 0 60 0 0 0 0 0
   7     280 loop35 22 0 648 9 0 0 0 0 0 48 0 0 0 0 0
   7     288 loop36 72 0 9048 123 0 0 0 0 0 140 44 0 0 0 0
   7     296 loop37 17 0 224 6 0 0 0 0 0 40 0 0 0 0 0
   7     304 loop38 103 1 6400 84 0 0 0 0 0 224 8 0 0 0 0
   7     312 loop39 18 0 144 7 0 0 0 0 0 24 0 0 0 0 0
 253       8 dm-8 0 0 0 0 0 0 0 0 0 0 0 0 0 0 0
 253       9 dm-9 19 0 696 12 0 0 0 0 0 56 12 0 0 0 0
 253      10 dm-10 88 0 6272 116 0 0 0 0 0 228 116 0 0 0 0
 253      11 dm-11 431 0 63840 780 0 0 0 0 0 948 780 0 0 0 0
 253      12 dm-12 0 0 0 0 0 0 0 0 0 0 0 0 0 0 0
 253      13 dm-13 23 0 1816 20 0 0 0 0 0 64 20 0 0 0 0
 253      14 dm-14 0 0 0 0 0 0 0 0 0 0 0 0 0 0 0
 253      15 dm-15 17 0 608 0 0 0 0 0 0 44 0 0 0 0 0
 253      16 dm-16 0 0 0 0 0 0 0 0 0 0 0 0 0 0 0
 253      17 dm-17 0 0 0 0 0 0 0 0 0 0 0 0 0 0 0
 253      18 dm-18 40 0 6472 48 0 0 0 0 0 112 48 0 0 0 0
 253      19 dm-19 17 0 800 32 0 0 0 0 0 36 32 0 0 0 0
 253      20 dm-20 14 0 112 0 0 0 0 0 0 16 0 0 0 0 0
 253      21 dm-21 16 0 464 8 0 0 0 0 0 52 8 0 0 0 0
 253      22 dm-22 16 0 392 88 0 0 0 0 0 68 88 0 0 0 0
 253      23 dm-23 0 0 0 0 0 0 0 0 0 0 0 0 0 0 0
 253      24 dm-24 15 0 208 4 0 0 0 0 0 36 4 0 0 0 0
 253      25 dm-25 5 0 40 8 0 0 0 0 0 20 8 0 0 0 0
 253      26 dm-26 7 0 56 8 0 0 0 0 0 16 8 0 0 0 0
 253      27 dm-27 0 0 0 0 0 0 0 0 0 0 0 0 0 0 0
 253      28 dm-28 26 0 1184 16 0 0 0 0 0 56 16 0 0 0 0
 253      29 dm-29 0 0 0 0 0 0 0 0 0 0 0 0 0 0 0
 253      30 dm-30 0 0 0 0 0 0 0 0 0 0 0 0 0 0 0
 253      31 dm-31 0 0 0 0 0 0 0 0 0 0 0 0 0 0 0
 253      32 dm-32 24 0 1296 16 0 0 0 0 0 68 16 0 0 0 0
 253      33 dm-33 0 0 0 0 0 0 0 0 0 0 0 0 0 0 0
 253      34 dm-34 16 0 528 20 0 0 0 0 0 56 20 0 0 0 0
 253      35 dm-35 8 0 64 24 0 0 0 0 0 36 24 0 0 0 0
 253      36 dm-36 67 0 7096 112 0 0 0 0 1 176 112 0 0 0 0
 253      37 dm-37 0 0 0 0 0 0 0 0 0 0 0 0 0 0 0
 253      38 dm-38 16 0 992 12 0 0 0 0 0 60 12 0 0 0 0
 253      39 dm-39 13 0 248 12 0 0 0 0 0 44 12 0 0 0 0
 253      40 dm-40 0 0 0 0 0 0 0 0 0 0 0 0 0 0 0
 253      41 dm-41 0 0 0 0 0 0 0 0 0 0 0 0 0 0 0
 253      42 dm-42 0 0 0 0 0 0 0 0 0 0 0 0 0 0 0
 253      43 dm-43 1911 0 110648 2960 71 0 1144 116 1 2240 3076 0 0 0 0

1471
   1       0 ram0 0 0 0 0 0 0 0 0 0 0 0 0 0 0 0
   1       1 ram1 0 0 0 0 0 0 0 0 0 0 0 0 0 0 0
   1       2 ram2 0 0 0 0 0 0 0 0 0 0 0 0 0 0 0
   1       3 ram3 0 0 0 0 0 0 0 0 0 0 0 0 0 0 0
   1       4 ram4 0 0 0 0 0 0 0 0 0 0 0 0 0 0 0
   1       5 ram5 0 0 0 0 0 0 0 0 0 0 0 0 0 0 0
   1       6 ram6 0 0 0 0 0 0 0 0 0 0 0 0 0 0 0
   1       7 ram7 0 0 0 0 0 0 0 0 0 0 0 0 0 0 0
   1       8 ram8 0 0 0 0 0 0 0 0 0 0 0 0 0 0 0
   1       9 ram9 0 0 0 0 0 0 0 0 0 0 0 0 0 0 0
   1      10 ram10 0 0 0 0 0 0 0 0 0 0 0 0 0 0 0
   1      11 ram11 0 0 0 0 0 0 0 0 0 0 0 0 0 0 0
   1      12 ram12 0 0 0 0 0 0 0 0 0 0 0 0 0 0 0
   1      13 ram13 0 0 0 0 0 0 0 0 0 0 0 0 0 0 0
   1      14 ram14 0 0 0 0 0 0 0 0 0 0 0 0 0 0 0
   1      15 ram15 0 0 0 0 0 0 0 0 0 0 0 0 0 0 0
   7       0 loop0 183 0 16168 352 0 0 0 0 0 344 116 0 0 0 0
   7       8 loop1 70 0 9008 122 0 0 0 0 0 136 32 0 0 0 0
   7      16 loop2 27 0 216 13 0 0 0 0 0 32 0 0 0 0 0
   7      24 loop3 12 0 296 8 0 0 0 0 0 32 0 0 0 0 0
   7      32 loop4 36 1 3040 29 0 0 0 0 0 56 0 0 0 0 0
   7      40 loop5 193 1 23968 296 0 0 0 0 0 404 60 0 0 0 0
   7      48 loop6 16 0 712 14 0 0 0 0 0 44 0 0 0 0 0
   7      56 loop7 20 0 1232 15 0 0 0 0 0 76 0 0 0 0 0
   7      64 loop8 25 0 1408 16 0 0 0 0 0 96 0 0 0 0 0
   7      72 loop9 535 4 51072 1345 0 0 0 0 0 1232 564 0 0 0 0
   7      80 loop10 24 0 192 17 0 0 0 0 0 28 0 0 0 0 0
   7      88 loop11 16 0 256 10 0 0 0 0 0 56 0 0 0 0 0
   7      96 loop12 514 3 64528 421 0 0 0 0 0 900 4 0 0 0 0
   7     104 loop13 27 0 216 48 0 0 0 0 0 44 8 0 0 0 0
   7     112 loop14 12 0 240 7 0 0 0 0 0 36 0 0 0 0 0
   7     120 loop15 48 0 4320 139 0 0 0 0 0 204 76 0 0 0 0
 254       0 zram0 0 0 0 0 0 0 0 0 0 0 0 0 0 0 0
 179       0 mmcblk0 2020 1821 144350 1721 12 0 48 14 0 1592 376 0 0 0 0
 179       1 mmcblk0p1 0 0 0 0 0 0 0 0 0 0 0 0 0 0 0
 179       2 mmcblk0p2 0 0 0 0 0 0 0 0 0 0 0 0 0 0 0
 179       3 mmcblk0p3 0 0 0 0 0 0 0 0 0 0 0 0 0 0 0
 179       4 mmcblk0p4 16 0 146 3 1 0 8 0 0 12 0 0 0 0 0
 179       5 mmcblk0p5 0 0 0 0 0 0 0 0 0 0 0 0 0 0 0
 179       6 mmcblk0p6 0 0 0 0 0 0 0 0 0 0 0 0 0 0 0
 179       7 mmcblk0p7 0 0 0 0 0 0 0 0 0 0 0 0 0 0 0
 179       8 mmcblk0p8 0 0 0 0 0 0 0 0 0 0 0 0 0 0 0
 179       9 mmcblk0p9 0 0 0 0 0 0 0 0 0 0 0 0 0 0 0
 179      10 mmcblk0p10 0 0 0 0 0 0 0 0 0 0 0 0 0 0 0
 179      11 mmcblk0p11 0 0 0 0 0 0 0 0 0 0 0 0 0 0 0
 179      12 mmcblk0p12 0 0 0 0 0 0 0 0 0 0 0 0 0 0 0
 179      13 mmcblk0p13 0 0 0 0 0 0 0 0 0 0 0 0 0 0 0
 179      14 mmcblk0p14 0 0 0 0 0 0 0 0 0 0 0 0 0 0 0
 179      15 mmcblk0p15 0 0 0 0 0 0 0 0 0 0 0 0 0 0 0
 179      16 mmcblk0p16 0 0 0 0 0 0 0 0 0 0 0 0 0 0 0
 179      17 mmcblk0p17 0 0 0 0 0 0 0 0 0 0 0 0 0 0 0
 179      18 mmcblk0p18 0 0 0 0 0 0 0 0 0 0 0 0 0 0 0
 179      19 mmcblk0p19 0 0 0 0 0 0 0 0 0 0 0 0 0 0 0
 179      20 mmcblk0p20 0 0 0 0 0 0 0 0 0 0 0 0 0 0 0
 179      21 mmcblk0p21 54 57 111 17 0 0 0 0 0 28 0 0 0 0 0
 179      22 mmcblk0p22 0 0 0 0 0 0 0 0 0 0 0 0 0 0 0
 179      23 mmcblk0p23 33 6 330 14 0 0 0 0 0 12 0 0 0 0 0
 179      24 mmcblk0p24 0 0 0 0 0 0 0 0 0 0 0 0 0 0 0
 179      25 mmcblk0p25 0 0 0 0 0 0 0 0 0 0 0 0 0 0 0
 179      26 mmcblk0p26 0 0 0 0 0 0 0 0 0 0 0 0 0 0 0
 179      27 mmcblk0p27 0 0 0 0 0 0 0 0 0 0 0 0 0 0 0
 179      28 mmcblk0p28 0 0 0 0 0 0 0 0 0 0 0 0 0 0 0
 179      29 mmcblk0p29 0 0 0 0 0 0 0 0 0 0 0 0 0 0 0
 179      30 mmcblk0p30 0 0 0 0 0 0 0 0 0 0 0 0 0 0 0
 179      31 mmcblk0p31 0 0 0 0 0 0 0 0 0 0 0 0 0 0 0
 259       0 mmcblk0p32 9 0 65 1 0 0 0 0 0 12 0 0 0 0 0
 259       1 mmcblk0p33 0 0 0 0 0 0 0 0 0 0 0 0 0 0 0
 259       2 mmcblk0p34 0 0 0 0 0 0 0 0 0 0 0 0 0 0 0
 259       3 mmcblk0p35 0 0 0 0 0 0 0 0 0 0 0 0 0 0 0
 259       4 mmcblk0p36 0 0 0 0 0 0 0 0 0 0 0 0 0 0 0
 259       5 mmcblk0p37 0 0 0 0 0 0 0 0 0 0 0 0 0 0 0
 259       6 mmcblk0p38 0 0 0 0 0 0 0 0 0 0 0 0 0 0 0
 259       7 mmcblk0p39 0 0 0 0 0 0 0 0 0 0 0 0 0 0 0
 259       8 mmcblk0p40 0 0 0 0 0 0 0 0 0 0 0 0 0 0 0
 259       9 mmcblk0p41 0 0 0 0 0 0 0 0 0 0 0 0 0 0 0
 259      10 mmcblk0p42 0 0 0 0 0 0 0 0 0 0 0 0 0 0 0
 259      11 mmcblk0p43 0 0 0 0 0 0 0 0 0 0 0 0 0 0 0
 259      12 mmcblk0p44 0 0 0 0 0 0 0 0 0 0 0 0 0 0 0
 259      13 mmcblk0p45 0 0 0 0 0 0 0 0 0 0 0 0 0 0 0
 259      14 mmcblk0p46 0 0 0 0 0 0 0 0 0 0 0 0 0 0 0
 259      15 mmcblk0p47 0 0 0 0 0 0 0 0 0 0 0 0 0 0 0
 259      16 mmcblk0p48 0 0 0 0 0 0 0 0 0 0 0 0 0 0 0
 259      17 mmcblk0p49 0 0 0 0 0 0 0 0 0 0 0 0 0 0 0
 259      18 mmcblk0p50 0 0 0 0 0 0 0 0 0 0 0 0 0 0 0
 259      19 mmcblk0p51 0 0 0 0 0 0 0 0 0 0 0 0 0 0 0
 259      20 mmcblk0p52 0 0 0 0 0 0 0 0 0 0 0 0 0 0 0
 259      21 mmcblk0p53 0 0 0 0 0 0 0 0 0 0 0 0 0 0 0
 259      22 mmcblk0p54 0 0 0 0 0 0 0 0 0 0 0 0 0 0 0
 259      23 mmcblk0p55 0 0 0 0 0 0 0 0 0 0 0 0 0 0 0
 259      24 mmcblk0p56 0 0 0 0 0 0 0 0 0 0 0 0 0 0 0
 259      25 mmcblk0p57 0 0 0 0 0 0 0 0 0 0 0 0 0 0 0
 259      26 mmcblk0p58 0 0 0 0 0 0 0 0 0 0 0 0 0 0 0
 259      27 mmcblk0p59 0 0 0 0 0 0 0 0 0 0 0 0 0 0 0
 259      28 mmcblk0p60 0 0 0 0 0 0 0 0 0 0 0 0 0 0 0
 259      29 mmcblk0p61 0 0 0 0 0 0 0 0 0 0 0 0 0 0 0
 259      30 mmcblk0p62 0 0 0 0 0 0 0 0 0 0 0 0 0 0 0
 259      31 mmcblk0p63 0 0 0 0 0 0 0 0 0 0 0 0 0 0 0
 259      32 mmcblk0p64 0 0 0 0 0 0 0 0 0 0 0 0 0 0 0
 259      33 mmcblk0p65 0 0 0 0 0 0 0 0 0 0 0 0 0 0 0
 259      34 mmcblk0p66 0 0 0 0 0 0 0 0 0 0 0 0 0 0 0
 259      35 mmcblk0p67 1851 1758 140712 1643 0 0 0 0 0 1520 360 0 0 0 0
 259      36 mmcblk0p68 1 0 128 1 0 0 0 0 0 4 0 0 0 0 0
 259      37 mmcblk0p69 0 0 0 0 0 0 0 0 0 0 0 0 0 0 0
 259      38 mmcblk0p70 0 0 0 0 0 0 0 0 0 0 0 0 0 0 0
 259      39 mmcblk0p71 0 0 0 0 0 0 0 0 0 0 0 0 0 0 0
 259      40 mmcblk0p72 47 0 2666 36 5 0 40 12 0 64 16 0 0 0 0
 259      41 mmcblk0p73 1 0 128 1 0 0 0 0 0 4 0 0 0 0 0
 259      42 mmcblk0p74 0 0 0 0 0 0 0 0 0 0 0 0 0 0 0
 259      43 mmcblk0p75 0 0 0 0 0 0 0 0 0 0 0 0 0 0 0
 259      44 mmcblk0p76 0 0 0 0 0 0 0 0 0 0 0 0 0 0 0
 259      45 mmcblk0p77 0 0 0 0 0 0 0 0 0 0 0 0 0 0 0
 259      46 mmcblk0p78 0 0 0 0 0 0 0 0 0 0 0 0 0 0 0
 259      47 mmcblk0p79 0 0 0 0 0 0 0 0 0 0 0 0 0 0 0
 259      48 mmcblk0p80 0 0 0 0 0 0 0 0 0 0 0 0 0 0 0
 253       0 dm-0 219 0 2432 364 0 0 0 0 0 136 364 0 0 0 0
 253       1 dm-1 4983 0 597296 8016 0 0 0 0 0 4804 8016 0 0 0 0
 253       2 dm-2 1356 0 84480 1532 0 0 0 0 0 1784 1532 0 0 0 0
 253       3 dm-3 2532 0 267752 5384 0 0 0 0 0 3408 5384 0 0 0 0
 253       4 dm-4 3563 0 585936 11468 0 0 0 0 1 4908 11468 0 0 0 0
 253       5 dm-5 1037 0 81928 2056 0 0 0 0 0 1868 2056 0 0 0 0
 253       6 dm-6 1841 0 262224 6792 0 0 0 0 0 3520 6792 0 0 0 0
 253       7 dm-7 87 0 1376 68 0 0 0 0 0 140 68 0 0 0 0
   7     128 loop16 12 0 144 16 0 0 0 0 0 44 8 0 0 0 0
   7     136 loop17 27 0 216 27 0 0 0 0 0 32 0 0 0 0 0
   7     144 loop18 12 0 120 14 0 0 0 0 0 40 4 0 0 0 0
   7     152 loop19 24 0 192 26 0 0 0 0 0 28 0 0 0 0 0
   7     160 loop20 17 0 280 11 0 0 0 0 0 48 4 0 0 0 0
   7     168 loop21 20 0 1024 9 0 0 0 0 0 56 0 0 0 0 0
   7     176 loop22 12 0 96 6 0 0 0 0 0 40 0 0 0 0 0
   7     184 loop23 92 0 8976 72 0 0 0 0 0 208 0 0 0 0 0
   7     192 loop24 21 1 576 15 0 0 0 0 0 56 4 0 0 0 0
   7     200 loop25 31 0 1224 13 0 0 0 0 0 60 0 0 0 0 0
   7     208 loop26 11 0 88 4 0 0 0 0 0 20 0 0 0 0 0
   7     216 loop27 9 0 72 4 0 0 0 0 0 20 0 0 0 0 0
   7     224 loop28 18 0 408 8 0 0 0 0 0 64 0 0 0 0 0
   7     232 loop29 25 0 864 16 0 0 0 0 0 44 0 0 0 0 0
   7     240 loop30 21 0 504 11 0 0 0 0 0 56 0 0 0 0 0
   7     248 loop31 29 0 1336 14 0 0 0 0 0 72 0 0 0 0 0
   7     256 loop32 51 0 6560 51 0 0 0 0 0 120 4 0 0 0 0
   7     264 loop33 31 1 1888 17 0 0 0 0 0 64 0 0 0 0 0
   7     272 loop34 24 0 736 10 0 0 0 0 0 60 0 0 0 0 0
   7     280 loop35 22 0 648 9 0 0 0 0 0 48 0 0 0 0 0
   7     288 loop36 72 0 9048 123 0 0 0 0 0 140 44 0 0 0 0
   7     296 loop37 17 0 224 6 0 0 0 0 0 40 0 0 0 0 0
   7     304 loop38 103 1 6400 84 0 0 0 0 0 224 8 0 0 0 0
   7     312 loop39 18 0 144 7 0 0 0 0 0 24 0 0 0 0 0
 253       8 dm-8 0 0 0 0 0 0 0 0 0 0 0 0 0 0 0
 253       9 dm-9 19 0 696 12 0 0 0 0 0 56 12 0 0 0 0
 253      10 dm-10 88 0 6272 116 0 0 0 0 0 228 116 0 0 0 0
 253      11 dm-11 431 0 63840 780 0 0 0 0 0 948 780 0 0 0 0
 253      12 dm-12 0 0 0 0 0 0 0 0 0 0 0 0 0 0 0
 253      13 dm-13 23 0 1816 20 0 0 0 0 0 64 20 0 0 0 0
 253      14 dm-14 0 0 0 0 0 0 0 0 0 0 0 0 0 0 0
 253      15 dm-15 17 0 608 0 0 0 0 0 0 44 0 0 0 0 0
 253      16 dm-16 0 0 0 0 0 0 0 0 0 0 0 0 0 0 0
 253      17 dm-17 0 0 0 0 0 0 0 0 0 0 0 0 0 0 0
 253      18 dm-18 40 0 6472 48 0 0 0 0 0 112 48 0 0 0 0
 253      19 dm-19 17 0 800 32 0 0 0 0 0 36 32 0 0 0 0
 253      20 dm-20 14 0 112 0 0 0 0 0 0 16 0 0 0 0 0
 253      21 dm-21 16 0 464 8 0 0 0 0 0 52 8 0 0 0 0
 253      22 dm-22 16 0 392 88 0 0 0 0 0 68 88 0 0 0 0
 253      23 dm-23 0 0 0 0 0 0 0 0 0 0 0 0 0 0 0
 253      24 dm-24 15 0 208 4 0 0 0 0 0 36 4 0 0 0 0
 253      25 dm-25 5 0 40 8 0 0 0 0 0 20 8 0 0 0 0
 253      26 dm-26 7 0 56 8 0 0 0 0 0 16 8 0 0 0 0
 253      27 dm-27 0 0 0 0 0 0 0 0 0 0 0 0 0 0 0
 253      28 dm-28 26 0 1184 16 0 0 0 0 0 56 16 0 0 0 0
 253      29 dm-29 0 0 0 0 0 0 0 0 0 0 0 0 0 0 0
 253      30 dm-30 0 0 0 0 0 0 0 0 0 0 0 0 0 0 0
 253      31 dm-31 0 0 0 0 0 0 0 0 0 0 0 0 0 0 0
 253      32 dm-32 24 0 1296 16 0 0 0 0 0 68 16 0 0 0 0
 253      33 dm-33 0 0 0 0 0 0 0 0 0 0 0 0 0 0 0
 253      34 dm-34 16 0 528 20 0 0 0 0 0 56 20 0 0 0 0
 253      35 dm-35 8 0 64 24 0 0 0 0 0 36 24 0 0 0 0
 253      36 dm-36 79 0 8872 140 0 0 0 0 0 212 140 0 0 0 0
 253      37 dm-37 0 0 0 0 0 0 0 0 0 0 0 0 0 0 0
 253      38 dm-38 16 0 992 12 0 0 0 0 0 60 12 0 0 0 0
 253      39 dm-39 13 0 248 12 0 0 0 0 0 44 12 0 0 0 0
 253      40 dm-40 0 0 0 0 0 0 0 0 0 0 0 0 0 0 0
 253      41 dm-41 0 0 0 0 0 0 0 0 0 0 0 0 0 0 0
 253      42 dm-42 0 0 0 0 0 0 0 0 0 0 0 0 0 0 0
 253      43 dm-43 1925 0 112440 2976 71 0 1144 116 0 2284 3092 0 0 0 0

1506
   1       0 ram0 0 0 0 0 0 0 0 0 0 0 0 0 0 0 0
   1       1 ram1 0 0 0 0 0 0 0 0 0 0 0 0 0 0 0
   1       2 ram2 0 0 0 0 0 0 0 0 0 0 0 0 0 0 0
   1       3 ram3 0 0 0 0 0 0 0 0 0 0 0 0 0 0 0
   1       4 ram4 0 0 0 0 0 0 0 0 0 0 0 0 0 0 0
   1       5 ram5 0 0 0 0 0 0 0 0 0 0 0 0 0 0 0
   1       6 ram6 0 0 0 0 0 0 0 0 0 0 0 0 0 0 0
   1       7 ram7 0 0 0 0 0 0 0 0 0 0 0 0 0 0 0
   1       8 ram8 0 0 0 0 0 0 0 0 0 0 0 0 0 0 0
   1       9 ram9 0 0 0 0 0 0 0 0 0 0 0 0 0 0 0
   1      10 ram10 0 0 0 0 0 0 0 0 0 0 0 0 0 0 0
   1      11 ram11 0 0 0 0 0 0 0 0 0 0 0 0 0 0 0
   1      12 ram12 0 0 0 0 0 0 0 0 0 0 0 0 0 0 0
   1      13 ram13 0 0 0 0 0 0 0 0 0 0 0 0 0 0 0
   1      14 ram14 0 0 0 0 0 0 0 0 0 0 0 0 0 0 0
   1      15 ram15 0 0 0 0 0 0 0 0 0 0 0 0 0 0 0
   7       0 loop0 183 0 16168 352 0 0 0 0 0 344 116 0 0 0 0
   7       8 loop1 70 0 9008 122 0 0 0 0 0 136 32 0 0 0 0
   7      16 loop2 27 0 216 13 0 0 0 0 0 32 0 0 0 0 0
   7      24 loop3 12 0 296 8 0 0 0 0 0 32 0 0 0 0 0
   7      32 loop4 36 1 3040 29 0 0 0 0 0 56 0 0 0 0 0
   7      40 loop5 193 1 23968 296 0 0 0 0 0 404 60 0 0 0 0
   7      48 loop6 16 0 712 14 0 0 0 0 0 44 0 0 0 0 0
   7      56 loop7 20 0 1232 15 0 0 0 0 0 76 0 0 0 0 0
   7      64 loop8 25 0 1408 16 0 0 0 0 0 96 0 0 0 0 0
   7      72 loop9 536 4 51088 1346 0 0 0 0 0 1236 564 0 0 0 0
   7      80 loop10 24 0 192 17 0 0 0 0 0 28 0 0 0 0 0
   7      88 loop11 16 0 256 10 0 0 0 0 0 56 0 0 0 0 0
   7      96 loop12 522 3 65944 428 0 0 0 0 0 932 4 0 0 0 0
   7     104 loop13 27 0 216 48 0 0 0 0 0 44 8 0 0 0 0
   7     112 loop14 12 0 240 7 0 0 0 0 0 36 0 0 0 0 0
   7     120 loop15 48 0 4320 139 0 0 0 0 0 204 76 0 0 0 0
 254       0 zram0 0 0 0 0 0 0 0 0 0 0 0 0 0 0 0
 179       0 mmcblk0 2020 1821 144350 1721 12 0 48 14 0 1592 376 0 0 0 0
 179       1 mmcblk0p1 0 0 0 0 0 0 0 0 0 0 0 0 0 0 0
 179       2 mmcblk0p2 0 0 0 0 0 0 0 0 0 0 0 0 0 0 0
 179       3 mmcblk0p3 0 0 0 0 0 0 0 0 0 0 0 0 0 0 0
 179       4 mmcblk0p4 16 0 146 3 1 0 8 0 0 12 0 0 0 0 0
 179       5 mmcblk0p5 0 0 0 0 0 0 0 0 0 0 0 0 0 0 0
 179       6 mmcblk0p6 0 0 0 0 0 0 0 0 0 0 0 0 0 0 0
 179       7 mmcblk0p7 0 0 0 0 0 0 0 0 0 0 0 0 0 0 0
 179       8 mmcblk0p8 0 0 0 0 0 0 0 0 0 0 0 0 0 0 0
 179       9 mmcblk0p9 0 0 0 0 0 0 0 0 0 0 0 0 0 0 0
 179      10 mmcblk0p10 0 0 0 0 0 0 0 0 0 0 0 0 0 0 0
 179      11 mmcblk0p11 0 0 0 0 0 0 0 0 0 0 0 0 0 0 0
 179      12 mmcblk0p12 0 0 0 0 0 0 0 0 0 0 0 0 0 0 0
 179      13 mmcblk0p13 0 0 0 0 0 0 0 0 0 0 0 0 0 0 0
 179      14 mmcblk0p14 0 0 0 0 0 0 0 0 0 0 0 0 0 0 0
 179      15 mmcblk0p15 0 0 0 0 0 0 0 0 0 0 0 0 0 0 0
 179      16 mmcblk0p16 0 0 0 0 0 0 0 0 0 0 0 0 0 0 0
 179      17 mmcblk0p17 0 0 0 0 0 0 0 0 0 0 0 0 0 0 0
 179      18 mmcblk0p18 0 0 0 0 0 0 0 0 0 0 0 0 0 0 0
 179      19 mmcblk0p19 0 0 0 0 0 0 0 0 0 0 0 0 0 0 0
 179      20 mmcblk0p20 0 0 0 0 0 0 0 0 0 0 0 0 0 0 0
 179      21 mmcblk0p21 54 57 111 17 0 0 0 0 0 28 0 0 0 0 0
 179      22 mmcblk0p22 0 0 0 0 0 0 0 0 0 0 0 0 0 0 0
 179      23 mmcblk0p23 33 6 330 14 0 0 0 0 0 12 0 0 0 0 0
 179      24 mmcblk0p24 0 0 0 0 0 0 0 0 0 0 0 0 0 0 0
 179      25 mmcblk0p25 0 0 0 0 0 0 0 0 0 0 0 0 0 0 0
 179      26 mmcblk0p26 0 0 0 0 0 0 0 0 0 0 0 0 0 0 0
 179      27 mmcblk0p27 0 0 0 0 0 0 0 0 0 0 0 0 0 0 0
 179      28 mmcblk0p28 0 0 0 0 0 0 0 0 0 0 0 0 0 0 0
 179      29 mmcblk0p29 0 0 0 0 0 0 0 0 0 0 0 0 0 0 0
 179      30 mmcblk0p30 0 0 0 0 0 0 0 0 0 0 0 0 0 0 0
 179      31 mmcblk0p31 0 0 0 0 0 0 0 0 0 0 0 0 0 0 0
 259       0 mmcblk0p32 9 0 65 1 0 0 0 0 0 12 0 0 0 0 0
 259       1 mmcblk0p33 0 0 0 0 0 0 0 0 0 0 0 0 0 0 0
 259       2 mmcblk0p34 0 0 0 0 0 0 0 0 0 0 0 0 0 0 0
 259       3 mmcblk0p35 0 0 0 0 0 0 0 0 0 0 0 0 0 0 0
 259       4 mmcblk0p36 0 0 0 0 0 0 0 0 0 0 0 0 0 0 0
 259       5 mmcblk0p37 0 0 0 0 0 0 0 0 0 0 0 0 0 0 0
 259       6 mmcblk0p38 0 0 0 0 0 0 0 0 0 0 0 0 0 0 0
 259       7 mmcblk0p39 0 0 0 0 0 0 0 0 0 0 0 0 0 0 0
 259       8 mmcblk0p40 0 0 0 0 0 0 0 0 0 0 0 0 0 0 0
 259       9 mmcblk0p41 0 0 0 0 0 0 0 0 0 0 0 0 0 0 0
 259      10 mmcblk0p42 0 0 0 0 0 0 0 0 0 0 0 0 0 0 0
 259      11 mmcblk0p43 0 0 0 0 0 0 0 0 0 0 0 0 0 0 0
 259      12 mmcblk0p44 0 0 0 0 0 0 0 0 0 0 0 0 0 0 0
 259      13 mmcblk0p45 0 0 0 0 0 0 0 0 0 0 0 0 0 0 0
 259      14 mmcblk0p46 0 0 0 0 0 0 0 0 0 0 0 0 0 0 0
 259      15 mmcblk0p47 0 0 0 0 0 0 0 0 0 0 0 0 0 0 0
 259      16 mmcblk0p48 0 0 0 0 0 0 0 0 0 0 0 0 0 0 0
 259      17 mmcblk0p49 0 0 0 0 0 0 0 0 0 0 0 0 0 0 0
 259      18 mmcblk0p50 0 0 0 0 0 0 0 0 0 0 0 0 0 0 0
 259      19 mmcblk0p51 0 0 0 0 0 0 0 0 0 0 0 0 0 0 0
 259      20 mmcblk0p52 0 0 0 0 0 0 0 0 0 0 0 0 0 0 0
 259      21 mmcblk0p53 0 0 0 0 0 0 0 0 0 0 0 0 0 0 0
 259      22 mmcblk0p54 0 0 0 0 0 0 0 0 0 0 0 0 0 0 0
 259      23 mmcblk0p55 0 0 0 0 0 0 0 0 0 0 0 0 0 0 0
 259      24 mmcblk0p56 0 0 0 0 0 0 0 0 0 0 0 0 0 0 0
 259      25 mmcblk0p57 0 0 0 0 0 0 0 0 0 0 0 0 0 0 0
 259      26 mmcblk0p58 0 0 0 0 0 0 0 0 0 0 0 0 0 0 0
 259      27 mmcblk0p59 0 0 0 0 0 0 0 0 0 0 0 0 0 0 0
 259      28 mmcblk0p60 0 0 0 0 0 0 0 0 0 0 0 0 0 0 0
 259      29 mmcblk0p61 0 0 0 0 0 0 0 0 0 0 0 0 0 0 0
 259      30 mmcblk0p62 0 0 0 0 0 0 0 0 0 0 0 0 0 0 0
 259      31 mmcblk0p63 0 0 0 0 0 0 0 0 0 0 0 0 0 0 0
 259      32 mmcblk0p64 0 0 0 0 0 0 0 0 0 0 0 0 0 0 0
 259      33 mmcblk0p65 0 0 0 0 0 0 0 0 0 0 0 0 0 0 0
 259      34 mmcblk0p66 0 0 0 0 0 0 0 0 0 0 0 0 0 0 0
 259      35 mmcblk0p67 1851 1758 140712 1643 0 0 0 0 0 1520 360 0 0 0 0
 259      36 mmcblk0p68 1 0 128 1 0 0 0 0 0 4 0 0 0 0 0
 259      37 mmcblk0p69 0 0 0 0 0 0 0 0 0 0 0 0 0 0 0
 259      38 mmcblk0p70 0 0 0 0 0 0 0 0 0 0 0 0 0 0 0
 259      39 mmcblk0p71 0 0 0 0 0 0 0 0 0 0 0 0 0 0 0
 259      40 mmcblk0p72 47 0 2666 36 5 0 40 12 0 64 16 0 0 0 0
 259      41 mmcblk0p73 1 0 128 1 0 0 0 0 0 4 0 0 0 0 0
 259      42 mmcblk0p74 0 0 0 0 0 0 0 0 0 0 0 0 0 0 0
 259      43 mmcblk0p75 0 0 0 0 0 0 0 0 0 0 0 0 0 0 0
 259      44 mmcblk0p76 0 0 0 0 0 0 0 0 0 0 0 0 0 0 0
 259      45 mmcblk0p77 0 0 0 0 0 0 0 0 0 0 0 0 0 0 0
 259      46 mmcblk0p78 0 0 0 0 0 0 0 0 0 0 0 0 0 0 0
 259      47 mmcblk0p79 0 0 0 0 0 0 0 0 0 0 0 0 0 0 0
 259      48 mmcblk0p80 0 0 0 0 0 0 0 0 0 0 0 0 0 0 0
 253       0 dm-0 219 0 2432 364 0 0 0 0 0 136 364 0 0 0 0
 253       1 dm-1 5036 0 619944 8080 0 0 0 0 0 4984 8080 0 0 0 0
 253       2 dm-2 1357 0 84496 1532 0 0 0 0 0 1788 1532 0 0 0 0
 253       3 dm-3 2566 0 273928 5408 0 0 0 0 0 3516 5408 0 0 0 0
 253       4 dm-4 3616 0 608584 11592 0 0 0 0 0 5100 11592 0 0 0 0
 253       5 dm-5 1038 0 81944 2056 0 0 0 0 0 1872 2056 0 0 0 0
 253       6 dm-6 1872 0 268376 6848 0 0 0 0 0 3644 6848 0 0 0 0
 253       7 dm-7 87 0 1376 68 0 0 0 0 0 140 68 0 0 0 0
   7     128 loop16 12 0 144 16 0 0 0 0 0 44 8 0 0 0 0
   7     136 loop17 27 0 216 27 0 0 0 0 0 32 0 0 0 0 0
   7     144 loop18 12 0 120 14 0 0 0 0 0 40 4 0 0 0 0
   7     152 loop19 24 0 192 26 0 0 0 0 0 28 0 0 0 0 0
   7     160 loop20 17 0 280 11 0 0 0 0 0 48 4 0 0 0 0
   7     168 loop21 20 0 1024 9 0 0 0 0 0 56 0 0 0 0 0
   7     176 loop22 12 0 96 6 0 0 0 0 0 40 0 0 0 0 0
   7     184 loop23 92 0 8976 72 0 0 0 0 0 208 0 0 0 0 0
   7     192 loop24 21 1 576 15 0 0 0 0 0 56 4 0 0 0 0
   7     200 loop25 31 0 1224 13 0 0 0 0 0 60 0 0 0 0 0
   7     208 loop26 11 0 88 4 0 0 0 0 0 20 0 0 0 0 0
   7     216 loop27 9 0 72 4 0 0 0 0 0 20 0 0 0 0 0
   7     224 loop28 18 0 408 8 0 0 0 0 0 64 0 0 0 0 0
   7     232 loop29 25 0 864 16 0 0 0 0 0 44 0 0 0 0 0
   7     240 loop30 21 0 504 11 0 0 0 0 0 56 0 0 0 0 0
   7     248 loop31 30 0 1592 15 0 0 0 0 0 76 0 0 0 0 0
   7     256 loop32 51 0 6560 51 0 0 0 0 0 120 4 0 0 0 0
   7     264 loop33 32 1 1984 17 0 0 0 0 0 68 0 0 0 0 0
   7     272 loop34 24 0 736 10 0 0 0 0 0 60 0 0 0 0 0
   7     280 loop35 22 0 648 9 0 0 0 0 0 48 0 0 0 0 0
   7     288 loop36 72 0 9048 123 0 0 0 0 0 140 44 0 0 0 0
   7     296 loop37 17 0 224 6 0 0 0 0 0 40 0 0 0 0 0
   7     304 loop38 103 1 6400 84 0 0 0 0 0 224 8 0 0 0 0
   7     312 loop39 18 0 144 7 0 0 0 0 0 24 0 0 0 0 0
 253       8 dm-8 0 0 0 0 0 0 0 0 0 0 0 0 0 0 0
 253       9 dm-9 19 0 696 12 0 0 0 0 0 56 12 0 0 0 0
 253      10 dm-10 88 0 6272 116 0 0 0 0 0 228 116 0 0 0 0
 253      11 dm-11 439 0 65256 808 0 0 0 0 0 992 808 0 0 0 0
 253      12 dm-12 0 0 0 0 0 0 0 0 0 0 0 0 0 0 0
 253      13 dm-13 24 0 1912 20 0 0 0 0 0 68 20 0 0 0 0
 253      14 dm-14 0 0 0 0 0 0 0 0 0 0 0 0 0 0 0
 253      15 dm-15 17 0 608 0 0 0 0 0 0 44 0 0 0 0 0
 253      16 dm-16 0 0 0 0 0 0 0 0 0 0 0 0 0 0 0
 253      17 dm-17 0 0 0 0 0 0 0 0 0 0 0 0 0 0 0
 253      18 dm-18 40 0 6472 48 0 0 0 0 0 112 48 0 0 0 0
 253      19 dm-19 17 0 800 32 0 0 0 0 0 36 32 0 0 0 0
 253      20 dm-20 14 0 112 0 0 0 0 0 0 16 0 0 0 0 0
 253      21 dm-21 16 0 464 8 0 0 0 0 0 52 8 0 0 0 0
 253      22 dm-22 16 0 392 88 0 0 0 0 0 68 88 0 0 0 0
 253      23 dm-23 0 0 0 0 0 0 0 0 0 0 0 0 0 0 0
 253      24 dm-24 15 0 208 4 0 0 0 0 0 36 4 0 0 0 0
 253      25 dm-25 5 0 40 8 0 0 0 0 0 20 8 0 0 0 0
 253      26 dm-26 7 0 56 8 0 0 0 0 0 16 8 0 0 0 0
 253      27 dm-27 0 0 0 0 0 0 0 0 0 0 0 0 0 0 0
 253      28 dm-28 26 0 1184 16 0 0 0 0 0 56 16 0 0 0 0
 253      29 dm-29 0 0 0 0 0 0 0 0 0 0 0 0 0 0 0
 253      30 dm-30 0 0 0 0 0 0 0 0 0 0 0 0 0 0 0
 253      31 dm-31 0 0 0 0 0 0 0 0 0 0 0 0 0 0 0
 253      32 dm-32 25 0 1552 16 0 0 0 0 0 72 16 0 0 0 0
 253      33 dm-33 0 0 0 0 0 0 0 0 0 0 0 0 0 0 0
 253      34 dm-34 16 0 528 20 0 0 0 0 0 56 20 0 0 0 0
 253      35 dm-35 8 0 64 24 0 0 0 0 0 36 24 0 0 0 0
 253      36 dm-36 79 0 8872 140 0 0 0 0 0 212 140 0 0 0 0
 253      37 dm-37 0 0 0 0 0 0 0 0 0 0 0 0 0 0 0
 253      38 dm-38 16 0 992 12 0 0 0 0 0 60 12 0 0 0 0
 253      39 dm-39 13 0 248 12 0 0 0 0 0 44 12 0 0 0 0
 253      40 dm-40 0 0 0 0 0 0 0 0 0 0 0 0 0 0 0
 253      41 dm-41 0 0 0 0 0 0 0 0 0 0 0 0 0 0 0
 253      42 dm-42 0 0 0 0 0 0 0 0 0 0 0 0 0 0 0
 253      43 dm-43 1937 0 114224 2988 115 0 1688 160 0 2368 3148 0 0 0 0

1543
   1       0 ram0 0 0 0 0 0 0 0 0 0 0 0 0 0 0 0
   1       1 ram1 0 0 0 0 0 0 0 0 0 0 0 0 0 0 0
   1       2 ram2 0 0 0 0 0 0 0 0 0 0 0 0 0 0 0
   1       3 ram3 0 0 0 0 0 0 0 0 0 0 0 0 0 0 0
   1       4 ram4 0 0 0 0 0 0 0 0 0 0 0 0 0 0 0
   1       5 ram5 0 0 0 0 0 0 0 0 0 0 0 0 0 0 0
   1       6 ram6 0 0 0 0 0 0 0 0 0 0 0 0 0 0 0
   1       7 ram7 0 0 0 0 0 0 0 0 0 0 0 0 0 0 0
   1       8 ram8 0 0 0 0 0 0 0 0 0 0 0 0 0 0 0
   1       9 ram9 0 0 0 0 0 0 0 0 0 0 0 0 0 0 0
   1      10 ram10 0 0 0 0 0 0 0 0 0 0 0 0 0 0 0
   1      11 ram11 0 0 0 0 0 0 0 0 0 0 0 0 0 0 0
   1      12 ram12 0 0 0 0 0 0 0 0 0 0 0 0 0 0 0
   1      13 ram13 0 0 0 0 0 0 0 0 0 0 0 0 0 0 0
   1      14 ram14 0 0 0 0 0 0 0 0 0 0 0 0 0 0 0
   1      15 ram15 0 0 0 0 0 0 0 0 0 0 0 0 0 0 0
   7       0 loop0 183 0 16168 352 0 0 0 0 0 344 116 0 0 0 0
   7       8 loop1 70 0 9008 122 0 0 0 0 0 136 32 0 0 0 0
   7      16 loop2 27 0 216 13 0 0 0 0 0 32 0 0 0 0 0
   7      24 loop3 12 0 296 8 0 0 0 0 0 32 0 0 0 0 0
   7      32 loop4 36 1 3040 29 0 0 0 0 0 56 0 0 0 0 0
   7      40 loop5 194 1 23984 297 0 0 0 0 0 408 60 0 0 0 0
   7      48 loop6 16 0 712 14 0 0 0 0 0 44 0 0 0 0 0
   7      56 loop7 20 0 1232 15 0 0 0 0 0 76 0 0 0 0 0
   7      64 loop8 25 0 1408 16 0 0 0 0 0 96 0 0 0 0 0
   7      72 loop9 541 4 51432 1350 0 0 0 0 0 1248 564 0 0 0 0
   7      80 loop10 24 0 192 17 0 0 0 0 0 28 0 0 0 0 0
   7      88 loop11 16 0 256 10 0 0 0 0 0 56 0 0 0 0 0
   7      96 loop12 535 3 67680 442 0 0 0 0 0 976 4 0 0 0 0
   7     104 loop13 27 0 216 48 0 0 0 0 0 44 8 0 0 0 0
   7     112 loop14 12 0 240 7 0 0 0 0 0 36 0 0 0 0 0
   7     120 loop15 48 0 4320 139 0 0 0 0 0 204 76 0 0 0 0
 254       0 zram0 0 0 0 0 0 0 0 0 0 0 0 0 0 0 0
 179       0 mmcblk0 2020 1821 144350 1721 12 0 48 14 0 1592 376 0 0 0 0
 179       1 mmcblk0p1 0 0 0 0 0 0 0 0 0 0 0 0 0 0 0
 179       2 mmcblk0p2 0 0 0 0 0 0 0 0 0 0 0 0 0 0 0
 179       3 mmcblk0p3 0 0 0 0 0 0 0 0 0 0 0 0 0 0 0
 179       4 mmcblk0p4 16 0 146 3 1 0 8 0 0 12 0 0 0 0 0
 179       5 mmcblk0p5 0 0 0 0 0 0 0 0 0 0 0 0 0 0 0
 179       6 mmcblk0p6 0 0 0 0 0 0 0 0 0 0 0 0 0 0 0
 179       7 mmcblk0p7 0 0 0 0 0 0 0 0 0 0 0 0 0 0 0
 179       8 mmcblk0p8 0 0 0 0 0 0 0 0 0 0 0 0 0 0 0
 179       9 mmcblk0p9 0 0 0 0 0 0 0 0 0 0 0 0 0 0 0
 179      10 mmcblk0p10 0 0 0 0 0 0 0 0 0 0 0 0 0 0 0
 179      11 mmcblk0p11 0 0 0 0 0 0 0 0 0 0 0 0 0 0 0
 179      12 mmcblk0p12 0 0 0 0 0 0 0 0 0 0 0 0 0 0 0
 179      13 mmcblk0p13 0 0 0 0 0 0 0 0 0 0 0 0 0 0 0
 179      14 mmcblk0p14 0 0 0 0 0 0 0 0 0 0 0 0 0 0 0
 179      15 mmcblk0p15 0 0 0 0 0 0 0 0 0 0 0 0 0 0 0
 179      16 mmcblk0p16 0 0 0 0 0 0 0 0 0 0 0 0 0 0 0
 179      17 mmcblk0p17 0 0 0 0 0 0 0 0 0 0 0 0 0 0 0
 179      18 mmcblk0p18 0 0 0 0 0 0 0 0 0 0 0 0 0 0 0
 179      19 mmcblk0p19 0 0 0 0 0 0 0 0 0 0 0 0 0 0 0
 179      20 mmcblk0p20 0 0 0 0 0 0 0 0 0 0 0 0 0 0 0
 179      21 mmcblk0p21 54 57 111 17 0 0 0 0 0 28 0 0 0 0 0
 179      22 mmcblk0p22 0 0 0 0 0 0 0 0 0 0 0 0 0 0 0
 179      23 mmcblk0p23 33 6 330 14 0 0 0 0 0 12 0 0 0 0 0
 179      24 mmcblk0p24 0 0 0 0 0 0 0 0 0 0 0 0 0 0 0
 179      25 mmcblk0p25 0 0 0 0 0 0 0 0 0 0 0 0 0 0 0
 179      26 mmcblk0p26 0 0 0 0 0 0 0 0 0 0 0 0 0 0 0
 179      27 mmcblk0p27 0 0 0 0 0 0 0 0 0 0 0 0 0 0 0
 179      28 mmcblk0p28 0 0 0 0 0 0 0 0 0 0 0 0 0 0 0
 179      29 mmcblk0p29 0 0 0 0 0 0 0 0 0 0 0 0 0 0 0
 179      30 mmcblk0p30 0 0 0 0 0 0 0 0 0 0 0 0 0 0 0
 179      31 mmcblk0p31 0 0 0 0 0 0 0 0 0 0 0 0 0 0 0
 259       0 mmcblk0p32 9 0 65 1 0 0 0 0 0 12 0 0 0 0 0
 259       1 mmcblk0p33 0 0 0 0 0 0 0 0 0 0 0 0 0 0 0
 259       2 mmcblk0p34 0 0 0 0 0 0 0 0 0 0 0 0 0 0 0
 259       3 mmcblk0p35 0 0 0 0 0 0 0 0 0 0 0 0 0 0 0
 259       4 mmcblk0p36 0 0 0 0 0 0 0 0 0 0 0 0 0 0 0
 259       5 mmcblk0p37 0 0 0 0 0 0 0 0 0 0 0 0 0 0 0
 259       6 mmcblk0p38 0 0 0 0 0 0 0 0 0 0 0 0 0 0 0
 259       7 mmcblk0p39 0 0 0 0 0 0 0 0 0 0 0 0 0 0 0
 259       8 mmcblk0p40 0 0 0 0 0 0 0 0 0 0 0 0 0 0 0
 259       9 mmcblk0p41 0 0 0 0 0 0 0 0 0 0 0 0 0 0 0
 259      10 mmcblk0p42 0 0 0 0 0 0 0 0 0 0 0 0 0 0 0
 259      11 mmcblk0p43 0 0 0 0 0 0 0 0 0 0 0 0 0 0 0
 259      12 mmcblk0p44 0 0 0 0 0 0 0 0 0 0 0 0 0 0 0
 259      13 mmcblk0p45 0 0 0 0 0 0 0 0 0 0 0 0 0 0 0
 259      14 mmcblk0p46 0 0 0 0 0 0 0 0 0 0 0 0 0 0 0
 259      15 mmcblk0p47 0 0 0 0 0 0 0 0 0 0 0 0 0 0 0
 259      16 mmcblk0p48 0 0 0 0 0 0 0 0 0 0 0 0 0 0 0
 259      17 mmcblk0p49 0 0 0 0 0 0 0 0 0 0 0 0 0 0 0
 259      18 mmcblk0p50 0 0 0 0 0 0 0 0 0 0 0 0 0 0 0
 259      19 mmcblk0p51 0 0 0 0 0 0 0 0 0 0 0 0 0 0 0
 259      20 mmcblk0p52 0 0 0 0 0 0 0 0 0 0 0 0 0 0 0
 259      21 mmcblk0p53 0 0 0 0 0 0 0 0 0 0 0 0 0 0 0
 259      22 mmcblk0p54 0 0 0 0 0 0 0 0 0 0 0 0 0 0 0
 259      23 mmcblk0p55 0 0 0 0 0 0 0 0 0 0 0 0 0 0 0
 259      24 mmcblk0p56 0 0 0 0 0 0 0 0 0 0 0 0 0 0 0
 259      25 mmcblk0p57 0 0 0 0 0 0 0 0 0 0 0 0 0 0 0
 259      26 mmcblk0p58 0 0 0 0 0 0 0 0 0 0 0 0 0 0 0
 259      27 mmcblk0p59 0 0 0 0 0 0 0 0 0 0 0 0 0 0 0
 259      28 mmcblk0p60 0 0 0 0 0 0 0 0 0 0 0 0 0 0 0
 259      29 mmcblk0p61 0 0 0 0 0 0 0 0 0 0 0 0 0 0 0
 259      30 mmcblk0p62 0 0 0 0 0 0 0 0 0 0 0 0 0 0 0
 259      31 mmcblk0p63 0 0 0 0 0 0 0 0 0 0 0 0 0 0 0
 259      32 mmcblk0p64 0 0 0 0 0 0 0 0 0 0 0 0 0 0 0
 259      33 mmcblk0p65 0 0 0 0 0 0 0 0 0 0 0 0 0 0 0
 259      34 mmcblk0p66 0 0 0 0 0 0 0 0 0 0 0 0 0 0 0
 259      35 mmcblk0p67 1851 1758 140712 1643 0 0 0 0 0 1520 360 0 0 0 0
 259      36 mmcblk0p68 1 0 128 1 0 0 0 0 0 4 0 0 0 0 0
 259      37 mmcblk0p69 0 0 0 0 0 0 0 0 0 0 0 0 0 0 0
 259      38 mmcblk0p70 0 0 0 0 0 0 0 0 0 0 0 0 0 0 0
 259      39 mmcblk0p71 0 0 0 0 0 0 0 0 0 0 0 0 0 0 0
 259      40 mmcblk0p72 47 0 2666 36 5 0 40 12 0 64 16 0 0 0 0
 259      41 mmcblk0p73 1 0 128 1 0 0 0 0 0 4 0 0 0 0 0
 259      42 mmcblk0p74 0 0 0 0 0 0 0 0 0 0 0 0 0 0 0
 259      43 mmcblk0p75 0 0 0 0 0 0 0 0 0 0 0 0 0 0 0
 259      44 mmcblk0p76 0 0 0 0 0 0 0 0 0 0 0 0 0 0 0
 259      45 mmcblk0p77 0 0 0 0 0 0 0 0 0 0 0 0 0 0 0
 259      46 mmcblk0p78 0 0 0 0 0 0 0 0 0 0 0 0 0 0 0
 259      47 mmcblk0p79 0 0 0 0 0 0 0 0 0 0 0 0 0 0 0
 259      48 mmcblk0p80 0 0 0 0 0 0 0 0 0 0 0 0 0 0 0
 253       0 dm-0 219 0 2432 364 0 0 0 0 0 136 364 0 0 0 0
 253       1 dm-1 5052 0 622656 8096 0 0 0 0 0 5024 8096 0 0 0 0
 253       2 dm-2 1386 0 87000 1564 0 0 0 0 0 1832 1564 0 0 0 0
 253       3 dm-3 2580 0 275008 5420 0 0 0 0 0 3556 5420 0 0 0 0
 253       4 dm-4 3630 0 611280 11616 0 0 0 0 0 5136 11616 0 0 0 0
 253       5 dm-5 1064 0 84424 2104 0 0 0 0 0 1920 2104 0 0 0 0
 253       6 dm-6 1882 0 269424 6864 0 0 0 0 0 3688 6864 0 0 0 0
 253       7 dm-7 87 0 1376 68 0 0 0 0 0 140 68 0 0 0 0
   7     128 loop16 12 0 144 16 0 0 0 0 0 44 8 0 0 0 0
   7     136 loop17 27 0 216 27 0 0 0 0 0 32 0 0 0 0 0
   7     144 loop18 12 0 120 14 0 0 0 0 0 40 4 0 0 0 0
   7     152 loop19 24 0 192 26 0 0 0 0 0 28 0 0 0 0 0
   7     160 loop20 17 0 280 11 0 0 0 0 0 48 4 0 0 0 0
   7     168 loop21 20 0 1024 9 0 0 0 0 1 60 0 0 0 0 0
   7     176 loop22 12 0 96 6 0 0 0 0 0 40 0 0 0 0 0
   7     184 loop23 92 0 8976 72 0 0 0 0 0 208 0 0 0 0 0
   7     192 loop24 21 1 576 15 0 0 0 0 0 56 4 0 0 0 0
   7     200 loop25 31 0 1224 13 0 0 0 0 0 60 0 0 0 0 0
   7     208 loop26 11 0 88 4 0 0 0 0 0 20 0 0 0 0 0
   7     216 loop27 9 0 72 4 0 0 0 0 0 20 0 0 0 0 0
   7     224 loop28 18 0 408 8 0 0 0 0 0 64 0 0 0 0 0
   7     232 loop29 25 0 864 16 0 0 0 0 0 44 0 0 0 0 0
   7     240 loop30 21 0 504 11 0 0 0 0 0 56 0 0 0 0 0
   7     248 loop31 30 0 1592 15 0 0 0 0 0 76 0 0 0 0 0
   7     256 loop32 51 0 6560 51 0 0 0 0 0 120 4 0 0 0 0
   7     264 loop33 33 1 2240 18 0 0 0 0 0 76 0 0 0 0 0
   7     272 loop34 24 0 736 10 0 0 0 0 0 60 0 0 0 0 0
   7     280 loop35 22 0 648 9 0 0 0 0 0 48 0 0 0 0 0
   7     288 loop36 72 0 9048 123 0 0 0 0 0 140 44 0 0 0 0
   7     296 loop37 17 0 224 6 0 0 0 0 0 40 0 0 0 0 0
   7     304 loop38 105 1 6784 86 0 0 0 0 1 232 8 0 0 0 0
   7     312 loop39 18 0 144 7 0 0 0 0 0 24 0 0 0 0 0
 253       8 dm-8 0 0 0 0 0 0 0 0 0 0 0 0 0 0 0
 253       9 dm-9 19 0 696 12 0 0 0 0 0 56 12 0 0 0 0
 253      10 dm-10 91 0 6912 116 0 0 0 0 1 236 116 0 0 0 0
 253      11 dm-11 452 0 66992 1040 0 0 0 0 0 1044 1040 0 0 0 0
 253      12 dm-12 0 0 0 0 0 0 0 0 0 0 0 0 0 0 0
 253      13 dm-13 25 0 2168 24 0 0 0 0 0 76 24 0 0 0 0
 253      14 dm-14 0 0 0 0 0 0 0 0 0 0 0 0 0 0 0
 253      15 dm-15 17 0 608 0 0 0 0 0 0 44 0 0 0 0 0
 253      16 dm-16 0 0 0 0 0 0 0 0 0 0 0 0 0 0 0
 253      17 dm-17 0 0 0 0 0 0 0 0 0 0 0 0 0 0 0
 253      18 dm-18 40 0 6472 48 0 0 0 0 0 112 48 0 0 0 0
 253      19 dm-19 17 0 800 32 0 0 0 0 0 36 32 0 0 0 0
 253      20 dm-20 14 0 112 0 0 0 0 0 0 16 0 0 0 0 0
 253      21 dm-21 16 0 464 8 0 0 0 0 0 52 8 0 0 0 0
 253      22 dm-22 16 0 392 88 0 0 0 0 0 68 88 0 0 0 0
 253      23 dm-23 0 0 0 0 0 0 0 0 0 0 0 0 0 0 0
 253      24 dm-24 15 0 208 4 0 0 0 0 0 36 4 0 0 0 0
 253      25 dm-25 5 0 40 8 0 0 0 0 0 20 8 0 0 0 0
 253      26 dm-26 7 0 56 8 0 0 0 0 0 16 8 0 0 0 0
 253      27 dm-27 0 0 0 0 0 0 0 0 0 0 0 0 0 0 0
 253      28 dm-28 26 0 1184 16 0 0 0 0 0 56 16 0 0 0 0
 253      29 dm-29 0 0 0 0 0 0 0 0 0 0 0 0 0 0 0
 253      30 dm-30 0 0 0 0 0 0 0 0 0 0 0 0 0 0 0
 253      31 dm-31 0 0 0 0 0 0 0 0 0 0 0 0 0 0 0
 253      32 dm-32 25 0 1552 16 0 0 0 0 0 72 16 0 0 0 0
 253      33 dm-33 0 0 0 0 0 0 0 0 0 0 0 0 0 0 0
 253      34 dm-34 16 0 528 20 0 0 0 0 0 56 20 0 0 0 0
 253      35 dm-35 8 0 64 24 0 0 0 0 0 36 24 0 0 0 0
 253      36 dm-36 79 0 8872 140 0 0 0 0 0 212 140 0 0 0 0
 253      37 dm-37 0 0 0 0 0 0 0 0 0 0 0 0 0 0 0
 253      38 dm-38 17 0 1216 12 0 0 0 0 1 64 12 0 0 0 0
 253      39 dm-39 13 0 248 12 0 0 0 0 0 44 12 0 0 0 0
 253      40 dm-40 0 0 0 0 0 0 0 0 0 0 0 0 0 0 0
 253      41 dm-41 0 0 0 0 0 0 0 0 0 0 0 0 0 0 0
 253      42 dm-42 0 0 0 0 0 0 0 0 0 0 0 0 0 0 0
 253      43 dm-43 1955 0 117080 3004 115 0 1688 160 2 2420 3164 0 0 0 0

1587
   1       0 ram0 0 0 0 0 0 0 0 0 0 0 0 0 0 0 0
   1       1 ram1 0 0 0 0 0 0 0 0 0 0 0 0 0 0 0
   1       2 ram2 0 0 0 0 0 0 0 0 0 0 0 0 0 0 0
   1       3 ram3 0 0 0 0 0 0 0 0 0 0 0 0 0 0 0
   1       4 ram4 0 0 0 0 0 0 0 0 0 0 0 0 0 0 0
   1       5 ram5 0 0 0 0 0 0 0 0 0 0 0 0 0 0 0
   1       6 ram6 0 0 0 0 0 0 0 0 0 0 0 0 0 0 0
   1       7 ram7 0 0 0 0 0 0 0 0 0 0 0 0 0 0 0
   1       8 ram8 0 0 0 0 0 0 0 0 0 0 0 0 0 0 0
   1       9 ram9 0 0 0 0 0 0 0 0 0 0 0 0 0 0 0
   1      10 ram10 0 0 0 0 0 0 0 0 0 0 0 0 0 0 0
   1      11 ram11 0 0 0 0 0 0 0 0 0 0 0 0 0 0 0
   1      12 ram12 0 0 0 0 0 0 0 0 0 0 0 0 0 0 0
   1      13 ram13 0 0 0 0 0 0 0 0 0 0 0 0 0 0 0
   1      14 ram14 0 0 0 0 0 0 0 0 0 0 0 0 0 0 0
   1      15 ram15 0 0 0 0 0 0 0 0 0 0 0 0 0 0 0
   7       0 loop0 183 0 16168 352 0 0 0 0 0 344 116 0 0 0 0
   7       8 loop1 70 0 9008 122 0 0 0 0 0 136 32 0 0 0 0
   7      16 loop2 27 0 216 13 0 0 0 0 0 32 0 0 0 0 0
   7      24 loop3 12 0 296 8 0 0 0 0 0 32 0 0 0 0 0
   7      32 loop4 36 1 3040 29 0 0 0 0 0 56 0 0 0 0 0
   7      40 loop5 194 1 23984 297 0 0 0 0 0 408 60 0 0 0 0
   7      48 loop6 16 0 712 14 0 0 0 0 0 44 0 0 0 0 0
   7      56 loop7 24 0 1840 22 0 0 0 0 0 84 0 0 0 0 0
   7      64 loop8 25 0 1408 16 0 0 0 0 0 96 0 0 0 0 0
   7      72 loop9 541 4 51432 1350 0 0 0 0 0 1248 564 0 0 0 0
   7      80 loop10 24 0 192 17 0 0 0 0 0 28 0 0 0 0 0
   7      88 loop11 16 0 256 10 0 0 0 0 0 56 0 0 0 0 0
   7      96 loop12 538 3 68296 461 0 0 0 0 0 984 16 0 0 0 0
   7     104 loop13 27 0 216 48 0 0 0 0 0 44 8 0 0 0 0
   7     112 loop14 12 0 240 7 0 0 0 0 0 36 0 0 0 0 0
   7     120 loop15 48 0 4320 139 0 0 0 0 0 204 76 0 0 0 0
 254       0 zram0 0 0 0 0 0 0 0 0 0 0 0 0 0 0 0
 179       0 mmcblk0 2020 1821 144350 1721 12 0 48 14 0 1592 376 0 0 0 0
 179       1 mmcblk0p1 0 0 0 0 0 0 0 0 0 0 0 0 0 0 0
 179       2 mmcblk0p2 0 0 0 0 0 0 0 0 0 0 0 0 0 0 0
 179       3 mmcblk0p3 0 0 0 0 0 0 0 0 0 0 0 0 0 0 0
 179       4 mmcblk0p4 16 0 146 3 1 0 8 0 0 12 0 0 0 0 0
 179       5 mmcblk0p5 0 0 0 0 0 0 0 0 0 0 0 0 0 0 0
 179       6 mmcblk0p6 0 0 0 0 0 0 0 0 0 0 0 0 0 0 0
 179       7 mmcblk0p7 0 0 0 0 0 0 0 0 0 0 0 0 0 0 0
 179       8 mmcblk0p8 0 0 0 0 0 0 0 0 0 0 0 0 0 0 0
 179       9 mmcblk0p9 0 0 0 0 0 0 0 0 0 0 0 0 0 0 0
 179      10 mmcblk0p10 0 0 0 0 0 0 0 0 0 0 0 0 0 0 0
 179      11 mmcblk0p11 0 0 0 0 0 0 0 0 0 0 0 0 0 0 0
 179      12 mmcblk0p12 0 0 0 0 0 0 0 0 0 0 0 0 0 0 0
 179      13 mmcblk0p13 0 0 0 0 0 0 0 0 0 0 0 0 0 0 0
 179      14 mmcblk0p14 0 0 0 0 0 0 0 0 0 0 0 0 0 0 0
 179      15 mmcblk0p15 0 0 0 0 0 0 0 0 0 0 0 0 0 0 0
 179      16 mmcblk0p16 0 0 0 0 0 0 0 0 0 0 0 0 0 0 0
 179      17 mmcblk0p17 0 0 0 0 0 0 0 0 0 0 0 0 0 0 0
 179      18 mmcblk0p18 0 0 0 0 0 0 0 0 0 0 0 0 0 0 0
 179      19 mmcblk0p19 0 0 0 0 0 0 0 0 0 0 0 0 0 0 0
 179      20 mmcblk0p20 0 0 0 0 0 0 0 0 0 0 0 0 0 0 0
 179      21 mmcblk0p21 54 57 111 17 0 0 0 0 0 28 0 0 0 0 0
 179      22 mmcblk0p22 0 0 0 0 0 0 0 0 0 0 0 0 0 0 0
 179      23 mmcblk0p23 33 6 330 14 0 0 0 0 0 12 0 0 0 0 0
 179      24 mmcblk0p24 0 0 0 0 0 0 0 0 0 0 0 0 0 0 0
 179      25 mmcblk0p25 0 0 0 0 0 0 0 0 0 0 0 0 0 0 0
 179      26 mmcblk0p26 0 0 0 0 0 0 0 0 0 0 0 0 0 0 0
 179      27 mmcblk0p27 0 0 0 0 0 0 0 0 0 0 0 0 0 0 0
 179      28 mmcblk0p28 0 0 0 0 0 0 0 0 0 0 0 0 0 0 0
 179      29 mmcblk0p29 0 0 0 0 0 0 0 0 0 0 0 0 0 0 0
 179      30 mmcblk0p30 0 0 0 0 0 0 0 0 0 0 0 0 0 0 0
 179      31 mmcblk0p31 0 0 0 0 0 0 0 0 0 0 0 0 0 0 0
 259       0 mmcblk0p32 9 0 65 1 0 0 0 0 0 12 0 0 0 0 0
 259       1 mmcblk0p33 0 0 0 0 0 0 0 0 0 0 0 0 0 0 0
 259       2 mmcblk0p34 0 0 0 0 0 0 0 0 0 0 0 0 0 0 0
 259       3 mmcblk0p35 0 0 0 0 0 0 0 0 0 0 0 0 0 0 0
 259       4 mmcblk0p36 0 0 0 0 0 0 0 0 0 0 0 0 0 0 0
 259       5 mmcblk0p37 0 0 0 0 0 0 0 0 0 0 0 0 0 0 0
 259       6 mmcblk0p38 0 0 0 0 0 0 0 0 0 0 0 0 0 0 0
 259       7 mmcblk0p39 0 0 0 0 0 0 0 0 0 0 0 0 0 0 0
 259       8 mmcblk0p40 0 0 0 0 0 0 0 0 0 0 0 0 0 0 0
 259       9 mmcblk0p41 0 0 0 0 0 0 0 0 0 0 0 0 0 0 0
 259      10 mmcblk0p42 0 0 0 0 0 0 0 0 0 0 0 0 0 0 0
 259      11 mmcblk0p43 0 0 0 0 0 0 0 0 0 0 0 0 0 0 0
 259      12 mmcblk0p44 0 0 0 0 0 0 0 0 0 0 0 0 0 0 0
 259      13 mmcblk0p45 0 0 0 0 0 0 0 0 0 0 0 0 0 0 0
 259      14 mmcblk0p46 0 0 0 0 0 0 0 0 0 0 0 0 0 0 0
 259      15 mmcblk0p47 0 0 0 0 0 0 0 0 0 0 0 0 0 0 0
 259      16 mmcblk0p48 0 0 0 0 0 0 0 0 0 0 0 0 0 0 0
 259      17 mmcblk0p49 0 0 0 0 0 0 0 0 0 0 0 0 0 0 0
 259      18 mmcblk0p50 0 0 0 0 0 0 0 0 0 0 0 0 0 0 0
 259      19 mmcblk0p51 0 0 0 0 0 0 0 0 0 0 0 0 0 0 0
 259      20 mmcblk0p52 0 0 0 0 0 0 0 0 0 0 0 0 0 0 0
 259      21 mmcblk0p53 0 0 0 0 0 0 0 0 0 0 0 0 0 0 0
 259      22 mmcblk0p54 0 0 0 0 0 0 0 0 0 0 0 0 0 0 0
 259      23 mmcblk0p55 0 0 0 0 0 0 0 0 0 0 0 0 0 0 0
 259      24 mmcblk0p56 0 0 0 0 0 0 0 0 0 0 0 0 0 0 0
 259      25 mmcblk0p57 0 0 0 0 0 0 0 0 0 0 0 0 0 0 0
 259      26 mmcblk0p58 0 0 0 0 0 0 0 0 0 0 0 0 0 0 0
 259      27 mmcblk0p59 0 0 0 0 0 0 0 0 0 0 0 0 0 0 0
 259      28 mmcblk0p60 0 0 0 0 0 0 0 0 0 0 0 0 0 0 0
 259      29 mmcblk0p61 0 0 0 0 0 0 0 0 0 0 0 0 0 0 0
 259      30 mmcblk0p62 0 0 0 0 0 0 0 0 0 0 0 0 0 0 0
 259      31 mmcblk0p63 0 0 0 0 0 0 0 0 0 0 0 0 0 0 0
 259      32 mmcblk0p64 0 0 0 0 0 0 0 0 0 0 0 0 0 0 0
 259      33 mmcblk0p65 0 0 0 0 0 0 0 0 0 0 0 0 0 0 0
 259      34 mmcblk0p66 0 0 0 0 0 0 0 0 0 0 0 0 0 0 0
 259      35 mmcblk0p67 1851 1758 140712 1643 0 0 0 0 0 1520 360 0 0 0 0
 259      36 mmcblk0p68 1 0 128 1 0 0 0 0 0 4 0 0 0 0 0
 259      37 mmcblk0p69 0 0 0 0 0 0 0 0 0 0 0 0 0 0 0
 259      38 mmcblk0p70 0 0 0 0 0 0 0 0 0 0 0 0 0 0 0
 259      39 mmcblk0p71 0 0 0 0 0 0 0 0 0 0 0 0 0 0 0
 259      40 mmcblk0p72 47 0 2666 36 5 0 40 12 0 64 16 0 0 0 0
 259      41 mmcblk0p73 1 0 128 1 0 0 0 0 0 4 0 0 0 0 0
 259      42 mmcblk0p74 0 0 0 0 0 0 0 0 0 0 0 0 0 0 0
 259      43 mmcblk0p75 0 0 0 0 0 0 0 0 0 0 0 0 0 0 0
 259      44 mmcblk0p76 0 0 0 0 0 0 0 0 0 0 0 0 0 0 0
 259      45 mmcblk0p77 0 0 0 0 0 0 0 0 0 0 0 0 0 0 0
 259      46 mmcblk0p78 0 0 0 0 0 0 0 0 0 0 0 0 0 0 0
 259      47 mmcblk0p79 0 0 0 0 0 0 0 0 0 0 0 0 0 0 0
 259      48 mmcblk0p80 0 0 0 0 0 0 0 0 0 0 0 0 0 0 0
 253       0 dm-0 219 0 2432 364 0 0 0 0 0 136 364 0 0 0 0
 253       1 dm-1 5395 0 691512 13412 0 0 0 0 0 5308 13412 0 0 0 0
 253       2 dm-2 1388 0 87040 1564 0 0 0 0 0 1836 1564 0 0 0 0
 253       3 dm-3 2590 0 275568 5584 0 0 0 0 0 3596 5584 0 0 0 0
 253       4 dm-4 3966 0 680080 17376 0 0 0 0 0 5412 17376 0 0 0 0
 253       5 dm-5 1065 0 84456 2104 0 0 0 0 0 1924 2104 0 0 0 0
 253       6 dm-6 1891 0 269976 7028 0 0 0 0 0 3732 7028 0 0 0 0
 253       7 dm-7 87 0 1376 68 0 0 0 0 0 140 68 0 0 0 0
   7     128 loop16 12 0 144 16 0 0 0 0 0 44 8 0 0 0 0
   7     136 loop17 27 0 216 27 0 0 0 0 0 32 0 0 0 0 0
   7     144 loop18 12 0 120 14 0 0 0 0 0 40 4 0 0 0 0
   7     152 loop19 24 0 192 26 0 0 0 0 0 28 0 0 0 0 0
   7     160 loop20 17 0 280 11 0 0 0 0 0 48 4 0 0 0 0
   7     168 loop21 22 0 1400 14 0 0 0 0 0 68 0 0 0 0 0
   7     176 loop22 12 0 96 6 0 0 0 0 0 40 0 0 0 0 0
   7     184 loop23 92 0 8976 72 0 0 0 0 0 208 0 0 0 0 0
   7     192 loop24 28 1 2112 30 0 0 0 0 0 64 4 0 0 0 0
   7     200 loop25 32 0 1264 14 0 0 0 0 0 68 0 0 0 0 0
   7     208 loop26 11 0 88 4 0 0 0 0 0 20 0 0 0 0 0
   7     216 loop27 9 0 72 4 0 0 0 0 0 20 0 0 0 0 0
   7     224 loop28 18 0 408 8 0 0 0 0 0 64 0 0 0 0 0
   7     232 loop29 25 0 864 16 0 0 0 0 0 44 0 0 0 0 0
   7     240 loop30 21 0 504 11 0 0 0 0 0 56 0 0 0 0 0
   7     248 loop31 31 0 1720 16 0 0 0 0 0 80 0 0 0 0 0
   7     256 loop32 51 0 6560 51 0 0 0 0 0 120 4 0 0 0 0
   7     264 loop33 78 1 11352 229 0 0 0 0 3 112 124 0 0 0 0
   7     272 loop34 27 0 1352 14 0 0 0 0 0 64 0 0 0 0 0
   7     280 loop35 27 0 1840 19 0 0 0 0 0 56 0 0 0 0 0
   7     288 loop36 72 0 9048 123 0 0 0 0 0 140 44 0 0 0 0
   7     296 loop37 17 0 224 6 0 0 0 0 0 40 0 0 0 0 0
   7     304 loop38 126 1 10896 148 0 0 0 0 0 260 28 0 0 0 0
   7     312 loop39 18 0 144 7 0 0 0 0 0 24 0 0 0 0 0
 253       8 dm-8 0 0 0 0 0 0 0 0 0 0 0 0 0 0 0
 253       9 dm-9 22 0 1312 20 0 0 0 0 0 64 20 0 0 0 0
 253      10 dm-10 109 0 10752 224 0 0 0 0 0 264 224 0 0 0 0
 253      11 dm-11 455 0 67608 1056 0 0 0 0 0 1056 1056 0 0 0 0
 253      12 dm-12 0 0 0 0 0 0 0 0 0 0 0 0 0 0 0
 253      13 dm-13 65 0 11840 412 0 0 0 0 4 116 412 0 0 0 0
 253      14 dm-14 0 0 0 0 0 0 0 0 0 0 0 0 0 0 0
 253      15 dm-15 22 0 1800 4 0 0 0 0 0 52 4 0 0 0 0
 253      16 dm-16 0 0 0 0 0 0 0 0 0 0 0 0 0 0 0
 253      17 dm-17 0 0 0 0 0 0 0 0 0 0 0 0 0 0 0
 253      18 dm-18 40 0 6472 48 0 0 0 0 0 112 48 0 0 0 0
 253      19 dm-19 17 0 800 32 0 0 0 0 0 36 32 0 0 0 0
 253      20 dm-20 14 0 112 0 0 0 0 0 0 16 0 0 0 0 0
 253      21 dm-21 16 0 464 8 0 0 0 0 0 52 8 0 0 0 0
 253      22 dm-22 16 0 392 88 0 0 0 0 0 68 88 0 0 0 0
 253      23 dm-23 0 0 0 0 0 0 0 0 0 0 0 0 0 0 0
 253      24 dm-24 15 0 208 4 0 0 0 0 0 36 4 0 0 0 0
 253      25 dm-25 5 0 40 8 0 0 0 0 0 20 8 0 0 0 0
 253      26 dm-26 7 0 56 8 0 0 0 0 0 16 8 0 0 0 0
 253      27 dm-27 0 0 0 0 0 0 0 0 0 0 0 0 0 0 0
 253      28 dm-28 27 0 1224 20 0 0 0 0 0 64 20 0 0 0 0
 253      29 dm-29 0 0 0 0 0 0 0 0 0 0 0 0 0 0 0
 253      30 dm-30 0 0 0 0 0 0 0 0 0 0 0 0 0 0 0
 253      31 dm-31 0 0 0 0 0 0 0 0 0 0 0 0 0 0 0
 253      32 dm-32 26 0 1680 16 0 0 0 0 0 76 16 0 0 0 0
 253      33 dm-33 0 0 0 0 0 0 0 0 0 0 0 0 0 0 0
 253      34 dm-34 23 0 2064 76 0 0 0 0 0 64 76 0 0 0 0
 253      35 dm-35 8 0 64 24 0 0 0 0 0 36 24 0 0 0 0
 253      36 dm-36 79 0 8872 140 0 0 0 0 0 212 140 0 0 0 0
 253      37 dm-37 0 0 0 0 0 0 0 0 0 0 0 0 0 0 0
 253      38 dm-38 18 0 1368 16 0 0 0 0 0 72 16 0 0 0 0
 253      39 dm-39 13 0 248 12 0 0 0 0 0 44 12 0 0 0 0
 253      40 dm-40 0 0 0 0 0 0 0 0 0 0 0 0 0 0 0
 253      41 dm-41 0 0 0 0 0 0 0 0 0 0 0 0 0 0 0
 253      42 dm-42 0 0 0 0 0 0 0 0 0 0 0 0 0 0 0
 253      43 dm-43 2044 0 134952 3348 115 0 1688 160 2 2508 3508 0 0 0 0

1635
   1       0 ram0 0 0 0 0 0 0 0 0 0 0 0 0 0 0 0
   1       1 ram1 0 0 0 0 0 0 0 0 0 0 0 0 0 0 0
   1       2 ram2 0 0 0 0 0 0 0 0 0 0 0 0 0 0 0
   1       3 ram3 0 0 0 0 0 0 0 0 0 0 0 0 0 0 0
   1       4 ram4 0 0 0 0 0 0 0 0 0 0 0 0 0 0 0
   1       5 ram5 0 0 0 0 0 0 0 0 0 0 0 0 0 0 0
   1       6 ram6 0 0 0 0 0 0 0 0 0 0 0 0 0 0 0
   1       7 ram7 0 0 0 0 0 0 0 0 0 0 0 0 0 0 0
   1       8 ram8 0 0 0 0 0 0 0 0 0 0 0 0 0 0 0
   1       9 ram9 0 0 0 0 0 0 0 0 0 0 0 0 0 0 0
   1      10 ram10 0 0 0 0 0 0 0 0 0 0 0 0 0 0 0
   1      11 ram11 0 0 0 0 0 0 0 0 0 0 0 0 0 0 0
   1      12 ram12 0 0 0 0 0 0 0 0 0 0 0 0 0 0 0
   1      13 ram13 0 0 0 0 0 0 0 0 0 0 0 0 0 0 0
   1      14 ram14 0 0 0 0 0 0 0 0 0 0 0 0 0 0 0
   1      15 ram15 0 0 0 0 0 0 0 0 0 0 0 0 0 0 0
   7       0 loop0 183 0 16168 352 0 0 0 0 0 344 116 0 0 0 0
   7       8 loop1 70 0 9008 122 0 0 0 0 0 136 32 0 0 0 0
   7      16 loop2 27 0 216 13 0 0 0 0 0 32 0 0 0 0 0
   7      24 loop3 12 0 296 8 0 0 0 0 0 32 0 0 0 0 0
   7      32 loop4 36 1 3040 29 0 0 0 0 0 56 0 0 0 0 0
   7      40 loop5 194 1 23984 297 0 0 0 0 0 408 60 0 0 0 0
   7      48 loop6 16 0 712 14 0 0 0 0 0 44 0 0 0 0 0
   7      56 loop7 24 0 1840 22 0 0 0 0 0 84 0 0 0 0 0
   7      64 loop8 25 0 1408 16 0 0 0 0 0 96 0 0 0 0 0
   7      72 loop9 562 4 53672 1416 0 0 0 0 0 1348 588 0 0 0 0
   7      80 loop10 24 0 192 17 0 0 0 0 0 28 0 0 0 0 0
   7      88 loop11 16 0 256 10 0 0 0 0 0 56 0 0 0 0 0
   7      96 loop12 542 3 68896 471 0 0 0 0 0 1008 16 0 0 0 0
   7     104 loop13 27 0 216 48 0 0 0 0 0 44 8 0 0 0 0
   7     112 loop14 12 0 240 7 0 0 0 0 0 36 0 0 0 0 0
   7     120 loop15 48 0 4320 139 0 0 0 0 0 204 76 0 0 0 0
 254       0 zram0 0 0 0 0 0 0 0 0 0 0 0 0 0 0 0
 179       0 mmcblk0 2020 1821 144350 1721 12 0 48 14 0 1592 376 0 0 0 0
 179       1 mmcblk0p1 0 0 0 0 0 0 0 0 0 0 0 0 0 0 0
 179       2 mmcblk0p2 0 0 0 0 0 0 0 0 0 0 0 0 0 0 0
 179       3 mmcblk0p3 0 0 0 0 0 0 0 0 0 0 0 0 0 0 0
 179       4 mmcblk0p4 16 0 146 3 1 0 8 0 0 12 0 0 0 0 0
 179       5 mmcblk0p5 0 0 0 0 0 0 0 0 0 0 0 0 0 0 0
 179       6 mmcblk0p6 0 0 0 0 0 0 0 0 0 0 0 0 0 0 0
 179       7 mmcblk0p7 0 0 0 0 0 0 0 0 0 0 0 0 0 0 0
 179       8 mmcblk0p8 0 0 0 0 0 0 0 0 0 0 0 0 0 0 0
 179       9 mmcblk0p9 0 0 0 0 0 0 0 0 0 0 0 0 0 0 0
 179      10 mmcblk0p10 0 0 0 0 0 0 0 0 0 0 0 0 0 0 0
 179      11 mmcblk0p11 0 0 0 0 0 0 0 0 0 0 0 0 0 0 0
 179      12 mmcblk0p12 0 0 0 0 0 0 0 0 0 0 0 0 0 0 0
 179      13 mmcblk0p13 0 0 0 0 0 0 0 0 0 0 0 0 0 0 0
 179      14 mmcblk0p14 0 0 0 0 0 0 0 0 0 0 0 0 0 0 0
 179      15 mmcblk0p15 0 0 0 0 0 0 0 0 0 0 0 0 0 0 0
 179      16 mmcblk0p16 0 0 0 0 0 0 0 0 0 0 0 0 0 0 0
 179      17 mmcblk0p17 0 0 0 0 0 0 0 0 0 0 0 0 0 0 0
 179      18 mmcblk0p18 0 0 0 0 0 0 0 0 0 0 0 0 0 0 0
 179      19 mmcblk0p19 0 0 0 0 0 0 0 0 0 0 0 0 0 0 0
 179      20 mmcblk0p20 0 0 0 0 0 0 0 0 0 0 0 0 0 0 0
 179      21 mmcblk0p21 54 57 111 17 0 0 0 0 0 28 0 0 0 0 0
 179      22 mmcblk0p22 0 0 0 0 0 0 0 0 0 0 0 0 0 0 0
 179      23 mmcblk0p23 33 6 330 14 0 0 0 0 0 12 0 0 0 0 0
 179      24 mmcblk0p24 0 0 0 0 0 0 0 0 0 0 0 0 0 0 0
 179      25 mmcblk0p25 0 0 0 0 0 0 0 0 0 0 0 0 0 0 0
 179      26 mmcblk0p26 0 0 0 0 0 0 0 0 0 0 0 0 0 0 0
 179      27 mmcblk0p27 0 0 0 0 0 0 0 0 0 0 0 0 0 0 0
 179      28 mmcblk0p28 0 0 0 0 0 0 0 0 0 0 0 0 0 0 0
 179      29 mmcblk0p29 0 0 0 0 0 0 0 0 0 0 0 0 0 0 0
 179      30 mmcblk0p30 0 0 0 0 0 0 0 0 0 0 0 0 0 0 0
 179      31 mmcblk0p31 0 0 0 0 0 0 0 0 0 0 0 0 0 0 0
 259       0 mmcblk0p32 9 0 65 1 0 0 0 0 0 12 0 0 0 0 0
 259       1 mmcblk0p33 0 0 0 0 0 0 0 0 0 0 0 0 0 0 0
 259       2 mmcblk0p34 0 0 0 0 0 0 0 0 0 0 0 0 0 0 0
 259       3 mmcblk0p35 0 0 0 0 0 0 0 0 0 0 0 0 0 0 0
 259       4 mmcblk0p36 0 0 0 0 0 0 0 0 0 0 0 0 0 0 0
 259       5 mmcblk0p37 0 0 0 0 0 0 0 0 0 0 0 0 0 0 0
 259       6 mmcblk0p38 0 0 0 0 0 0 0 0 0 0 0 0 0 0 0
 259       7 mmcblk0p39 0 0 0 0 0 0 0 0 0 0 0 0 0 0 0
 259       8 mmcblk0p40 0 0 0 0 0 0 0 0 0 0 0 0 0 0 0
 259       9 mmcblk0p41 0 0 0 0 0 0 0 0 0 0 0 0 0 0 0
 259      10 mmcblk0p42 0 0 0 0 0 0 0 0 0 0 0 0 0 0 0
 259      11 mmcblk0p43 0 0 0 0 0 0 0 0 0 0 0 0 0 0 0
 259      12 mmcblk0p44 0 0 0 0 0 0 0 0 0 0 0 0 0 0 0
 259      13 mmcblk0p45 0 0 0 0 0 0 0 0 0 0 0 0 0 0 0
 259      14 mmcblk0p46 0 0 0 0 0 0 0 0 0 0 0 0 0 0 0
 259      15 mmcblk0p47 0 0 0 0 0 0 0 0 0 0 0 0 0 0 0
 259      16 mmcblk0p48 0 0 0 0 0 0 0 0 0 0 0 0 0 0 0
 259      17 mmcblk0p49 0 0 0 0 0 0 0 0 0 0 0 0 0 0 0
 259      18 mmcblk0p50 0 0 0 0 0 0 0 0 0 0 0 0 0 0 0
 259      19 mmcblk0p51 0 0 0 0 0 0 0 0 0 0 0 0 0 0 0
 259      20 mmcblk0p52 0 0 0 0 0 0 0 0 0 0 0 0 0 0 0
 259      21 mmcblk0p53 0 0 0 0 0 0 0 0 0 0 0 0 0 0 0
 259      22 mmcblk0p54 0 0 0 0 0 0 0 0 0 0 0 0 0 0 0
 259      23 mmcblk0p55 0 0 0 0 0 0 0 0 0 0 0 0 0 0 0
 259      24 mmcblk0p56 0 0 0 0 0 0 0 0 0 0 0 0 0 0 0
 259      25 mmcblk0p57 0 0 0 0 0 0 0 0 0 0 0 0 0 0 0
 259      26 mmcblk0p58 0 0 0 0 0 0 0 0 0 0 0 0 0 0 0
 259      27 mmcblk0p59 0 0 0 0 0 0 0 0 0 0 0 0 0 0 0
 259      28 mmcblk0p60 0 0 0 0 0 0 0 0 0 0 0 0 0 0 0
 259      29 mmcblk0p61 0 0 0 0 0 0 0 0 0 0 0 0 0 0 0
 259      30 mmcblk0p62 0 0 0 0 0 0 0 0 0 0 0 0 0 0 0
 259      31 mmcblk0p63 0 0 0 0 0 0 0 0 0 0 0 0 0 0 0
 259      32 mmcblk0p64 0 0 0 0 0 0 0 0 0 0 0 0 0 0 0
 259      33 mmcblk0p65 0 0 0 0 0 0 0 0 0 0 0 0 0 0 0
 259      34 mmcblk0p66 0 0 0 0 0 0 0 0 0 0 0 0 0 0 0
 259      35 mmcblk0p67 1851 1758 140712 1643 0 0 0 0 0 1520 360 0 0 0 0
 259      36 mmcblk0p68 1 0 128 1 0 0 0 0 0 4 0 0 0 0 0
 259      37 mmcblk0p69 0 0 0 0 0 0 0 0 0 0 0 0 0 0 0
 259      38 mmcblk0p70 0 0 0 0 0 0 0 0 0 0 0 0 0 0 0
 259      39 mmcblk0p71 0 0 0 0 0 0 0 0 0 0 0 0 0 0 0
 259      40 mmcblk0p72 47 0 2666 36 5 0 40 12 0 64 16 0 0 0 0
 259      41 mmcblk0p73 1 0 128 1 0 0 0 0 0 4 0 0 0 0 0
 259      42 mmcblk0p74 0 0 0 0 0 0 0 0 0 0 0 0 0 0 0
 259      43 mmcblk0p75 0 0 0 0 0 0 0 0 0 0 0 0 0 0 0
 259      44 mmcblk0p76 0 0 0 0 0 0 0 0 0 0 0 0 0 0 0
 259      45 mmcblk0p77 0 0 0 0 0 0 0 0 0 0 0 0 0 0 0
 259      46 mmcblk0p78 0 0 0 0 0 0 0 0 0 0 0 0 0 0 0
 259      47 mmcblk0p79 0 0 0 0 0 0 0 0 0 0 0 0 0 0 0
 259      48 mmcblk0p80 0 0 0 0 0 0 0 0 0 0 0 0 0 0 0
 253       0 dm-0 219 0 2432 364 0 0 0 0 0 136 364 0 0 0 0
 253       1 dm-1 5527 0 713880 13572 0 0 0 0 0 5648 13572 0 0 0 0
 253       2 dm-2 1413 0 89392 1600 0 0 0 0 0 1936 1600 0 0 0 0
 253       3 dm-3 2666 0 282824 5648 0 0 0 0 0 3760 5648 0 0 0 0
 253       4 dm-4 4098 0 702448 17900 0 0 0 0 1 5752 17900 0 0 0 0
 253       5 dm-5 1088 0 86792 2180 0 0 0 0 0 2036 2180 0 0 0 0
 253       6 dm-6 1954 0 277128 7328 0 0 0 0 2 3896 7328 0 0 0 0
 253       7 dm-7 87 0 1376 68 0 0 0 0 0 140 68 0 0 0 0
   7     128 loop16 12 0 144 16 0 0 0 0 0 44 8 0 0 0 0
   7     136 loop17 27 0 216 27 0 0 0 0 0 32 0 0 0 0 0
   7     144 loop18 12 0 120 14 0 0 0 0 0 40 4 0 0 0 0
   7     152 loop19 24 0 192 26 0 0 0 0 0 28 0 0 0 0 0
   7     160 loop20 17 0 280 11 0 0 0 0 0 48 4 0 0 0 0
   7     168 loop21 22 0 1400 14 0 0 0 0 0 68 0 0 0 0 0
   7     176 loop22 12 0 96 6 0 0 0 0 0 40 0 0 0 0 0
   7     184 loop23 92 0 8976 72 0 0 0 0 0 208 0 0 0 0 0
   7     192 loop24 28 1 2112 30 0 0 0 0 0 64 4 0 0 0 0
   7     200 loop25 32 0 1264 14 0 0 0 0 0 68 0 0 0 0 0
   7     208 loop26 11 0 88 4 0 0 0 0 0 20 0 0 0 0 0
   7     216 loop27 9 0 72 4 0 0 0 0 0 20 0 0 0 0 0
   7     224 loop28 18 0 408 8 0 0 0 0 0 64 0 0 0 0 0
   7     232 loop29 32 0 1688 28 0 0 0 0 0 60 0 0 0 0 0
   7     240 loop30 21 0 504 11 0 0 0 0 0 56 0 0 0 0 0
   7     248 loop31 31 0 1720 16 0 0 0 0 0 80 0 0 0 0 0
   7     256 loop32 51 0 6560 51 0 0 0 0 0 120 4 0 0 0 0
   7     264 loop33 81 1 11976 233 0 0 0 0 0 116 124 0 0 0 0
   7     272 loop34 27 0 1352 14 0 0 0 0 0 64 0 0 0 0 0
   7     280 loop35 27 0 1840 19 0 0 0 0 0 56 0 0 0 0 0
   7     288 loop36 72 0 9048 123 0 0 0 0 0 140 44 0 0 0 0
   7     296 loop37 17 0 224 6 0 0 0 0 0 40 0 0 0 0 0
   7     304 loop38 127 1 10920 149 0 0 0 0 0 264 28 0 0 0 0
   7     312 loop39 18 0 144 7 0 0 0 0 0 24 0 0 0 0 0
 253       8 dm-8 0 0 0 0 0 0 0 0 0 0 0 0 0 0 0
 253       9 dm-9 22 0 1312 20 0 0 0 0 0 64 20 0 0 0 0
 253      10 dm-10 110 0 10776 224 0 0 0 0 0 268 224 0 0 0 0
 253      11 dm-11 459 0 68208 1068 0 0 0 0 0 1080 1068 0 0 0 0
 253      12 dm-12 0 0 0 0 0 0 0 0 0 0 0 0 0 0 0
 253      13 dm-13 65 0 11840 456 0 0 0 0 0 120 456 0 0 0 0
 253      14 dm-14 0 0 0 0 0 0 0 0 0 0 0 0 0 0 0
 253      15 dm-15 22 0 1800 4 0 0 0 0 0 52 4 0 0 0 0
 253      16 dm-16 0 0 0 0 0 0 0 0 0 0 0 0 0 0 0
 253      17 dm-17 0 0 0 0 0 0 0 0 0 0 0 0 0 0 0
 253      18 dm-18 40 0 6472 48 0 0 0 0 0 112 48 0 0 0 0
 253      19 dm-19 23 0 1616 40 0 0 0 0 0 52 40 0 0 0 0
 253      20 dm-20 14 0 112 0 0 0 0 0 0 16 0 0 0 0 0
 253      21 dm-21 16 0 464 8 0 0 0 0 0 52 8 0 0 0 0
 253      22 dm-22 16 0 392 88 0 0 0 0 0 68 88 0 0 0 0
 253      23 dm-23 0 0 0 0 0 0 0 0 0 0 0 0 0 0 0
 253      24 dm-24 15 0 208 4 0 0 0 0 0 36 4 0 0 0 0
 253      25 dm-25 5 0 40 8 0 0 0 0 0 20 8 0 0 0 0
 253      26 dm-26 7 0 56 8 0 0 0 0 0 16 8 0 0 0 0
 253      27 dm-27 0 0 0 0 0 0 0 0 0 0 0 0 0 0 0
 253      28 dm-28 27 0 1224 20 0 0 0 0 0 64 20 0 0 0 0
 253      29 dm-29 0 0 0 0 0 0 0 0 0 0 0 0 0 0 0
 253      30 dm-30 0 0 0 0 0 0 0 0 0 0 0 0 0 0 0
 253      31 dm-31 0 0 0 0 0 0 0 0 0 0 0 0 0 0 0
 253      32 dm-32 26 0 1680 16 0 0 0 0 0 76 16 0 0 0 0
 253      33 dm-33 0 0 0 0 0 0 0 0 0 0 0 0 0 0 0
 253      34 dm-34 23 0 2064 76 0 0 0 0 0 64 76 0 0 0 0
 253      35 dm-35 8 0 64 24 0 0 0 0 0 36 24 0 0 0 0
 253      36 dm-36 79 0 8872 140 0 0 0 0 0 212 140 0 0 0 0
 253      37 dm-37 0 0 0 0 0 0 0 0 0 0 0 0 0 0 0
 253      38 dm-38 18 0 1368 16 0 0 0 0 0 72 16 0 0 0 0
 253      39 dm-39 13 0 248 12 0 0 0 0 0 44 12 0 0 0 0
 253      40 dm-40 0 0 0 0 0 0 0 0 0 0 0 0 0 0 0
 253      41 dm-41 0 0 0 0 0 0 0 0 0 0 0 0 0 0 0
 253      42 dm-42 0 0 0 0 0 0 0 0 0 0 0 0 0 0 0
 253      43 dm-43 2065 0 136472 3368 127 0 1856 168 0 2580 3536 0 0 0 0

1706
   1       0 ram0 0 0 0 0 0 0 0 0 0 0 0 0 0 0 0
   1       1 ram1 0 0 0 0 0 0 0 0 0 0 0 0 0 0 0
   1       2 ram2 0 0 0 0 0 0 0 0 0 0 0 0 0 0 0
   1       3 ram3 0 0 0 0 0 0 0 0 0 0 0 0 0 0 0
   1       4 ram4 0 0 0 0 0 0 0 0 0 0 0 0 0 0 0
   1       5 ram5 0 0 0 0 0 0 0 0 0 0 0 0 0 0 0
   1       6 ram6 0 0 0 0 0 0 0 0 0 0 0 0 0 0 0
   1       7 ram7 0 0 0 0 0 0 0 0 0 0 0 0 0 0 0
   1       8 ram8 0 0 0 0 0 0 0 0 0 0 0 0 0 0 0
   1       9 ram9 0 0 0 0 0 0 0 0 0 0 0 0 0 0 0
   1      10 ram10 0 0 0 0 0 0 0 0 0 0 0 0 0 0 0
   1      11 ram11 0 0 0 0 0 0 0 0 0 0 0 0 0 0 0
   1      12 ram12 0 0 0 0 0 0 0 0 0 0 0 0 0 0 0
   1      13 ram13 0 0 0 0 0 0 0 0 0 0 0 0 0 0 0
   1      14 ram14 0 0 0 0 0 0 0 0 0 0 0 0 0 0 0
   1      15 ram15 0 0 0 0 0 0 0 0 0 0 0 0 0 0 0
   7       0 loop0 183 0 16168 352 0 0 0 0 0 344 116 0 0 0 0
   7       8 loop1 70 0 9008 122 0 0 0 0 0 136 32 0 0 0 0
   7      16 loop2 27 0 216 13 0 0 0 0 0 32 0 0 0 0 0
   7      24 loop3 12 0 296 8 0 0 0 0 0 32 0 0 0 0 0
   7      32 loop4 36 1 3040 29 0 0 0 0 0 56 0 0 0 0 0
   7      40 loop5 194 1 23984 297 0 0 0 0 0 408 60 0 0 0 0
   7      48 loop6 16 0 712 14 0 0 0 0 0 44 0 0 0 0 0
   7      56 loop7 24 0 1840 22 0 0 0 0 0 84 0 0 0 0 0
   7      64 loop8 25 0 1408 16 0 0 0 0 0 96 0 0 0 0 0
   7      72 loop9 622 4 57832 1616 0 0 0 0 0 1568 700 0 0 0 0
   7      80 loop10 24 0 192 17 0 0 0 0 0 28 0 0 0 0 0
   7      88 loop11 16 0 256 10 0 0 0 0 0 56 0 0 0 0 0
   7      96 loop12 542 3 68896 471 0 0 0 0 0 1008 16 0 0 0 0
   7     104 loop13 27 0 216 48 0 0 0 0 0 44 8 0 0 0 0
   7     112 loop14 12 0 240 7 0 0 0 0 0 36 0 0 0 0 0
   7     120 loop15 48 0 4320 139 0 0 0 0 0 204 76 0 0 0 0
 254       0 zram0 0 0 0 0 0 0 0 0 0 0 0 0 0 0 0
 179       0 mmcblk0 2020 1821 144350 1721 12 0 48 14 0 1592 376 0 0 0 0
 179       1 mmcblk0p1 0 0 0 0 0 0 0 0 0 0 0 0 0 0 0
 179       2 mmcblk0p2 0 0 0 0 0 0 0 0 0 0 0 0 0 0 0
 179       3 mmcblk0p3 0 0 0 0 0 0 0 0 0 0 0 0 0 0 0
 179       4 mmcblk0p4 16 0 146 3 1 0 8 0 0 12 0 0 0 0 0
 179       5 mmcblk0p5 0 0 0 0 0 0 0 0 0 0 0 0 0 0 0
 179       6 mmcblk0p6 0 0 0 0 0 0 0 0 0 0 0 0 0 0 0
 179       7 mmcblk0p7 0 0 0 0 0 0 0 0 0 0 0 0 0 0 0
 179       8 mmcblk0p8 0 0 0 0 0 0 0 0 0 0 0 0 0 0 0
 179       9 mmcblk0p9 0 0 0 0 0 0 0 0 0 0 0 0 0 0 0
 179      10 mmcblk0p10 0 0 0 0 0 0 0 0 0 0 0 0 0 0 0
 179      11 mmcblk0p11 0 0 0 0 0 0 0 0 0 0 0 0 0 0 0
 179      12 mmcblk0p12 0 0 0 0 0 0 0 0 0 0 0 0 0 0 0
 179      13 mmcblk0p13 0 0 0 0 0 0 0 0 0 0 0 0 0 0 0
 179      14 mmcblk0p14 0 0 0 0 0 0 0 0 0 0 0 0 0 0 0
 179      15 mmcblk0p15 0 0 0 0 0 0 0 0 0 0 0 0 0 0 0
 179      16 mmcblk0p16 0 0 0 0 0 0 0 0 0 0 0 0 0 0 0
 179      17 mmcblk0p17 0 0 0 0 0 0 0 0 0 0 0 0 0 0 0
 179      18 mmcblk0p18 0 0 0 0 0 0 0 0 0 0 0 0 0 0 0
 179      19 mmcblk0p19 0 0 0 0 0 0 0 0 0 0 0 0 0 0 0
 179      20 mmcblk0p20 0 0 0 0 0 0 0 0 0 0 0 0 0 0 0
 179      21 mmcblk0p21 54 57 111 17 0 0 0 0 0 28 0 0 0 0 0
 179      22 mmcblk0p22 0 0 0 0 0 0 0 0 0 0 0 0 0 0 0
 179      23 mmcblk0p23 33 6 330 14 0 0 0 0 0 12 0 0 0 0 0
 179      24 mmcblk0p24 0 0 0 0 0 0 0 0 0 0 0 0 0 0 0
 179      25 mmcblk0p25 0 0 0 0 0 0 0 0 0 0 0 0 0 0 0
 179      26 mmcblk0p26 0 0 0 0 0 0 0 0 0 0 0 0 0 0 0
 179      27 mmcblk0p27 0 0 0 0 0 0 0 0 0 0 0 0 0 0 0
 179      28 mmcblk0p28 0 0 0 0 0 0 0 0 0 0 0 0 0 0 0
 179      29 mmcblk0p29 0 0 0 0 0 0 0 0 0 0 0 0 0 0 0
 179      30 mmcblk0p30 0 0 0 0 0 0 0 0 0 0 0 0 0 0 0
 179      31 mmcblk0p31 0 0 0 0 0 0 0 0 0 0 0 0 0 0 0
 259       0 mmcblk0p32 9 0 65 1 0 0 0 0 0 12 0 0 0 0 0
 259       1 mmcblk0p33 0 0 0 0 0 0 0 0 0 0 0 0 0 0 0
 259       2 mmcblk0p34 0 0 0 0 0 0 0 0 0 0 0 0 0 0 0
 259       3 mmcblk0p35 0 0 0 0 0 0 0 0 0 0 0 0 0 0 0
 259       4 mmcblk0p36 0 0 0 0 0 0 0 0 0 0 0 0 0 0 0
 259       5 mmcblk0p37 0 0 0 0 0 0 0 0 0 0 0 0 0 0 0
 259       6 mmcblk0p38 0 0 0 0 0 0 0 0 0 0 0 0 0 0 0
 259       7 mmcblk0p39 0 0 0 0 0 0 0 0 0 0 0 0 0 0 0
 259       8 mmcblk0p40 0 0 0 0 0 0 0 0 0 0 0 0 0 0 0
 259       9 mmcblk0p41 0 0 0 0 0 0 0 0 0 0 0 0 0 0 0
 259      10 mmcblk0p42 0 0 0 0 0 0 0 0 0 0 0 0 0 0 0
 259      11 mmcblk0p43 0 0 0 0 0 0 0 0 0 0 0 0 0 0 0
 259      12 mmcblk0p44 0 0 0 0 0 0 0 0 0 0 0 0 0 0 0
 259      13 mmcblk0p45 0 0 0 0 0 0 0 0 0 0 0 0 0 0 0
 259      14 mmcblk0p46 0 0 0 0 0 0 0 0 0 0 0 0 0 0 0
 259      15 mmcblk0p47 0 0 0 0 0 0 0 0 0 0 0 0 0 0 0
 259      16 mmcblk0p48 0 0 0 0 0 0 0 0 0 0 0 0 0 0 0
 259      17 mmcblk0p49 0 0 0 0 0 0 0 0 0 0 0 0 0 0 0
 259      18 mmcblk0p50 0 0 0 0 0 0 0 0 0 0 0 0 0 0 0
 259      19 mmcblk0p51 0 0 0 0 0 0 0 0 0 0 0 0 0 0 0
 259      20 mmcblk0p52 0 0 0 0 0 0 0 0 0 0 0 0 0 0 0
 259      21 mmcblk0p53 0 0 0 0 0 0 0 0 0 0 0 0 0 0 0
 259      22 mmcblk0p54 0 0 0 0 0 0 0 0 0 0 0 0 0 0 0
 259      23 mmcblk0p55 0 0 0 0 0 0 0 0 0 0 0 0 0 0 0
 259      24 mmcblk0p56 0 0 0 0 0 0 0 0 0 0 0 0 0 0 0
 259      25 mmcblk0p57 0 0 0 0 0 0 0 0 0 0 0 0 0 0 0
 259      26 mmcblk0p58 0 0 0 0 0 0 0 0 0 0 0 0 0 0 0
 259      27 mmcblk0p59 0 0 0 0 0 0 0 0 0 0 0 0 0 0 0
 259      28 mmcblk0p60 0 0 0 0 0 0 0 0 0 0 0 0 0 0 0
 259      29 mmcblk0p61 0 0 0 0 0 0 0 0 0 0 0 0 0 0 0
 259      30 mmcblk0p62 0 0 0 0 0 0 0 0 0 0 0 0 0 0 0
 259      31 mmcblk0p63 0 0 0 0 0 0 0 0 0 0 0 0 0 0 0
 259      32 mmcblk0p64 0 0 0 0 0 0 0 0 0 0 0 0 0 0 0
 259      33 mmcblk0p65 0 0 0 0 0 0 0 0 0 0 0 0 0 0 0
 259      34 mmcblk0p66 0 0 0 0 0 0 0 0 0 0 0 0 0 0 0
 259      35 mmcblk0p67 1851 1758 140712 1643 0 0 0 0 0 1520 360 0 0 0 0
 259      36 mmcblk0p68 1 0 128 1 0 0 0 0 0 4 0 0 0 0 0
 259      37 mmcblk0p69 0 0 0 0 0 0 0 0 0 0 0 0 0 0 0
 259      38 mmcblk0p70 0 0 0 0 0 0 0 0 0 0 0 0 0 0 0
 259      39 mmcblk0p71 0 0 0 0 0 0 0 0 0 0 0 0 0 0 0
 259      40 mmcblk0p72 47 0 2666 36 5 0 40 12 0 64 16 0 0 0 0
 259      41 mmcblk0p73 1 0 128 1 0 0 0 0 0 4 0 0 0 0 0
 259      42 mmcblk0p74 0 0 0 0 0 0 0 0 0 0 0 0 0 0 0
 259      43 mmcblk0p75 0 0 0 0 0 0 0 0 0 0 0 0 0 0 0
 259      44 mmcblk0p76 0 0 0 0 0 0 0 0 0 0 0 0 0 0 0
 259      45 mmcblk0p77 0 0 0 0 0 0 0 0 0 0 0 0 0 0 0
 259      46 mmcblk0p78 0 0 0 0 0 0 0 0 0 0 0 0 0 0 0
 259      47 mmcblk0p79 0 0 0 0 0 0 0 0 0 0 0 0 0 0 0
 259      48 mmcblk0p80 0 0 0 0 0 0 0 0 0 0 0 0 0 0 0
 253       0 dm-0 219 0 2432 364 0 0 0 0 0 136 364 0 0 0 0
 253       1 dm-1 5629 0 729824 13624 0 0 0 0 0 5928 13624 0 0 0 0
 253       2 dm-2 1482 0 93744 1640 0 0 0 0 0 2144 1640 0 0 0 0
 253       3 dm-3 2918 0 317496 5872 0 0 0 0 0 4228 5872 0 0 0 0
 253       4 dm-4 4200 0 718392 18296 0 0 0 0 0 6080 18296 0 0 0 0
 253       5 dm-5 1152 0 91104 2376 0 0 0 0 0 2268 2376 0 0 0 0
 253       6 dm-6 2190 0 311672 8300 0 0 0 0 0 4388 8300 0 0 0 0
 253       7 dm-7 87 0 1376 68 0 0 0 0 0 140 68 0 0 0 0
   7     128 loop16 12 0 144 16 0 0 0 0 0 44 8 0 0 0 0
   7     136 loop17 27 0 216 27 0 0 0 0 0 32 0 0 0 0 0
   7     144 loop18 12 0 120 14 0 0 0 0 0 40 4 0 0 0 0
   7     152 loop19 24 0 192 26 0 0 0 0 0 28 0 0 0 0 0
   7     160 loop20 17 0 280 11 0 0 0 0 0 48 4 0 0 0 0
   7     168 loop21 22 0 1400 14 0 0 0 0 0 68 0 0 0 0 0
   7     176 loop22 12 0 96 6 0 0 0 0 0 40 0 0 0 0 0
   7     184 loop23 92 0 8976 72 0 0 0 0 0 208 0 0 0 0 0
   7     192 loop24 28 1 2112 30 0 0 0 0 0 64 4 0 0 0 0
   7     200 loop25 32 0 1264 14 0 0 0 0 0 68 0 0 0 0 0
   7     208 loop26 11 0 88 4 0 0 0 0 0 20 0 0 0 0 0
   7     216 loop27 9 0 72 4 0 0 0 0 0 20 0 0 0 0 0
   7     224 loop28 18 0 408 8 0 0 0 0 0 64 0 0 0 0 0
   7     232 loop29 32 0 1688 28 0 0 0 0 0 60 0 0 0 0 0
   7     240 loop30 21 0 504 11 0 0 0 0 0 56 0 0 0 0 0
   7     248 loop31 31 0 1720 16 0 0 0 0 0 80 0 0 0 0 0
   7     256 loop32 51 0 6560 51 0 0 0 0 0 120 4 0 0 0 0
   7     264 loop33 81 1 11976 233 0 0 0 0 0 116 124 0 0 0 0
   7     272 loop34 27 0 1352 14 0 0 0 0 0 64 0 0 0 0 0
   7     280 loop35 27 0 1840 19 0 0 0 0 0 56 0 0 0 0 0
   7     288 loop36 72 0 9048 123 0 0 0 0 0 140 44 0 0 0 0
   7     296 loop37 17 0 224 6 0 0 0 0 0 40 0 0 0 0 0
   7     304 loop38 127 1 10920 149 0 0 0 0 0 264 28 0 0 0 0
   7     312 loop39 59 2 3184 36 0 0 0 0 0 160 0 0 0 0 0
 253       8 dm-8 0 0 0 0 0 0 0 0 0 0 0 0 0 0 0
 253       9 dm-9 22 0 1312 20 0 0 0 0 0 64 20 0 0 0 0
 253      10 dm-10 110 0 10776 224 0 0 0 0 0 268 224 0 0 0 0
 253      11 dm-11 459 0 68208 1068 0 0 0 0 0 1080 1068 0 0 0 0
 253      12 dm-12 0 0 0 0 0 0 0 0 0 0 0 0 0 0 0
 253      13 dm-13 65 0 11840 456 0 0 0 0 0 120 456 0 0 0 0
 253      14 dm-14 0 0 0 0 0 0 0 0 0 0 0 0 0 0 0
 253      15 dm-15 22 0 1800 4 0 0 0 0 0 52 4 0 0 0 0
 253      16 dm-16 0 0 0 0 0 0 0 0 0 0 0 0 0 0 0
 253      17 dm-17 0 0 0 0 0 0 0 0 0 0 0 0 0 0 0
 253      18 dm-18 40 0 6472 48 0 0 0 0 0 112 48 0 0 0 0
 253      19 dm-19 23 0 1616 40 0 0 0 0 0 52 40 0 0 0 0
 253      20 dm-20 46 0 3064 96 0 0 0 0 0 160 96 0 0 0 0
 253      21 dm-21 16 0 464 8 0 0 0 0 0 52 8 0 0 0 0
 253      22 dm-22 16 0 392 88 0 0 0 0 0 68 88 0 0 0 0
 253      23 dm-23 0 0 0 0 0 0 0 0 0 0 0 0 0 0 0
 253      24 dm-24 15 0 208 4 0 0 0 0 0 36 4 0 0 0 0
 253      25 dm-25 5 0 40 8 0 0 0 0 0 20 8 0 0 0 0
 253      26 dm-26 7 0 56 8 0 0 0 0 0 16 8 0 0 0 0
 253      27 dm-27 0 0 0 0 0 0 0 0 0 0 0 0 0 0 0
 253      28 dm-28 27 0 1224 20 0 0 0 0 0 64 20 0 0 0 0
 253      29 dm-29 0 0 0 0 0 0 0 0 0 0 0 0 0 0 0
 253      30 dm-30 0 0 0 0 0 0 0 0 0 0 0 0 0 0 0
 253      31 dm-31 0 0 0 0 0 0 0 0 0 0 0 0 0 0 0
 253      32 dm-32 26 0 1680 16 0 0 0 0 0 76 16 0 0 0 0
 253      33 dm-33 0 0 0 0 0 0 0 0 0 0 0 0 0 0 0
 253      34 dm-34 23 0 2064 76 0 0 0 0 0 64 76 0 0 0 0
 253      35 dm-35 8 0 64 24 0 0 0 0 0 36 24 0 0 0 0
 253      36 dm-36 79 0 8872 140 0 0 0 0 0 212 140 0 0 0 0
 253      37 dm-37 0 0 0 0 0 0 0 0 0 0 0 0 0 0 0
 253      38 dm-38 18 0 1368 16 0 0 0 0 0 72 16 0 0 0 0
 253      39 dm-39 13 0 248 12 0 0 0 0 0 44 12 0 0 0 0
 253      40 dm-40 0 0 0 0 0 0 0 0 0 0 0 0 0 0 0
 253      41 dm-41 0 0 0 0 0 0 0 0 0 0 0 0 0 0 0
 253      42 dm-42 0 0 0 0 0 0 0 0 0 0 0 0 0 0 0
 253      43 dm-43 2108 0 139528 3396 127 0 1856 168 0 2716 3564 0 0 0 0

1759
   1       0 ram0 0 0 0 0 0 0 0 0 0 0 0 0 0 0 0
   1       1 ram1 0 0 0 0 0 0 0 0 0 0 0 0 0 0 0
   1       2 ram2 0 0 0 0 0 0 0 0 0 0 0 0 0 0 0
   1       3 ram3 0 0 0 0 0 0 0 0 0 0 0 0 0 0 0
   1       4 ram4 0 0 0 0 0 0 0 0 0 0 0 0 0 0 0
   1       5 ram5 0 0 0 0 0 0 0 0 0 0 0 0 0 0 0
   1       6 ram6 0 0 0 0 0 0 0 0 0 0 0 0 0 0 0
   1       7 ram7 0 0 0 0 0 0 0 0 0 0 0 0 0 0 0
   1       8 ram8 0 0 0 0 0 0 0 0 0 0 0 0 0 0 0
   1       9 ram9 0 0 0 0 0 0 0 0 0 0 0 0 0 0 0
   1      10 ram10 0 0 0 0 0 0 0 0 0 0 0 0 0 0 0
   1      11 ram11 0 0 0 0 0 0 0 0 0 0 0 0 0 0 0
   1      12 ram12 0 0 0 0 0 0 0 0 0 0 0 0 0 0 0
   1      13 ram13 0 0 0 0 0 0 0 0 0 0 0 0 0 0 0
   1      14 ram14 0 0 0 0 0 0 0 0 0 0 0 0 0 0 0
   1      15 ram15 0 0 0 0 0 0 0 0 0 0 0 0 0 0 0
   7       0 loop0 183 0 16168 352 0 0 0 0 0 344 116 0 0 0 0
   7       8 loop1 70 0 9008 122 0 0 0 0 0 136 32 0 0 0 0
   7      16 loop2 27 0 216 13 0 0 0 0 0 32 0 0 0 0 0
   7      24 loop3 12 0 296 8 0 0 0 0 0 32 0 0 0 0 0
   7      32 loop4 36 1 3040 29 0 0 0 0 0 56 0 0 0 0 0
   7      40 loop5 194 1 23984 297 0 0 0 0 0 408 60 0 0 0 0
   7      48 loop6 16 0 712 14 0 0 0 0 0 44 0 0 0 0 0
   7      56 loop7 24 0 1840 22 0 0 0 0 0 84 0 0 0 0 0
   7      64 loop8 25 0 1408 16 0 0 0 0 0 96 0 0 0 0 0
   7      72 loop9 641 4 60272 1671 0 0 0 0 0 1676 724 0 0 0 0
   7      80 loop10 24 0 192 17 0 0 0 0 0 28 0 0 0 0 0
   7      88 loop11 16 0 256 10 0 0 0 0 0 56 0 0 0 0 0
   7      96 loop12 542 3 68896 471 0 0 0 0 0 1008 16 0 0 0 0
   7     104 loop13 27 0 216 48 0 0 0 0 0 44 8 0 0 0 0
   7     112 loop14 12 0 240 7 0 0 0 0 0 36 0 0 0 0 0
   7     120 loop15 48 0 4320 139 0 0 0 0 0 204 76 0 0 0 0
 254       0 zram0 0 0 0 0 0 0 0 0 0 0 0 0 0 0 0
 179       0 mmcblk0 2020 1821 144350 1721 12 0 48 14 0 1592 376 0 0 0 0
 179       1 mmcblk0p1 0 0 0 0 0 0 0 0 0 0 0 0 0 0 0
 179       2 mmcblk0p2 0 0 0 0 0 0 0 0 0 0 0 0 0 0 0
 179       3 mmcblk0p3 0 0 0 0 0 0 0 0 0 0 0 0 0 0 0
 179       4 mmcblk0p4 16 0 146 3 1 0 8 0 0 12 0 0 0 0 0
 179       5 mmcblk0p5 0 0 0 0 0 0 0 0 0 0 0 0 0 0 0
 179       6 mmcblk0p6 0 0 0 0 0 0 0 0 0 0 0 0 0 0 0
 179       7 mmcblk0p7 0 0 0 0 0 0 0 0 0 0 0 0 0 0 0
 179       8 mmcblk0p8 0 0 0 0 0 0 0 0 0 0 0 0 0 0 0
 179       9 mmcblk0p9 0 0 0 0 0 0 0 0 0 0 0 0 0 0 0
 179      10 mmcblk0p10 0 0 0 0 0 0 0 0 0 0 0 0 0 0 0
 179      11 mmcblk0p11 0 0 0 0 0 0 0 0 0 0 0 0 0 0 0
 179      12 mmcblk0p12 0 0 0 0 0 0 0 0 0 0 0 0 0 0 0
 179      13 mmcblk0p13 0 0 0 0 0 0 0 0 0 0 0 0 0 0 0
 179      14 mmcblk0p14 0 0 0 0 0 0 0 0 0 0 0 0 0 0 0
 179      15 mmcblk0p15 0 0 0 0 0 0 0 0 0 0 0 0 0 0 0
 179      16 mmcblk0p16 0 0 0 0 0 0 0 0 0 0 0 0 0 0 0
 179      17 mmcblk0p17 0 0 0 0 0 0 0 0 0 0 0 0 0 0 0
 179      18 mmcblk0p18 0 0 0 0 0 0 0 0 0 0 0 0 0 0 0
 179      19 mmcblk0p19 0 0 0 0 0 0 0 0 0 0 0 0 0 0 0
 179      20 mmcblk0p20 0 0 0 0 0 0 0 0 0 0 0 0 0 0 0
 179      21 mmcblk0p21 54 57 111 17 0 0 0 0 0 28 0 0 0 0 0
 179      22 mmcblk0p22 0 0 0 0 0 0 0 0 0 0 0 0 0 0 0
 179      23 mmcblk0p23 33 6 330 14 0 0 0 0 0 12 0 0 0 0 0
 179      24 mmcblk0p24 0 0 0 0 0 0 0 0 0 0 0 0 0 0 0
 179      25 mmcblk0p25 0 0 0 0 0 0 0 0 0 0 0 0 0 0 0
 179      26 mmcblk0p26 0 0 0 0 0 0 0 0 0 0 0 0 0 0 0
 179      27 mmcblk0p27 0 0 0 0 0 0 0 0 0 0 0 0 0 0 0
 179      28 mmcblk0p28 0 0 0 0 0 0 0 0 0 0 0 0 0 0 0
 179      29 mmcblk0p29 0 0 0 0 0 0 0 0 0 0 0 0 0 0 0
 179      30 mmcblk0p30 0 0 0 0 0 0 0 0 0 0 0 0 0 0 0
 179      31 mmcblk0p31 0 0 0 0 0 0 0 0 0 0 0 0 0 0 0
 259       0 mmcblk0p32 9 0 65 1 0 0 0 0 0 12 0 0 0 0 0
 259       1 mmcblk0p33 0 0 0 0 0 0 0 0 0 0 0 0 0 0 0
 259       2 mmcblk0p34 0 0 0 0 0 0 0 0 0 0 0 0 0 0 0
 259       3 mmcblk0p35 0 0 0 0 0 0 0 0 0 0 0 0 0 0 0
 259       4 mmcblk0p36 0 0 0 0 0 0 0 0 0 0 0 0 0 0 0
 259       5 mmcblk0p37 0 0 0 0 0 0 0 0 0 0 0 0 0 0 0
 259       6 mmcblk0p38 0 0 0 0 0 0 0 0 0 0 0 0 0 0 0
 259       7 mmcblk0p39 0 0 0 0 0 0 0 0 0 0 0 0 0 0 0
 259       8 mmcblk0p40 0 0 0 0 0 0 0 0 0 0 0 0 0 0 0
 259       9 mmcblk0p41 0 0 0 0 0 0 0 0 0 0 0 0 0 0 0
 259      10 mmcblk0p42 0 0 0 0 0 0 0 0 0 0 0 0 0 0 0
 259      11 mmcblk0p43 0 0 0 0 0 0 0 0 0 0 0 0 0 0 0
 259      12 mmcblk0p44 0 0 0 0 0 0 0 0 0 0 0 0 0 0 0
 259      13 mmcblk0p45 0 0 0 0 0 0 0 0 0 0 0 0 0 0 0
 259      14 mmcblk0p46 0 0 0 0 0 0 0 0 0 0 0 0 0 0 0
 259      15 mmcblk0p47 0 0 0 0 0 0 0 0 0 0 0 0 0 0 0
 259      16 mmcblk0p48 0 0 0 0 0 0 0 0 0 0 0 0 0 0 0
 259      17 mmcblk0p49 0 0 0 0 0 0 0 0 0 0 0 0 0 0 0
 259      18 mmcblk0p50 0 0 0 0 0 0 0 0 0 0 0 0 0 0 0
 259      19 mmcblk0p51 0 0 0 0 0 0 0 0 0 0 0 0 0 0 0
 259      20 mmcblk0p52 0 0 0 0 0 0 0 0 0 0 0 0 0 0 0
 259      21 mmcblk0p53 0 0 0 0 0 0 0 0 0 0 0 0 0 0 0
 259      22 mmcblk0p54 0 0 0 0 0 0 0 0 0 0 0 0 0 0 0
 259      23 mmcblk0p55 0 0 0 0 0 0 0 0 0 0 0 0 0 0 0
 259      24 mmcblk0p56 0 0 0 0 0 0 0 0 0 0 0 0 0 0 0
 259      25 mmcblk0p57 0 0 0 0 0 0 0 0 0 0 0 0 0 0 0
 259      26 mmcblk0p58 0 0 0 0 0 0 0 0 0 0 0 0 0 0 0
 259      27 mmcblk0p59 0 0 0 0 0 0 0 0 0 0 0 0 0 0 0
 259      28 mmcblk0p60 0 0 0 0 0 0 0 0 0 0 0 0 0 0 0
 259      29 mmcblk0p61 0 0 0 0 0 0 0 0 0 0 0 0 0 0 0
 259      30 mmcblk0p62 0 0 0 0 0 0 0 0 0 0 0 0 0 0 0
 259      31 mmcblk0p63 0 0 0 0 0 0 0 0 0 0 0 0 0 0 0
 259      32 mmcblk0p64 0 0 0 0 0 0 0 0 0 0 0 0 0 0 0
 259      33 mmcblk0p65 0 0 0 0 0 0 0 0 0 0 0 0 0 0 0
 259      34 mmcblk0p66 0 0 0 0 0 0 0 0 0 0 0 0 0 0 0
 259      35 mmcblk0p67 1851 1758 140712 1643 0 0 0 0 0 1520 360 0 0 0 0
 259      36 mmcblk0p68 1 0 128 1 0 0 0 0 0 4 0 0 0 0 0
 259      37 mmcblk0p69 0 0 0 0 0 0 0 0 0 0 0 0 0 0 0
 259      38 mmcblk0p70 0 0 0 0 0 0 0 0 0 0 0 0 0 0 0
 259      39 mmcblk0p71 0 0 0 0 0 0 0 0 0 0 0 0 0 0 0
 259      40 mmcblk0p72 47 0 2666 36 5 0 40 12 0 64 16 0 0 0 0
 259      41 mmcblk0p73 1 0 128 1 0 0 0 0 0 4 0 0 0 0 0
 259      42 mmcblk0p74 0 0 0 0 0 0 0 0 0 0 0 0 0 0 0
 259      43 mmcblk0p75 0 0 0 0 0 0 0 0 0 0 0 0 0 0 0
 259      44 mmcblk0p76 0 0 0 0 0 0 0 0 0 0 0 0 0 0 0
 259      45 mmcblk0p77 0 0 0 0 0 0 0 0 0 0 0 0 0 0 0
 259      46 mmcblk0p78 0 0 0 0 0 0 0 0 0 0 0 0 0 0 0
 259      47 mmcblk0p79 0 0 0 0 0 0 0 0 0 0 0 0 0 0 0
 259      48 mmcblk0p80 0 0 0 0 0 0 0 0 0 0 0 0 0 0 0
 253       0 dm-0 219 0 2432 364 0 0 0 0 0 136 364 0 0 0 0
 253       1 dm-1 5695 0 743792 13684 0 0 0 0 0 6136 13684 0 0 0 0
 253       2 dm-2 1502 0 96192 1664 0 0 0 0 0 2232 1664 0 0 0 0
 253       3 dm-3 3056 0 347416 6036 0 0 0 0 0 4568 6036 0 0 0 0
 253       4 dm-4 4266 0 732360 18448 0 0 0 0 0 6308 18448 0 0 0 0
 253       5 dm-5 1171 0 93544 2436 0 0 0 0 0 2372 2436 0 0 0 0
 253       6 dm-6 2323 0 341576 8776 0 0 0 0 1 4764 8776 0 0 0 0
 253       7 dm-7 87 0 1376 68 0 0 0 0 0 140 68 0 0 0 0
   7     128 loop16 12 0 144 16 0 0 0 0 0 44 8 0 0 0 0
   7     136 loop17 27 0 216 27 0 0 0 0 0 32 0 0 0 0 0
   7     144 loop18 12 0 120 14 0 0 0 0 0 40 4 0 0 0 0
   7     152 loop19 24 0 192 26 0 0 0 0 0 28 0 0 0 0 0
   7     160 loop20 17 0 280 11 0 0 0 0 0 48 4 0 0 0 0
   7     168 loop21 22 0 1400 14 0 0 0 0 0 68 0 0 0 0 0
   7     176 loop22 12 0 96 6 0 0 0 0 0 40 0 0 0 0 0
   7     184 loop23 92 0 8976 72 0 0 0 0 0 208 0 0 0 0 0
   7     192 loop24 28 1 2112 30 0 0 0 0 0 64 4 0 0 0 0
   7     200 loop25 32 0 1264 14 0 0 0 0 0 68 0 0 0 0 0
   7     208 loop26 11 0 88 4 0 0 0 0 0 20 0 0 0 0 0
   7     216 loop27 9 0 72 4 0 0 0 0 0 20 0 0 0 0 0
   7     224 loop28 18 0 408 8 0 0 0 0 0 64 0 0 0 0 0
   7     232 loop29 55 0 4096 47 0 0 0 0 0 140 0 0 0 0 0
   7     240 loop30 21 0 504 11 0 0 0 0 0 56 0 0 0 0 0
   7     248 loop31 54 1 3688 36 0 0 0 0 1 164 0 0 0 0 0
   7     256 loop32 51 0 6560 51 0 0 0 0 0 120 4 0 0 0 0
   7     264 loop33 81 1 11976 233 0 0 0 0 0 116 124 0 0 0 0
   7     272 loop34 27 0 1352 14 0 0 0 0 0 64 0 0 0 0 0
   7     280 loop35 27 0 1840 19 0 0 0 0 0 56 0 0 0 0 0
   7     288 loop36 72 0 9048 123 0 0 0 0 0 140 44 0 0 0 0
   7     296 loop37 17 0 224 6 0 0 0 0 0 40 0 0 0 0 0
   7     304 loop38 127 1 10920 149 0 0 0 0 0 264 28 0 0 0 0
   7     312 loop39 151 5 10432 113 0 0 0 0 0 456 0 0 0 0 0
 253       8 dm-8 0 0 0 0 0 0 0 0 0 0 0 0 0 0 0
 253       9 dm-9 22 0 1312 20 0 0 0 0 0 64 20 0 0 0 0
 253      10 dm-10 110 0 10776 224 0 0 0 0 0 268 224 0 0 0 0
 253      11 dm-11 459 0 68208 1068 0 0 0 0 0 1080 1068 0 0 0 0
 253      12 dm-12 0 0 0 0 0 0 0 0 0 0 0 0 0 0 0
 253      13 dm-13 65 0 11840 456 0 0 0 0 0 120 456 0 0 0 0
 253      14 dm-14 0 0 0 0 0 0 0 0 0 0 0 0 0 0 0
 253      15 dm-15 22 0 1800 4 0 0 0 0 0 52 4 0 0 0 0
 253      16 dm-16 0 0 0 0 0 0 0 0 0 0 0 0 0 0 0
 253      17 dm-17 0 0 0 0 0 0 0 0 0 0 0 0 0 0 0
 253      18 dm-18 40 0 6472 48 0 0 0 0 0 112 48 0 0 0 0
 253      19 dm-19 43 0 4000 92 0 0 0 0 0 132 92 0 0 0 0
 253      20 dm-20 131 0 10232 296 0 0 0 0 0 492 296 0 0 0 0
 253      21 dm-21 16 0 464 8 0 0 0 0 0 52 8 0 0 0 0
 253      22 dm-22 16 0 392 88 0 0 0 0 0 68 88 0 0 0 0
 253      23 dm-23 0 0 0 0 0 0 0 0 0 0 0 0 0 0 0
 253      24 dm-24 15 0 208 4 0 0 0 0 0 36 4 0 0 0 0
 253      25 dm-25 5 0 40 8 0 0 0 0 0 20 8 0 0 0 0
 253      26 dm-26 7 0 56 8 0 0 0 0 0 16 8 0 0 0 0
 253      27 dm-27 0 0 0 0 0 0 0 0 0 0 0 0 0 0 0
 253      28 dm-28 27 0 1224 20 0 0 0 0 0 64 20 0 0 0 0
 253      29 dm-29 0 0 0 0 0 0 0 0 0 0 0 0 0 0 0
 253      30 dm-30 0 0 0 0 0 0 0 0 0 0 0 0 0 0 0
 253      31 dm-31 0 0 0 0 0 0 0 0 0 0 0 0 0 0 0
 253      32 dm-32 47 0 3864 104 0 0 0 0 1 172 104 0 0 0 0
 253      33 dm-33 0 0 0 0 0 0 0 0 0 0 0 0 0 0 0
 253      34 dm-34 23 0 2064 76 0 0 0 0 0 64 76 0 0 0 0
 253      35 dm-35 8 0 64 24 0 0 0 0 0 36 24 0 0 0 0
 253      36 dm-36 79 0 8872 140 0 0 0 0 0 212 140 0 0 0 0
 253      37 dm-37 0 0 0 0 0 0 0 0 0 0 0 0 0 0 0
 253      38 dm-38 18 0 1368 16 0 0 0 0 0 72 16 0 0 0 0
 253      39 dm-39 13 0 248 12 0 0 0 0 0 44 12 0 0 0 0
 253      40 dm-40 0 0 0 0 0 0 0 0 0 0 0 0 0 0 0
 253      41 dm-41 0 0 0 0 0 0 0 0 0 0 0 0 0 0 0
 253      42 dm-42 0 0 0 0 0 0 0 0 0 0 0 0 0 0 0
 253      43 dm-43 2272 0 151616 3504 139 0 2064 176 0 3072 3680 0 0 0 0

1813
   1       0 ram0 0 0 0 0 0 0 0 0 0 0 0 0 0 0 0
   1       1 ram1 0 0 0 0 0 0 0 0 0 0 0 0 0 0 0
   1       2 ram2 0 0 0 0 0 0 0 0 0 0 0 0 0 0 0
   1       3 ram3 0 0 0 0 0 0 0 0 0 0 0 0 0 0 0
   1       4 ram4 0 0 0 0 0 0 0 0 0 0 0 0 0 0 0
   1       5 ram5 0 0 0 0 0 0 0 0 0 0 0 0 0 0 0
   1       6 ram6 0 0 0 0 0 0 0 0 0 0 0 0 0 0 0
   1       7 ram7 0 0 0 0 0 0 0 0 0 0 0 0 0 0 0
   1       8 ram8 0 0 0 0 0 0 0 0 0 0 0 0 0 0 0
   1       9 ram9 0 0 0 0 0 0 0 0 0 0 0 0 0 0 0
   1      10 ram10 0 0 0 0 0 0 0 0 0 0 0 0 0 0 0
   1      11 ram11 0 0 0 0 0 0 0 0 0 0 0 0 0 0 0
   1      12 ram12 0 0 0 0 0 0 0 0 0 0 0 0 0 0 0
   1      13 ram13 0 0 0 0 0 0 0 0 0 0 0 0 0 0 0
   1      14 ram14 0 0 0 0 0 0 0 0 0 0 0 0 0 0 0
   1      15 ram15 0 0 0 0 0 0 0 0 0 0 0 0 0 0 0
   7       0 loop0 183 0 16168 352 0 0 0 0 0 344 116 0 0 0 0
   7       8 loop1 70 0 9008 122 0 0 0 0 0 136 32 0 0 0 0
   7      16 loop2 27 0 216 13 0 0 0 0 0 32 0 0 0 0 0
   7      24 loop3 12 0 296 8 0 0 0 0 0 32 0 0 0 0 0
   7      32 loop4 36 1 3040 29 0 0 0 0 0 56 0 0 0 0 0
   7      40 loop5 194 1 23984 297 0 0 0 0 0 408 60 0 0 0 0
   7      48 loop6 16 0 712 14 0 0 0 0 0 44 0 0 0 0 0
   7      56 loop7 24 0 1840 22 0 0 0 0 0 84 0 0 0 0 0
   7      64 loop8 25 0 1408 16 0 0 0 0 0 96 0 0 0 0 0
   7      72 loop9 677 5 64616 1741 0 0 0 0 0 1828 736 0 0 0 0
   7      80 loop10 24 0 192 17 0 0 0 0 0 28 0 0 0 0 0
   7      88 loop11 16 0 256 10 0 0 0 0 0 56 0 0 0 0 0
   7      96 loop12 542 3 68896 471 0 0 0 0 0 1008 16 0 0 0 0
   7     104 loop13 27 0 216 48 0 0 0 0 0 44 8 0 0 0 0
   7     112 loop14 12 0 240 7 0 0 0 0 0 36 0 0 0 0 0
   7     120 loop15 51 0 4744 143 0 0 0 0 0 216 76 0 0 0 0
 254       0 zram0 0 0 0 0 0 0 0 0 0 0 0 0 0 0 0
 179       0 mmcblk0 2020 1821 144350 1721 12 0 48 14 0 1592 376 0 0 0 0
 179       1 mmcblk0p1 0 0 0 0 0 0 0 0 0 0 0 0 0 0 0
 179       2 mmcblk0p2 0 0 0 0 0 0 0 0 0 0 0 0 0 0 0
 179       3 mmcblk0p3 0 0 0 0 0 0 0 0 0 0 0 0 0 0 0
 179       4 mmcblk0p4 16 0 146 3 1 0 8 0 0 12 0 0 0 0 0
 179       5 mmcblk0p5 0 0 0 0 0 0 0 0 0 0 0 0 0 0 0
 179       6 mmcblk0p6 0 0 0 0 0 0 0 0 0 0 0 0 0 0 0
 179       7 mmcblk0p7 0 0 0 0 0 0 0 0 0 0 0 0 0 0 0
 179       8 mmcblk0p8 0 0 0 0 0 0 0 0 0 0 0 0 0 0 0
 179       9 mmcblk0p9 0 0 0 0 0 0 0 0 0 0 0 0 0 0 0
 179      10 mmcblk0p10 0 0 0 0 0 0 0 0 0 0 0 0 0 0 0
 179      11 mmcblk0p11 0 0 0 0 0 0 0 0 0 0 0 0 0 0 0
 179      12 mmcblk0p12 0 0 0 0 0 0 0 0 0 0 0 0 0 0 0
 179      13 mmcblk0p13 0 0 0 0 0 0 0 0 0 0 0 0 0 0 0
 179      14 mmcblk0p14 0 0 0 0 0 0 0 0 0 0 0 0 0 0 0
 179      15 mmcblk0p15 0 0 0 0 0 0 0 0 0 0 0 0 0 0 0
 179      16 mmcblk0p16 0 0 0 0 0 0 0 0 0 0 0 0 0 0 0
 179      17 mmcblk0p17 0 0 0 0 0 0 0 0 0 0 0 0 0 0 0
 179      18 mmcblk0p18 0 0 0 0 0 0 0 0 0 0 0 0 0 0 0
 179      19 mmcblk0p19 0 0 0 0 0 0 0 0 0 0 0 0 0 0 0
 179      20 mmcblk0p20 0 0 0 0 0 0 0 0 0 0 0 0 0 0 0
 179      21 mmcblk0p21 54 57 111 17 0 0 0 0 0 28 0 0 0 0 0
 179      22 mmcblk0p22 0 0 0 0 0 0 0 0 0 0 0 0 0 0 0
 179      23 mmcblk0p23 33 6 330 14 0 0 0 0 0 12 0 0 0 0 0
 179      24 mmcblk0p24 0 0 0 0 0 0 0 0 0 0 0 0 0 0 0
 179      25 mmcblk0p25 0 0 0 0 0 0 0 0 0 0 0 0 0 0 0
 179      26 mmcblk0p26 0 0 0 0 0 0 0 0 0 0 0 0 0 0 0
 179      27 mmcblk0p27 0 0 0 0 0 0 0 0 0 0 0 0 0 0 0
 179      28 mmcblk0p28 0 0 0 0 0 0 0 0 0 0 0 0 0 0 0
 179      29 mmcblk0p29 0 0 0 0 0 0 0 0 0 0 0 0 0 0 0
 179      30 mmcblk0p30 0 0 0 0 0 0 0 0 0 0 0 0 0 0 0
 179      31 mmcblk0p31 0 0 0 0 0 0 0 0 0 0 0 0 0 0 0
 259       0 mmcblk0p32 9 0 65 1 0 0 0 0 0 12 0 0 0 0 0
 259       1 mmcblk0p33 0 0 0 0 0 0 0 0 0 0 0 0 0 0 0
 259       2 mmcblk0p34 0 0 0 0 0 0 0 0 0 0 0 0 0 0 0
 259       3 mmcblk0p35 0 0 0 0 0 0 0 0 0 0 0 0 0 0 0
 259       4 mmcblk0p36 0 0 0 0 0 0 0 0 0 0 0 0 0 0 0
 259       5 mmcblk0p37 0 0 0 0 0 0 0 0 0 0 0 0 0 0 0
 259       6 mmcblk0p38 0 0 0 0 0 0 0 0 0 0 0 0 0 0 0
 259       7 mmcblk0p39 0 0 0 0 0 0 0 0 0 0 0 0 0 0 0
 259       8 mmcblk0p40 0 0 0 0 0 0 0 0 0 0 0 0 0 0 0
 259       9 mmcblk0p41 0 0 0 0 0 0 0 0 0 0 0 0 0 0 0
 259      10 mmcblk0p42 0 0 0 0 0 0 0 0 0 0 0 0 0 0 0
 259      11 mmcblk0p43 0 0 0 0 0 0 0 0 0 0 0 0 0 0 0
 259      12 mmcblk0p44 0 0 0 0 0 0 0 0 0 0 0 0 0 0 0
 259      13 mmcblk0p45 0 0 0 0 0 0 0 0 0 0 0 0 0 0 0
 259      14 mmcblk0p46 0 0 0 0 0 0 0 0 0 0 0 0 0 0 0
 259      15 mmcblk0p47 0 0 0 0 0 0 0 0 0 0 0 0 0 0 0
 259      16 mmcblk0p48 0 0 0 0 0 0 0 0 0 0 0 0 0 0 0
 259      17 mmcblk0p49 0 0 0 0 0 0 0 0 0 0 0 0 0 0 0
 259      18 mmcblk0p50 0 0 0 0 0 0 0 0 0 0 0 0 0 0 0
 259      19 mmcblk0p51 0 0 0 0 0 0 0 0 0 0 0 0 0 0 0
 259      20 mmcblk0p52 0 0 0 0 0 0 0 0 0 0 0 0 0 0 0
 259      21 mmcblk0p53 0 0 0 0 0 0 0 0 0 0 0 0 0 0 0
 259      22 mmcblk0p54 0 0 0 0 0 0 0 0 0 0 0 0 0 0 0
 259      23 mmcblk0p55 0 0 0 0 0 0 0 0 0 0 0 0 0 0 0
 259      24 mmcblk0p56 0 0 0 0 0 0 0 0 0 0 0 0 0 0 0
 259      25 mmcblk0p57 0 0 0 0 0 0 0 0 0 0 0 0 0 0 0
 259      26 mmcblk0p58 0 0 0 0 0 0 0 0 0 0 0 0 0 0 0
 259      27 mmcblk0p59 0 0 0 0 0 0 0 0 0 0 0 0 0 0 0
 259      28 mmcblk0p60 0 0 0 0 0 0 0 0 0 0 0 0 0 0 0
 259      29 mmcblk0p61 0 0 0 0 0 0 0 0 0 0 0 0 0 0 0
 259      30 mmcblk0p62 0 0 0 0 0 0 0 0 0 0 0 0 0 0 0
 259      31 mmcblk0p63 0 0 0 0 0 0 0 0 0 0 0 0 0 0 0
 259      32 mmcblk0p64 0 0 0 0 0 0 0 0 0 0 0 0 0 0 0
 259      33 mmcblk0p65 0 0 0 0 0 0 0 0 0 0 0 0 0 0 0
 259      34 mmcblk0p66 0 0 0 0 0 0 0 0 0 0 0 0 0 0 0
 259      35 mmcblk0p67 1851 1758 140712 1643 0 0 0 0 0 1520 360 0 0 0 0
 259      36 mmcblk0p68 1 0 128 1 0 0 0 0 0 4 0 0 0 0 0
 259      37 mmcblk0p69 0 0 0 0 0 0 0 0 0 0 0 0 0 0 0
 259      38 mmcblk0p70 0 0 0 0 0 0 0 0 0 0 0 0 0 0 0
 259      39 mmcblk0p71 0 0 0 0 0 0 0 0 0 0 0 0 0 0 0
 259      40 mmcblk0p72 47 0 2666 36 5 0 40 12 0 64 16 0 0 0 0
 259      41 mmcblk0p73 1 0 128 1 0 0 0 0 0 4 0 0 0 0 0
 259      42 mmcblk0p74 0 0 0 0 0 0 0 0 0 0 0 0 0 0 0
 259      43 mmcblk0p75 0 0 0 0 0 0 0 0 0 0 0 0 0 0 0
 259      44 mmcblk0p76 0 0 0 0 0 0 0 0 0 0 0 0 0 0 0
 259      45 mmcblk0p77 0 0 0 0 0 0 0 0 0 0 0 0 0 0 0
 259      46 mmcblk0p78 0 0 0 0 0 0 0 0 0 0 0 0 0 0 0
 259      47 mmcblk0p79 0 0 0 0 0 0 0 0 0 0 0 0 0 0 0
 259      48 mmcblk0p80 0 0 0 0 0 0 0 0 0 0 0 0 0 0 0
 253       0 dm-0 219 0 2432 364 0 0 0 0 0 136 364 0 0 0 0
 253       1 dm-1 5718 0 751464 13708 0 0 0 0 0 6236 13708 0 0 0 0
 253       2 dm-2 1550 0 100632 1712 0 0 0 0 0 2364 1712 0 0 0 0
 253       3 dm-3 3166 0 369680 6184 0 0 0 0 1 4872 6184 0 0 0 0
 253       4 dm-4 4289 0 740032 18560 0 0 0 0 0 6424 18560 0 0 0 0
 253       5 dm-5 1207 0 97888 2500 0 0 0 0 0 2520 2500 0 0 0 0
 253       6 dm-6 2423 0 363736 9328 0 0 0 0 1 5096 9328 0 0 0 0
 253       7 dm-7 87 0 1376 68 0 0 0 0 0 140 68 0 0 0 0
   7     128 loop16 12 0 144 16 0 0 0 0 0 44 8 0 0 0 0
   7     136 loop17 27 0 216 27 0 0 0 0 0 32 0 0 0 0 0
   7     144 loop18 12 0 120 14 0 0 0 0 0 40 4 0 0 0 0
   7     152 loop19 24 0 192 26 0 0 0 0 0 28 0 0 0 0 0
   7     160 loop20 17 0 280 11 0 0 0 0 0 48 4 0 0 0 0
   7     168 loop21 22 0 1400 14 0 0 0 0 0 68 0 0 0 0 0
   7     176 loop22 12 0 96 6 0 0 0 0 0 40 0 0 0 0 0
   7     184 loop23 92 0 8976 72 0 0 0 0 0 208 0 0 0 0 0
   7     192 loop24 28 1 2112 30 0 0 0 0 0 64 4 0 0 0 0
   7     200 loop25 32 0 1264 14 0 0 0 0 0 68 0 0 0 0 0
   7     208 loop26 11 0 88 4 0 0 0 0 0 20 0 0 0 0 0
   7     216 loop27 9 0 72 4 0 0 0 0 0 20 0 0 0 0 0
   7     224 loop28 18 0 408 8 0 0 0 0 0 64 0 0 0 0 0
   7     232 loop29 83 0 8976 83 0 0 0 0 0 244 0 0 0 0 0
   7     240 loop30 21 0 504 11 0 0 0 0 0 56 0 0 0 0 0
   7     248 loop31 100 1 8992 92 0 0 0 0 0 340 8 0 0 0 0
   7     256 loop32 51 0 6560 51 0 0 0 0 0 120 4 0 0 0 0
   7     264 loop33 81 1 11976 233 0 0 0 0 0 116 124 0 0 0 0
   7     272 loop34 27 0 1352 14 0 0 0 0 0 64 0 0 0 0 0
   7     280 loop35 27 0 1840 19 0 0 0 0 0 56 0 0 0 0 0
   7     288 loop36 72 0 9048 123 0 0 0 0 0 140 44 0 0 0 0
   7     296 loop37 17 0 224 6 0 0 0 0 0 40 0 0 0 0 0
   7     304 loop38 127 1 10920 149 0 0 0 0 0 264 28 0 0 0 0
   7     312 loop39 189 5 14544 156 0 0 0 0 0 604 8 0 0 0 0
 253       8 dm-8 0 0 0 0 0 0 0 0 0 0 0 0 0 0 0
 253       9 dm-9 22 0 1312 20 0 0 0 0 0 64 20 0 0 0 0
 253      10 dm-10 110 0 10776 224 0 0 0 0 0 268 224 0 0 0 0
 253      11 dm-11 459 0 68208 1068 0 0 0 0 0 1080 1068 0 0 0 0
 253      12 dm-12 0 0 0 0 0 0 0 0 0 0 0 0 0 0 0
 253      13 dm-13 65 0 11840 456 0 0 0 0 0 120 456 0 0 0 0
 253      14 dm-14 0 0 0 0 0 0 0 0 0 0 0 0 0 0 0
 253      15 dm-15 22 0 1800 4 0 0 0 0 0 52 4 0 0 0 0
 253      16 dm-16 0 0 0 0 0 0 0 0 0 0 0 0 0 0 0
 253      17 dm-17 0 0 0 0 0 0 0 0 0 0 0 0 0 0 0
 253      18 dm-18 40 0 6472 48 0 0 0 0 0 112 48 0 0 0 0
 253      19 dm-19 68 0 8856 204 0 0 0 0 0 244 204 0 0 0 0
 253      20 dm-20 169 0 14344 464 0 0 0 0 0 652 464 0 0 0 0
 253      21 dm-21 16 0 464 8 0 0 0 0 0 52 8 0 0 0 0
 253      22 dm-22 16 0 392 88 0 0 0 0 0 68 88 0 0 0 0
 253      23 dm-23 0 0 0 0 0 0 0 0 0 0 0 0 0 0 0
 253      24 dm-24 15 0 208 4 0 0 0 0 0 36 4 0 0 0 0
 253      25 dm-25 5 0 40 8 0 0 0 0 0 20 8 0 0 0 0
 253      26 dm-26 7 0 56 8 0 0 0 0 0 16 8 0 0 0 0
 253      27 dm-27 0 0 0 0 0 0 0 0 0 0 0 0 0 0 0
 253      28 dm-28 27 0 1224 20 0 0 0 0 0 64 20 0 0 0 0
 253      29 dm-29 0 0 0 0 0 0 0 0 0 0 0 0 0 0 0
 253      30 dm-30 0 0 0 0 0 0 0 0 0 0 0 0 0 0 0
 253      31 dm-31 0 0 0 0 0 0 0 0 0 0 0 0 0 0 0
 253      32 dm-32 87 0 8880 204 0 0 0 0 0 372 204 0 0 0 0
 253      33 dm-33 0 0 0 0 0 0 0 0 0 0 0 0 0 0 0
 253      34 dm-34 23 0 2064 76 0 0 0 0 0 64 76 0 0 0 0
 253      35 dm-35 8 0 64 24 0 0 0 0 0 36 24 0 0 0 0
 253      36 dm-36 79 0 8872 140 0 0 0 0 0 212 140 0 0 0 0
 253      37 dm-37 0 0 0 0 0 0 0 0 0 0 0 0 0 0 0
 253      38 dm-38 18 0 1368 16 0 0 0 0 0 72 16 0 0 0 0
 253      39 dm-39 13 0 248 12 0 0 0 0 0 44 12 0 0 0 0
 253      40 dm-40 0 0 0 0 0 0 0 0 0 0 0 0 0 0 0
 253      41 dm-41 0 0 0 0 0 0 0 0 0 0 0 0 0 0 0
 253      42 dm-42 0 0 0 0 0 0 0 0 0 0 0 0 0 0 0
 253      43 dm-43 2402 0 165816 3636 233 0 2904 288 1 3476 3924 0 0 0 0

1862
   1       0 ram0 0 0 0 0 0 0 0 0 0 0 0 0 0 0 0
   1       1 ram1 0 0 0 0 0 0 0 0 0 0 0 0 0 0 0
   1       2 ram2 0 0 0 0 0 0 0 0 0 0 0 0 0 0 0
   1       3 ram3 0 0 0 0 0 0 0 0 0 0 0 0 0 0 0
   1       4 ram4 0 0 0 0 0 0 0 0 0 0 0 0 0 0 0
   1       5 ram5 0 0 0 0 0 0 0 0 0 0 0 0 0 0 0
   1       6 ram6 0 0 0 0 0 0 0 0 0 0 0 0 0 0 0
   1       7 ram7 0 0 0 0 0 0 0 0 0 0 0 0 0 0 0
   1       8 ram8 0 0 0 0 0 0 0 0 0 0 0 0 0 0 0
   1       9 ram9 0 0 0 0 0 0 0 0 0 0 0 0 0 0 0
   1      10 ram10 0 0 0 0 0 0 0 0 0 0 0 0 0 0 0
   1      11 ram11 0 0 0 0 0 0 0 0 0 0 0 0 0 0 0
   1      12 ram12 0 0 0 0 0 0 0 0 0 0 0 0 0 0 0
   1      13 ram13 0 0 0 0 0 0 0 0 0 0 0 0 0 0 0
   1      14 ram14 0 0 0 0 0 0 0 0 0 0 0 0 0 0 0
   1      15 ram15 0 0 0 0 0 0 0 0 0 0 0 0 0 0 0
   7       0 loop0 183 0 16168 352 0 0 0 0 0 344 116 0 0 0 0
   7       8 loop1 70 0 9008 122 0 0 0 0 0 136 32 0 0 0 0
   7      16 loop2 27 0 216 13 0 0 0 0 0 32 0 0 0 0 0
   7      24 loop3 12 0 296 8 0 0 0 0 0 32 0 0 0 0 0
   7      32 loop4 36 1 3040 29 0 0 0 0 0 56 0 0 0 0 0
   7      40 loop5 194 1 23984 297 0 0 0 0 0 408 60 0 0 0 0
   7      48 loop6 16 0 712 14 0 0 0 0 0 44 0 0 0 0 0
   7      56 loop7 24 0 1840 22 0 0 0 0 0 84 0 0 0 0 0
   7      64 loop8 25 0 1408 16 0 0 0 0 0 96 0 0 0 0 0
   7      72 loop9 690 6 66472 1759 0 0 0 0 0 1884 736 0 0 0 0
   7      80 loop10 24 0 192 17 0 0 0 0 0 28 0 0 0 0 0
   7      88 loop11 16 0 256 10 0 0 0 0 0 56 0 0 0 0 0
   7      96 loop12 542 3 68896 471 0 0 0 0 0 1008 16 0 0 0 0
   7     104 loop13 27 0 216 48 0 0 0 0 0 44 8 0 0 0 0
   7     112 loop14 12 0 240 7 0 0 0 0 0 36 0 0 0 0 0
   7     120 loop15 51 0 4744 143 0 0 0 0 0 216 76 0 0 0 0
 254       0 zram0 0 0 0 0 0 0 0 0 0 0 0 0 0 0 0
 179       0 mmcblk0 2020 1821 144350 1721 12 0 48 14 0 1592 376 0 0 0 0
 179       1 mmcblk0p1 0 0 0 0 0 0 0 0 0 0 0 0 0 0 0
 179       2 mmcblk0p2 0 0 0 0 0 0 0 0 0 0 0 0 0 0 0
 179       3 mmcblk0p3 0 0 0 0 0 0 0 0 0 0 0 0 0 0 0
 179       4 mmcblk0p4 16 0 146 3 1 0 8 0 0 12 0 0 0 0 0
 179       5 mmcblk0p5 0 0 0 0 0 0 0 0 0 0 0 0 0 0 0
 179       6 mmcblk0p6 0 0 0 0 0 0 0 0 0 0 0 0 0 0 0
 179       7 mmcblk0p7 0 0 0 0 0 0 0 0 0 0 0 0 0 0 0
 179       8 mmcblk0p8 0 0 0 0 0 0 0 0 0 0 0 0 0 0 0
 179       9 mmcblk0p9 0 0 0 0 0 0 0 0 0 0 0 0 0 0 0
 179      10 mmcblk0p10 0 0 0 0 0 0 0 0 0 0 0 0 0 0 0
 179      11 mmcblk0p11 0 0 0 0 0 0 0 0 0 0 0 0 0 0 0
 179      12 mmcblk0p12 0 0 0 0 0 0 0 0 0 0 0 0 0 0 0
 179      13 mmcblk0p13 0 0 0 0 0 0 0 0 0 0 0 0 0 0 0
 179      14 mmcblk0p14 0 0 0 0 0 0 0 0 0 0 0 0 0 0 0
 179      15 mmcblk0p15 0 0 0 0 0 0 0 0 0 0 0 0 0 0 0
 179      16 mmcblk0p16 0 0 0 0 0 0 0 0 0 0 0 0 0 0 0
 179      17 mmcblk0p17 0 0 0 0 0 0 0 0 0 0 0 0 0 0 0
 179      18 mmcblk0p18 0 0 0 0 0 0 0 0 0 0 0 0 0 0 0
 179      19 mmcblk0p19 0 0 0 0 0 0 0 0 0 0 0 0 0 0 0
 179      20 mmcblk0p20 0 0 0 0 0 0 0 0 0 0 0 0 0 0 0
 179      21 mmcblk0p21 54 57 111 17 0 0 0 0 0 28 0 0 0 0 0
 179      22 mmcblk0p22 0 0 0 0 0 0 0 0 0 0 0 0 0 0 0
 179      23 mmcblk0p23 33 6 330 14 0 0 0 0 0 12 0 0 0 0 0
 179      24 mmcblk0p24 0 0 0 0 0 0 0 0 0 0 0 0 0 0 0
 179      25 mmcblk0p25 0 0 0 0 0 0 0 0 0 0 0 0 0 0 0
 179      26 mmcblk0p26 0 0 0 0 0 0 0 0 0 0 0 0 0 0 0
 179      27 mmcblk0p27 0 0 0 0 0 0 0 0 0 0 0 0 0 0 0
 179      28 mmcblk0p28 0 0 0 0 0 0 0 0 0 0 0 0 0 0 0
 179      29 mmcblk0p29 0 0 0 0 0 0 0 0 0 0 0 0 0 0 0
 179      30 mmcblk0p30 0 0 0 0 0 0 0 0 0 0 0 0 0 0 0
 179      31 mmcblk0p31 0 0 0 0 0 0 0 0 0 0 0 0 0 0 0
 259       0 mmcblk0p32 9 0 65 1 0 0 0 0 0 12 0 0 0 0 0
 259       1 mmcblk0p33 0 0 0 0 0 0 0 0 0 0 0 0 0 0 0
 259       2 mmcblk0p34 0 0 0 0 0 0 0 0 0 0 0 0 0 0 0
 259       3 mmcblk0p35 0 0 0 0 0 0 0 0 0 0 0 0 0 0 0
 259       4 mmcblk0p36 0 0 0 0 0 0 0 0 0 0 0 0 0 0 0
 259       5 mmcblk0p37 0 0 0 0 0 0 0 0 0 0 0 0 0 0 0
 259       6 mmcblk0p38 0 0 0 0 0 0 0 0 0 0 0 0 0 0 0
 259       7 mmcblk0p39 0 0 0 0 0 0 0 0 0 0 0 0 0 0 0
 259       8 mmcblk0p40 0 0 0 0 0 0 0 0 0 0 0 0 0 0 0
 259       9 mmcblk0p41 0 0 0 0 0 0 0 0 0 0 0 0 0 0 0
 259      10 mmcblk0p42 0 0 0 0 0 0 0 0 0 0 0 0 0 0 0
 259      11 mmcblk0p43 0 0 0 0 0 0 0 0 0 0 0 0 0 0 0
 259      12 mmcblk0p44 0 0 0 0 0 0 0 0 0 0 0 0 0 0 0
 259      13 mmcblk0p45 0 0 0 0 0 0 0 0 0 0 0 0 0 0 0
 259      14 mmcblk0p46 0 0 0 0 0 0 0 0 0 0 0 0 0 0 0
 259      15 mmcblk0p47 0 0 0 0 0 0 0 0 0 0 0 0 0 0 0
 259      16 mmcblk0p48 0 0 0 0 0 0 0 0 0 0 0 0 0 0 0
 259      17 mmcblk0p49 0 0 0 0 0 0 0 0 0 0 0 0 0 0 0
 259      18 mmcblk0p50 0 0 0 0 0 0 0 0 0 0 0 0 0 0 0
 259      19 mmcblk0p51 0 0 0 0 0 0 0 0 0 0 0 0 0 0 0
 259      20 mmcblk0p52 0 0 0 0 0 0 0 0 0 0 0 0 0 0 0
 259      21 mmcblk0p53 0 0 0 0 0 0 0 0 0 0 0 0 0 0 0
 259      22 mmcblk0p54 0 0 0 0 0 0 0 0 0 0 0 0 0 0 0
 259      23 mmcblk0p55 0 0 0 0 0 0 0 0 0 0 0 0 0 0 0
 259      24 mmcblk0p56 0 0 0 0 0 0 0 0 0 0 0 0 0 0 0
 259      25 mmcblk0p57 0 0 0 0 0 0 0 0 0 0 0 0 0 0 0
 259      26 mmcblk0p58 0 0 0 0 0 0 0 0 0 0 0 0 0 0 0
 259      27 mmcblk0p59 0 0 0 0 0 0 0 0 0 0 0 0 0 0 0
 259      28 mmcblk0p60 0 0 0 0 0 0 0 0 0 0 0 0 0 0 0
 259      29 mmcblk0p61 0 0 0 0 0 0 0 0 0 0 0 0 0 0 0
 259      30 mmcblk0p62 0 0 0 0 0 0 0 0 0 0 0 0 0 0 0
 259      31 mmcblk0p63 0 0 0 0 0 0 0 0 0 0 0 0 0 0 0
 259      32 mmcblk0p64 0 0 0 0 0 0 0 0 0 0 0 0 0 0 0
 259      33 mmcblk0p65 0 0 0 0 0 0 0 0 0 0 0 0 0 0 0
 259      34 mmcblk0p66 0 0 0 0 0 0 0 0 0 0 0 0 0 0 0
 259      35 mmcblk0p67 1851 1758 140712 1643 0 0 0 0 0 1520 360 0 0 0 0
 259      36 mmcblk0p68 1 0 128 1 0 0 0 0 0 4 0 0 0 0 0
 259      37 mmcblk0p69 0 0 0 0 0 0 0 0 0 0 0 0 0 0 0
 259      38 mmcblk0p70 0 0 0 0 0 0 0 0 0 0 0 0 0 0 0
 259      39 mmcblk0p71 0 0 0 0 0 0 0 0 0 0 0 0 0 0 0
 259      40 mmcblk0p72 47 0 2666 36 5 0 40 12 0 64 16 0 0 0 0
 259      41 mmcblk0p73 1 0 128 1 0 0 0 0 0 4 0 0 0 0 0
 259      42 mmcblk0p74 0 0 0 0 0 0 0 0 0 0 0 0 0 0 0
 259      43 mmcblk0p75 0 0 0 0 0 0 0 0 0 0 0 0 0 0 0
 259      44 mmcblk0p76 0 0 0 0 0 0 0 0 0 0 0 0 0 0 0
 259      45 mmcblk0p77 0 0 0 0 0 0 0 0 0 0 0 0 0 0 0
 259      46 mmcblk0p78 0 0 0 0 0 0 0 0 0 0 0 0 0 0 0
 259      47 mmcblk0p79 0 0 0 0 0 0 0 0 0 0 0 0 0 0 0
 259      48 mmcblk0p80 0 0 0 0 0 0 0 0 0 0 0 0 0 0 0
 253       0 dm-0 219 0 2432 364 0 0 0 0 0 136 364 0 0 0 0
 253       1 dm-1 5728 0 755744 13716 0 0 0 0 0 6268 13716 0 0 0 0
 253       2 dm-2 1586 0 104904 1752 0 0 0 0 0 2476 1752 0 0 0 0
 253       3 dm-3 3203 0 378384 6236 0 0 0 0 0 5008 6236 0 0 0 0
 253       4 dm-4 4295 0 744280 18604 0 0 0 0 0 6464 18604 0 0 0 0
 253       5 dm-5 1235 0 102096 2572 0 0 0 0 0 2632 2572 0 0 0 0
 253       6 dm-6 2459 0 372432 9472 0 0 0 0 0 5252 9472 0 0 0 0
 253       7 dm-7 87 0 1376 68 0 0 0 0 0 140 68 0 0 0 0
   7     128 loop16 12 0 144 16 0 0 0 0 0 44 8 0 0 0 0
   7     136 loop17 27 0 216 27 0 0 0 0 0 32 0 0 0 0 0
   7     144 loop18 12 0 120 14 0 0 0 0 0 40 4 0 0 0 0
   7     152 loop19 24 0 192 26 0 0 0 0 0 28 0 0 0 0 0
   7     160 loop20 17 0 280 11 0 0 0 0 0 48 4 0 0 0 0
   7     168 loop21 22 0 1400 14 0 0 0 0 0 68 0 0 0 0 0
   7     176 loop22 12 0 96 6 0 0 0 0 0 40 0 0 0 0 0
   7     184 loop23 92 0 8976 72 0 0 0 0 0 208 0 0 0 0 0
   7     192 loop24 28 1 2112 30 0 0 0 0 0 64 4 0 0 0 0
   7     200 loop25 32 0 1264 14 0 0 0 0 0 68 0 0 0 0 0
   7     208 loop26 11 0 88 4 0 0 0 0 0 20 0 0 0 0 0
   7     216 loop27 9 0 72 4 0 0 0 0 0 20 0 0 0 0 0
   7     224 loop28 18 0 408 8 0 0 0 0 0 64 0 0 0 0 0
   7     232 loop29 85 0 9240 84 0 0 0 0 0 248 0 0 0 0 0
   7     240 loop30 21 0 504 11 0 0 0 0 0 56 0 0 0 0 0
   7     248 loop31 103 1 9368 95 0 0 0 0 0 360 8 0 0 0 0
   7     256 loop32 51 0 6560 51 0 0 0 0 0 120 4 0 0 0 0
   7     264 loop33 81 1 11976 233 0 0 0 0 0 116 124 0 0 0 0
   7     272 loop34 27 0 1352 14 0 0 0 0 0 64 0 0 0 0 0
   7     280 loop35 27 0 1840 19 0 0 0 0 0 56 0 0 0 0 0
   7     288 loop36 72 0 9048 123 0 0 0 0 0 140 44 0 0 0 0
   7     296 loop37 17 0 224 6 0 0 0 0 0 40 0 0 0 0 0
   7     304 loop38 127 1 10920 149 0 0 0 0 0 264 28 0 0 0 0
   7     312 loop39 221 5 19520 187 0 0 0 0 0 716 8 0 0 0 0
 253       8 dm-8 0 0 0 0 0 0 0 0 0 0 0 0 0 0 0
 253       9 dm-9 22 0 1312 20 0 0 0 0 0 64 20 0 0 0 0
 253      10 dm-10 110 0 10776 224 0 0 0 0 0 268 224 0 0 0 0
 253      11 dm-11 459 0 68208 1068 0 0 0 0 0 1080 1068 0 0 0 0
 253      12 dm-12 0 0 0 0 0 0 0 0 0 0 0 0 0 0 0
 253      13 dm-13 65 0 11840 456 0 0 0 0 0 120 456 0 0 0 0
 253      14 dm-14 0 0 0 0 0 0 0 0 0 0 0 0 0 0 0
 253      15 dm-15 22 0 1800 4 0 0 0 0 0 52 4 0 0 0 0
 253      16 dm-16 0 0 0 0 0 0 0 0 0 0 0 0 0 0 0
 253      17 dm-17 0 0 0 0 0 0 0 0 0 0 0 0 0 0 0
 253      18 dm-18 40 0 6472 48 0 0 0 0 0 112 48 0 0 0 0
 253      19 dm-19 69 0 9112 204 0 0 0 0 0 248 204 0 0 0 0
 253      20 dm-20 201 0 19320 508 0 0 0 0 0 768 508 0 0 0 0
 253      21 dm-21 16 0 464 8 0 0 0 0 0 52 8 0 0 0 0
 253      22 dm-22 16 0 392 88 0 0 0 0 0 68 88 0 0 0 0
 253      23 dm-23 0 0 0 0 0 0 0 0 0 0 0 0 0 0 0
 253      24 dm-24 15 0 208 4 0 0 0 0 0 36 4 0 0 0 0
 253      25 dm-25 5 0 40 8 0 0 0 0 0 20 8 0 0 0 0
 253      26 dm-26 7 0 56 8 0 0 0 0 0 16 8 0 0 0 0
 253      27 dm-27 0 0 0 0 0 0 0 0 0 0 0 0 0 0 0
 253      28 dm-28 27 0 1224 20 0 0 0 0 0 64 20 0 0 0 0
 253      29 dm-29 0 0 0 0 0 0 0 0 0 0 0 0 0 0 0
 253      30 dm-30 0 0 0 0 0 0 0 0 0 0 0 0 0 0 0
 253      31 dm-31 0 0 0 0 0 0 0 0 0 0 0 0 0 0 0
 253      32 dm-32 90 0 9256 212 0 0 0 0 0 392 212 0 0 0 0
 253      33 dm-33 0 0 0 0 0 0 0 0 0 0 0 0 0 0 0
 253      34 dm-34 23 0 2064 76 0 0 0 0 0 64 76 0 0 0 0
 253      35 dm-35 8 0 64 24 0 0 0 0 0 36 24 0 0 0 0
 253      36 dm-36 79 0 8872 140 0 0 0 0 0 212 140 0 0 0 0
 253      37 dm-37 0 0 0 0 0 0 0 0 0 0 0 0 0 0 0
 253      38 dm-38 18 0 1368 16 0 0 0 0 0 72 16 0 0 0 0
 253      39 dm-39 13 0 248 12 0 0 0 0 0 44 12 0 0 0 0
 253      40 dm-40 0 0 0 0 0 0 0 0 0 0 0 0 0 0 0
 253      41 dm-41 0 0 0 0 0 0 0 0 0 0 0 0 0 0 0
 253      42 dm-42 0 0 0 0 0 0 0 0 0 0 0 0 0 0 0
 253      43 dm-43 2443 0 171472 3676 301 0 3424 332 0 3688 4008 0 0 0 0

1893
   1       0 ram0 0 0 0 0 0 0 0 0 0 0 0 0 0 0 0
   1       1 ram1 0 0 0 0 0 0 0 0 0 0 0 0 0 0 0
   1       2 ram2 0 0 0 0 0 0 0 0 0 0 0 0 0 0 0
   1       3 ram3 0 0 0 0 0 0 0 0 0 0 0 0 0 0 0
   1       4 ram4 0 0 0 0 0 0 0 0 0 0 0 0 0 0 0
   1       5 ram5 0 0 0 0 0 0 0 0 0 0 0 0 0 0 0
   1       6 ram6 0 0 0 0 0 0 0 0 0 0 0 0 0 0 0
   1       7 ram7 0 0 0 0 0 0 0 0 0 0 0 0 0 0 0
   1       8 ram8 0 0 0 0 0 0 0 0 0 0 0 0 0 0 0
   1       9 ram9 0 0 0 0 0 0 0 0 0 0 0 0 0 0 0
   1      10 ram10 0 0 0 0 0 0 0 0 0 0 0 0 0 0 0
   1      11 ram11 0 0 0 0 0 0 0 0 0 0 0 0 0 0 0
   1      12 ram12 0 0 0 0 0 0 0 0 0 0 0 0 0 0 0
   1      13 ram13 0 0 0 0 0 0 0 0 0 0 0 0 0 0 0
   1      14 ram14 0 0 0 0 0 0 0 0 0 0 0 0 0 0 0
   1      15 ram15 0 0 0 0 0 0 0 0 0 0 0 0 0 0 0
   7       0 loop0 183 0 16168 352 0 0 0 0 0 344 116 0 0 0 0
   7       8 loop1 70 0 9008 122 0 0 0 0 0 136 32 0 0 0 0
   7      16 loop2 27 0 216 13 0 0 0 0 0 32 0 0 0 0 0
   7      24 loop3 12 0 296 8 0 0 0 0 0 32 0 0 0 0 0
   7      32 loop4 36 1 3040 29 0 0 0 0 0 56 0 0 0 0 0
   7      40 loop5 194 1 23984 297 0 0 0 0 0 408 60 0 0 0 0
   7      48 loop6 16 0 712 14 0 0 0 0 0 44 0 0 0 0 0
   7      56 loop7 24 0 1840 22 0 0 0 0 0 84 0 0 0 0 0
   7      64 loop8 25 0 1408 16 0 0 0 0 0 96 0 0 0 0 0
   7      72 loop9 707 6 69696 1787 0 0 0 0 1 1968 740 0 0 0 0
   7      80 loop10 24 0 192 17 0 0 0 0 0 28 0 0 0 0 0
   7      88 loop11 16 0 256 10 0 0 0 0 0 56 0 0 0 0 0
   7      96 loop12 542 3 68896 471 0 0 0 0 0 1008 16 0 0 0 0
   7     104 loop13 27 0 216 48 0 0 0 0 0 44 8 0 0 0 0
   7     112 loop14 12 0 240 7 0 0 0 0 0 36 0 0 0 0 0
   7     120 loop15 52 0 4752 144 0 0 0 0 0 220 76 0 0 0 0
 254       0 zram0 0 0 0 0 0 0 0 0 0 0 0 0 0 0 0
 179       0 mmcblk0 2020 1821 144350 1721 12 0 48 14 0 1592 376 0 0 0 0
 179       1 mmcblk0p1 0 0 0 0 0 0 0 0 0 0 0 0 0 0 0
 179       2 mmcblk0p2 0 0 0 0 0 0 0 0 0 0 0 0 0 0 0
 179       3 mmcblk0p3 0 0 0 0 0 0 0 0 0 0 0 0 0 0 0
 179       4 mmcblk0p4 16 0 146 3 1 0 8 0 0 12 0 0 0 0 0
 179       5 mmcblk0p5 0 0 0 0 0 0 0 0 0 0 0 0 0 0 0
 179       6 mmcblk0p6 0 0 0 0 0 0 0 0 0 0 0 0 0 0 0
 179       7 mmcblk0p7 0 0 0 0 0 0 0 0 0 0 0 0 0 0 0
 179       8 mmcblk0p8 0 0 0 0 0 0 0 0 0 0 0 0 0 0 0
 179       9 mmcblk0p9 0 0 0 0 0 0 0 0 0 0 0 0 0 0 0
 179      10 mmcblk0p10 0 0 0 0 0 0 0 0 0 0 0 0 0 0 0
 179      11 mmcblk0p11 0 0 0 0 0 0 0 0 0 0 0 0 0 0 0
 179      12 mmcblk0p12 0 0 0 0 0 0 0 0 0 0 0 0 0 0 0
 179      13 mmcblk0p13 0 0 0 0 0 0 0 0 0 0 0 0 0 0 0
 179      14 mmcblk0p14 0 0 0 0 0 0 0 0 0 0 0 0 0 0 0
 179      15 mmcblk0p15 0 0 0 0 0 0 0 0 0 0 0 0 0 0 0
 179      16 mmcblk0p16 0 0 0 0 0 0 0 0 0 0 0 0 0 0 0
 179      17 mmcblk0p17 0 0 0 0 0 0 0 0 0 0 0 0 0 0 0
 179      18 mmcblk0p18 0 0 0 0 0 0 0 0 0 0 0 0 0 0 0
 179      19 mmcblk0p19 0 0 0 0 0 0 0 0 0 0 0 0 0 0 0
 179      20 mmcblk0p20 0 0 0 0 0 0 0 0 0 0 0 0 0 0 0
 179      21 mmcblk0p21 54 57 111 17 0 0 0 0 0 28 0 0 0 0 0
 179      22 mmcblk0p22 0 0 0 0 0 0 0 0 0 0 0 0 0 0 0
 179      23 mmcblk0p23 33 6 330 14 0 0 0 0 0 12 0 0 0 0 0
 179      24 mmcblk0p24 0 0 0 0 0 0 0 0 0 0 0 0 0 0 0
 179      25 mmcblk0p25 0 0 0 0 0 0 0 0 0 0 0 0 0 0 0
 179      26 mmcblk0p26 0 0 0 0 0 0 0 0 0 0 0 0 0 0 0
 179      27 mmcblk0p27 0 0 0 0 0 0 0 0 0 0 0 0 0 0 0
 179      28 mmcblk0p28 0 0 0 0 0 0 0 0 0 0 0 0 0 0 0
 179      29 mmcblk0p29 0 0 0 0 0 0 0 0 0 0 0 0 0 0 0
 179      30 mmcblk0p30 0 0 0 0 0 0 0 0 0 0 0 0 0 0 0
 179      31 mmcblk0p31 0 0 0 0 0 0 0 0 0 0 0 0 0 0 0
 259       0 mmcblk0p32 9 0 65 1 0 0 0 0 0 12 0 0 0 0 0
 259       1 mmcblk0p33 0 0 0 0 0 0 0 0 0 0 0 0 0 0 0
 259       2 mmcblk0p34 0 0 0 0 0 0 0 0 0 0 0 0 0 0 0
 259       3 mmcblk0p35 0 0 0 0 0 0 0 0 0 0 0 0 0 0 0
 259       4 mmcblk0p36 0 0 0 0 0 0 0 0 0 0 0 0 0 0 0
 259       5 mmcblk0p37 0 0 0 0 0 0 0 0 0 0 0 0 0 0 0
 259       6 mmcblk0p38 0 0 0 0 0 0 0 0 0 0 0 0 0 0 0
 259       7 mmcblk0p39 0 0 0 0 0 0 0 0 0 0 0 0 0 0 0
 259       8 mmcblk0p40 0 0 0 0 0 0 0 0 0 0 0 0 0 0 0
 259       9 mmcblk0p41 0 0 0 0 0 0 0 0 0 0 0 0 0 0 0
 259      10 mmcblk0p42 0 0 0 0 0 0 0 0 0 0 0 0 0 0 0
 259      11 mmcblk0p43 0 0 0 0 0 0 0 0 0 0 0 0 0 0 0
 259      12 mmcblk0p44 0 0 0 0 0 0 0 0 0 0 0 0 0 0 0
 259      13 mmcblk0p45 0 0 0 0 0 0 0 0 0 0 0 0 0 0 0
 259      14 mmcblk0p46 0 0 0 0 0 0 0 0 0 0 0 0 0 0 0
 259      15 mmcblk0p47 0 0 0 0 0 0 0 0 0 0 0 0 0 0 0
 259      16 mmcblk0p48 0 0 0 0 0 0 0 0 0 0 0 0 0 0 0
 259      17 mmcblk0p49 0 0 0 0 0 0 0 0 0 0 0 0 0 0 0
 259      18 mmcblk0p50 0 0 0 0 0 0 0 0 0 0 0 0 0 0 0
 259      19 mmcblk0p51 0 0 0 0 0 0 0 0 0 0 0 0 0 0 0
 259      20 mmcblk0p52 0 0 0 0 0 0 0 0 0 0 0 0 0 0 0
 259      21 mmcblk0p53 0 0 0 0 0 0 0 0 0 0 0 0 0 0 0
 259      22 mmcblk0p54 0 0 0 0 0 0 0 0 0 0 0 0 0 0 0
 259      23 mmcblk0p55 0 0 0 0 0 0 0 0 0 0 0 0 0 0 0
 259      24 mmcblk0p56 0 0 0 0 0 0 0 0 0 0 0 0 0 0 0
 259      25 mmcblk0p57 0 0 0 0 0 0 0 0 0 0 0 0 0 0 0
 259      26 mmcblk0p58 0 0 0 0 0 0 0 0 0 0 0 0 0 0 0
 259      27 mmcblk0p59 0 0 0 0 0 0 0 0 0 0 0 0 0 0 0
 259      28 mmcblk0p60 0 0 0 0 0 0 0 0 0 0 0 0 0 0 0
 259      29 mmcblk0p61 0 0 0 0 0 0 0 0 0 0 0 0 0 0 0
 259      30 mmcblk0p62 0 0 0 0 0 0 0 0 0 0 0 0 0 0 0
 259      31 mmcblk0p63 0 0 0 0 0 0 0 0 0 0 0 0 0 0 0
 259      32 mmcblk0p64 0 0 0 0 0 0 0 0 0 0 0 0 0 0 0
 259      33 mmcblk0p65 0 0 0 0 0 0 0 0 0 0 0 0 0 0 0
 259      34 mmcblk0p66 0 0 0 0 0 0 0 0 0 0 0 0 0 0 0
 259      35 mmcblk0p67 1851 1758 140712 1643 0 0 0 0 0 1520 360 0 0 0 0
 259      36 mmcblk0p68 1 0 128 1 0 0 0 0 0 4 0 0 0 0 0
 259      37 mmcblk0p69 0 0 0 0 0 0 0 0 0 0 0 0 0 0 0
 259      38 mmcblk0p70 0 0 0 0 0 0 0 0 0 0 0 0 0 0 0
 259      39 mmcblk0p71 0 0 0 0 0 0 0 0 0 0 0 0 0 0 0
 259      40 mmcblk0p72 47 0 2666 36 5 0 40 12 0 64 16 0 0 0 0
 259      41 mmcblk0p73 1 0 128 1 0 0 0 0 0 4 0 0 0 0 0
 259      42 mmcblk0p74 0 0 0 0 0 0 0 0 0 0 0 0 0 0 0
 259      43 mmcblk0p75 0 0 0 0 0 0 0 0 0 0 0 0 0 0 0
 259      44 mmcblk0p76 0 0 0 0 0 0 0 0 0 0 0 0 0 0 0
 259      45 mmcblk0p77 0 0 0 0 0 0 0 0 0 0 0 0 0 0 0
 259      46 mmcblk0p78 0 0 0 0 0 0 0 0 0 0 0 0 0 0 0
 259      47 mmcblk0p79 0 0 0 0 0 0 0 0 0 0 0 0 0 0 0
 259      48 mmcblk0p80 0 0 0 0 0 0 0 0 0 0 0 0 0 0 0
 253       0 dm-0 219 0 2432 364 0 0 0 0 0 136 364 0 0 0 0
 253       1 dm-1 5818 0 770816 13760 0 0 0 0 0 6488 13760 0 0 0 0
 253       2 dm-2 1614 0 108792 1764 0 0 0 0 0 2560 1764 0 0 0 0
 253       3 dm-3 3206 0 379936 6240 0 0 0 0 0 5024 6240 0 0 0 0
 253       4 dm-4 4359 0 759144 18744 0 0 0 0 0 6688 18744 0 0 0 0
 253       5 dm-5 1261 0 105968 2596 0 0 0 0 1 2724 2596 0 0 0 0
 253       6 dm-6 2462 0 373984 9480 0 0 0 0 0 5272 9480 0 0 0 0
 253       7 dm-7 87 0 1376 68 0 0 0 0 0 140 68 0 0 0 0
   7     128 loop16 12 0 144 16 0 0 0 0 0 44 8 0 0 0 0
   7     136 loop17 27 0 216 27 0 0 0 0 0 32 0 0 0 0 0
   7     144 loop18 12 0 120 14 0 0 0 0 0 40 4 0 0 0 0
   7     152 loop19 24 0 192 26 0 0 0 0 0 28 0 0 0 0 0
   7     160 loop20 17 0 280 11 0 0 0 0 0 48 4 0 0 0 0
   7     168 loop21 22 0 1400 14 0 0 0 0 0 68 0 0 0 0 0
   7     176 loop22 12 0 96 6 0 0 0 0 0 40 0 0 0 0 0
   7     184 loop23 92 0 8976 72 0 0 0 0 0 208 0 0 0 0 0
   7     192 loop24 28 1 2112 30 0 0 0 0 0 64 4 0 0 0 0
   7     200 loop25 32 0 1264 14 0 0 0 0 0 68 0 0 0 0 0
   7     208 loop26 11 0 88 4 0 0 0 0 0 20 0 0 0 0 0
   7     216 loop27 9 0 72 4 0 0 0 0 0 20 0 0 0 0 0
   7     224 loop28 18 0 408 8 0 0 0 0 0 64 0 0 0 0 0
   7     232 loop29 85 0 9240 84 0 0 0 0 0 248 0 0 0 0 0
   7     240 loop30 21 0 504 11 0 0 0 0 0 56 0 0 0 0 0
   7     248 loop31 103 1 9368 95 0 0 0 0 0 360 8 0 0 0 0
   7     256 loop32 51 0 6560 51 0 0 0 0 0 120 4 0 0 0 0
   7     264 loop33 81 1 11976 233 0 0 0 0 0 116 124 0 0 0 0
   7     272 loop34 27 0 1352 14 0 0 0 0 0 64 0 0 0 0 0
   7     280 loop35 27 0 1840 19 0 0 0 0 0 56 0 0 0 0 0
   7     288 loop36 72 0 9048 123 0 0 0 0 0 140 44 0 0 0 0
   7     296 loop37 17 0 224 6 0 0 0 0 0 40 0 0 0 0 0
   7     304 loop38 127 1 10920 149 0 0 0 0 0 264 28 0 0 0 0
   7     312 loop39 221 5 19520 187 0 0 0 0 0 716 8 0 0 0 0
 253       8 dm-8 0 0 0 0 0 0 0 0 0 0 0 0 0 0 0
 253       9 dm-9 22 0 1312 20 0 0 0 0 0 64 20 0 0 0 0
 253      10 dm-10 110 0 10776 224 0 0 0 0 0 268 224 0 0 0 0
 253      11 dm-11 459 0 68208 1068 0 0 0 0 0 1080 1068 0 0 0 0
 253      12 dm-12 0 0 0 0 0 0 0 0 0 0 0 0 0 0 0
 253      13 dm-13 65 0 11840 456 0 0 0 0 0 120 456 0 0 0 0
 253      14 dm-14 0 0 0 0 0 0 0 0 0 0 0 0 0 0 0
 253      15 dm-15 22 0 1800 4 0 0 0 0 0 52 4 0 0 0 0
 253      16 dm-16 0 0 0 0 0 0 0 0 0 0 0 0 0 0 0
 253      17 dm-17 0 0 0 0 0 0 0 0 0 0 0 0 0 0 0
 253      18 dm-18 40 0 6472 48 0 0 0 0 0 112 48 0 0 0 0
 253      19 dm-19 69 0 9112 204 0 0 0 0 0 248 204 0 0 0 0
 253      20 dm-20 201 0 19320 508 0 0 0 0 0 768 508 0 0 0 0
 253      21 dm-21 16 0 464 8 0 0 0 0 0 52 8 0 0 0 0
 253      22 dm-22 16 0 392 88 0 0 0 0 0 68 88 0 0 0 0
 253      23 dm-23 0 0 0 0 0 0 0 0 0 0 0 0 0 0 0
 253      24 dm-24 15 0 208 4 0 0 0 0 0 36 4 0 0 0 0
 253      25 dm-25 5 0 40 8 0 0 0 0 0 20 8 0 0 0 0
 253      26 dm-26 7 0 56 8 0 0 0 0 0 16 8 0 0 0 0
 253      27 dm-27 0 0 0 0 0 0 0 0 0 0 0 0 0 0 0
 253      28 dm-28 27 0 1224 20 0 0 0 0 0 64 20 0 0 0 0
 253      29 dm-29 0 0 0 0 0 0 0 0 0 0 0 0 0 0 0
 253      30 dm-30 0 0 0 0 0 0 0 0 0 0 0 0 0 0 0
 253      31 dm-31 0 0 0 0 0 0 0 0 0 0 0 0 0 0 0
 253      32 dm-32 90 0 9256 212 0 0 0 0 0 392 212 0 0 0 0
 253      33 dm-33 0 0 0 0 0 0 0 0 0 0 0 0 0 0 0
 253      34 dm-34 23 0 2064 76 0 0 0 0 0 64 76 0 0 0 0
 253      35 dm-35 8 0 64 24 0 0 0 0 0 36 24 0 0 0 0
 253      36 dm-36 79 0 8872 140 0 0 0 0 0 212 140 0 0 0 0
 253      37 dm-37 0 0 0 0 0 0 0 0 0 0 0 0 0 0 0
 253      38 dm-38 18 0 1368 16 0 0 0 0 0 72 16 0 0 0 0
 253      39 dm-39 13 0 248 12 0 0 0 0 0 44 12 0 0 0 0
 253      40 dm-40 0 0 0 0 0 0 0 0 0 0 0 0 0 0 0
 253      41 dm-41 0 0 0 0 0 0 0 0 0 0 0 0 0 0 0
 253      42 dm-42 0 0 0 0 0 0 0 0 0 0 0 0 0 0 0
 253      43 dm-43 2443 0 171472 3676 301 0 3424 332 0 3688 4008 0 0 0 0

1941
   1       0 ram0 0 0 0 0 0 0 0 0 0 0 0 0 0 0 0
   1       1 ram1 0 0 0 0 0 0 0 0 0 0 0 0 0 0 0
   1       2 ram2 0 0 0 0 0 0 0 0 0 0 0 0 0 0 0
   1       3 ram3 0 0 0 0 0 0 0 0 0 0 0 0 0 0 0
   1       4 ram4 0 0 0 0 0 0 0 0 0 0 0 0 0 0 0
   1       5 ram5 0 0 0 0 0 0 0 0 0 0 0 0 0 0 0
   1       6 ram6 0 0 0 0 0 0 0 0 0 0 0 0 0 0 0
   1       7 ram7 0 0 0 0 0 0 0 0 0 0 0 0 0 0 0
   1       8 ram8 0 0 0 0 0 0 0 0 0 0 0 0 0 0 0
   1       9 ram9 0 0 0 0 0 0 0 0 0 0 0 0 0 0 0
   1      10 ram10 0 0 0 0 0 0 0 0 0 0 0 0 0 0 0
   1      11 ram11 0 0 0 0 0 0 0 0 0 0 0 0 0 0 0
   1      12 ram12 0 0 0 0 0 0 0 0 0 0 0 0 0 0 0
   1      13 ram13 0 0 0 0 0 0 0 0 0 0 0 0 0 0 0
   1      14 ram14 0 0 0 0 0 0 0 0 0 0 0 0 0 0 0
   1      15 ram15 0 0 0 0 0 0 0 0 0 0 0 0 0 0 0
   7       0 loop0 183 0 16168 352 0 0 0 0 0 344 116 0 0 0 0
   7       8 loop1 70 0 9008 122 0 0 0 0 0 136 32 0 0 0 0
   7      16 loop2 27 0 216 13 0 0 0 0 0 32 0 0 0 0 0
   7      24 loop3 12 0 296 8 0 0 0 0 0 32 0 0 0 0 0
   7      32 loop4 36 1 3040 29 0 0 0 0 0 56 0 0 0 0 0
   7      40 loop5 194 1 23984 297 0 0 0 0 0 408 60 0 0 0 0
   7      48 loop6 16 0 712 14 0 0 0 0 0 44 0 0 0 0 0
   7      56 loop7 24 0 1840 22 0 0 0 0 0 84 0 0 0 0 0
   7      64 loop8 25 0 1408 16 0 0 0 0 0 96 0 0 0 0 0
   7      72 loop9 734 6 74712 1830 0 0 0 0 0 2036 744 0 0 0 0
   7      80 loop10 24 0 192 17 0 0 0 0 0 28 0 0 0 0 0
   7      88 loop11 16 0 256 10 0 0 0 0 0 56 0 0 0 0 0
   7      96 loop12 542 3 68896 471 0 0 0 0 0 1008 16 0 0 0 0
   7     104 loop13 27 0 216 48 0 0 0 0 0 44 8 0 0 0 0
   7     112 loop14 12 0 240 7 0 0 0 0 0 36 0 0 0 0 0
   7     120 loop15 52 0 4752 144 0 0 0 0 0 220 76 0 0 0 0
 254       0 zram0 0 0 0 0 0 0 0 0 0 0 0 0 0 0 0
 179       0 mmcblk0 2020 1821 144350 1721 12 0 48 14 0 1592 376 0 0 0 0
 179       1 mmcblk0p1 0 0 0 0 0 0 0 0 0 0 0 0 0 0 0
 179       2 mmcblk0p2 0 0 0 0 0 0 0 0 0 0 0 0 0 0 0
 179       3 mmcblk0p3 0 0 0 0 0 0 0 0 0 0 0 0 0 0 0
 179       4 mmcblk0p4 16 0 146 3 1 0 8 0 0 12 0 0 0 0 0
 179       5 mmcblk0p5 0 0 0 0 0 0 0 0 0 0 0 0 0 0 0
 179       6 mmcblk0p6 0 0 0 0 0 0 0 0 0 0 0 0 0 0 0
 179       7 mmcblk0p7 0 0 0 0 0 0 0 0 0 0 0 0 0 0 0
 179       8 mmcblk0p8 0 0 0 0 0 0 0 0 0 0 0 0 0 0 0
 179       9 mmcblk0p9 0 0 0 0 0 0 0 0 0 0 0 0 0 0 0
 179      10 mmcblk0p10 0 0 0 0 0 0 0 0 0 0 0 0 0 0 0
 179      11 mmcblk0p11 0 0 0 0 0 0 0 0 0 0 0 0 0 0 0
 179      12 mmcblk0p12 0 0 0 0 0 0 0 0 0 0 0 0 0 0 0
 179      13 mmcblk0p13 0 0 0 0 0 0 0 0 0 0 0 0 0 0 0
 179      14 mmcblk0p14 0 0 0 0 0 0 0 0 0 0 0 0 0 0 0
 179      15 mmcblk0p15 0 0 0 0 0 0 0 0 0 0 0 0 0 0 0
 179      16 mmcblk0p16 0 0 0 0 0 0 0 0 0 0 0 0 0 0 0
 179      17 mmcblk0p17 0 0 0 0 0 0 0 0 0 0 0 0 0 0 0
 179      18 mmcblk0p18 0 0 0 0 0 0 0 0 0 0 0 0 0 0 0
 179      19 mmcblk0p19 0 0 0 0 0 0 0 0 0 0 0 0 0 0 0
 179      20 mmcblk0p20 0 0 0 0 0 0 0 0 0 0 0 0 0 0 0
 179      21 mmcblk0p21 54 57 111 17 0 0 0 0 0 28 0 0 0 0 0
 179      22 mmcblk0p22 0 0 0 0 0 0 0 0 0 0 0 0 0 0 0
 179      23 mmcblk0p23 33 6 330 14 0 0 0 0 0 12 0 0 0 0 0
 179      24 mmcblk0p24 0 0 0 0 0 0 0 0 0 0 0 0 0 0 0
 179      25 mmcblk0p25 0 0 0 0 0 0 0 0 0 0 0 0 0 0 0
 179      26 mmcblk0p26 0 0 0 0 0 0 0 0 0 0 0 0 0 0 0
 179      27 mmcblk0p27 0 0 0 0 0 0 0 0 0 0 0 0 0 0 0
 179      28 mmcblk0p28 0 0 0 0 0 0 0 0 0 0 0 0 0 0 0
 179      29 mmcblk0p29 0 0 0 0 0 0 0 0 0 0 0 0 0 0 0
 179      30 mmcblk0p30 0 0 0 0 0 0 0 0 0 0 0 0 0 0 0
 179      31 mmcblk0p31 0 0 0 0 0 0 0 0 0 0 0 0 0 0 0
 259       0 mmcblk0p32 9 0 65 1 0 0 0 0 0 12 0 0 0 0 0
 259       1 mmcblk0p33 0 0 0 0 0 0 0 0 0 0 0 0 0 0 0
 259       2 mmcblk0p34 0 0 0 0 0 0 0 0 0 0 0 0 0 0 0
 259       3 mmcblk0p35 0 0 0 0 0 0 0 0 0 0 0 0 0 0 0
 259       4 mmcblk0p36 0 0 0 0 0 0 0 0 0 0 0 0 0 0 0
 259       5 mmcblk0p37 0 0 0 0 0 0 0 0 0 0 0 0 0 0 0
 259       6 mmcblk0p38 0 0 0 0 0 0 0 0 0 0 0 0 0 0 0
 259       7 mmcblk0p39 0 0 0 0 0 0 0 0 0 0 0 0 0 0 0
 259       8 mmcblk0p40 0 0 0 0 0 0 0 0 0 0 0 0 0 0 0
 259       9 mmcblk0p41 0 0 0 0 0 0 0 0 0 0 0 0 0 0 0
 259      10 mmcblk0p42 0 0 0 0 0 0 0 0 0 0 0 0 0 0 0
 259      11 mmcblk0p43 0 0 0 0 0 0 0 0 0 0 0 0 0 0 0
 259      12 mmcblk0p44 0 0 0 0 0 0 0 0 0 0 0 0 0 0 0
 259      13 mmcblk0p45 0 0 0 0 0 0 0 0 0 0 0 0 0 0 0
 259      14 mmcblk0p46 0 0 0 0 0 0 0 0 0 0 0 0 0 0 0
 259      15 mmcblk0p47 0 0 0 0 0 0 0 0 0 0 0 0 0 0 0
 259      16 mmcblk0p48 0 0 0 0 0 0 0 0 0 0 0 0 0 0 0
 259      17 mmcblk0p49 0 0 0 0 0 0 0 0 0 0 0 0 0 0 0
 259      18 mmcblk0p50 0 0 0 0 0 0 0 0 0 0 0 0 0 0 0
 259      19 mmcblk0p51 0 0 0 0 0 0 0 0 0 0 0 0 0 0 0
 259      20 mmcblk0p52 0 0 0 0 0 0 0 0 0 0 0 0 0 0 0
 259      21 mmcblk0p53 0 0 0 0 0 0 0 0 0 0 0 0 0 0 0
 259      22 mmcblk0p54 0 0 0 0 0 0 0 0 0 0 0 0 0 0 0
 259      23 mmcblk0p55 0 0 0 0 0 0 0 0 0 0 0 0 0 0 0
 259      24 mmcblk0p56 0 0 0 0 0 0 0 0 0 0 0 0 0 0 0
 259      25 mmcblk0p57 0 0 0 0 0 0 0 0 0 0 0 0 0 0 0
 259      26 mmcblk0p58 0 0 0 0 0 0 0 0 0 0 0 0 0 0 0
 259      27 mmcblk0p59 0 0 0 0 0 0 0 0 0 0 0 0 0 0 0
 259      28 mmcblk0p60 0 0 0 0 0 0 0 0 0 0 0 0 0 0 0
 259      29 mmcblk0p61 0 0 0 0 0 0 0 0 0 0 0 0 0 0 0
 259      30 mmcblk0p62 0 0 0 0 0 0 0 0 0 0 0 0 0 0 0
 259      31 mmcblk0p63 0 0 0 0 0 0 0 0 0 0 0 0 0 0 0
 259      32 mmcblk0p64 0 0 0 0 0 0 0 0 0 0 0 0 0 0 0
 259      33 mmcblk0p65 0 0 0 0 0 0 0 0 0 0 0 0 0 0 0
 259      34 mmcblk0p66 0 0 0 0 0 0 0 0 0 0 0 0 0 0 0
 259      35 mmcblk0p67 1851 1758 140712 1643 0 0 0 0 0 1520 360 0 0 0 0
 259      36 mmcblk0p68 1 0 128 1 0 0 0 0 0 4 0 0 0 0 0
 259      37 mmcblk0p69 0 0 0 0 0 0 0 0 0 0 0 0 0 0 0
 259      38 mmcblk0p70 0 0 0 0 0 0 0 0 0 0 0 0 0 0 0
 259      39 mmcblk0p71 0 0 0 0 0 0 0 0 0 0 0 0 0 0 0
 259      40 mmcblk0p72 47 0 2666 36 5 0 40 12 0 64 16 0 0 0 0
 259      41 mmcblk0p73 1 0 128 1 0 0 0 0 0 4 0 0 0 0 0
 259      42 mmcblk0p74 0 0 0 0 0 0 0 0 0 0 0 0 0 0 0
 259      43 mmcblk0p75 0 0 0 0 0 0 0 0 0 0 0 0 0 0 0
 259      44 mmcblk0p76 0 0 0 0 0 0 0 0 0 0 0 0 0 0 0
 259      45 mmcblk0p77 0 0 0 0 0 0 0 0 0 0 0 0 0 0 0
 259      46 mmcblk0p78 0 0 0 0 0 0 0 0 0 0 0 0 0 0 0
 259      47 mmcblk0p79 0 0 0 0 0 0 0 0 0 0 0 0 0 0 0
 259      48 mmcblk0p80 0 0 0 0 0 0 0 0 0 0 0 0 0 0 0
 253       0 dm-0 219 0 2432 364 0 0 0 0 0 136 364 0 0 0 0
 253       1 dm-1 5980 0 807264 13896 0 0 0 0 0 6860 13896 0 0 0 0
 253       2 dm-2 1640 0 113552 1796 0 0 0 0 0 2624 1796 0 0 0 0
 253       3 dm-3 3222 0 392528 6272 0 0 0 0 0 5104 6272 0 0 0 0
 253       4 dm-4 4493 0 795368 18980 0 0 0 0 0 7068 18980 0 0 0 0
 253       5 dm-5 1287 0 110728 2640 0 0 0 0 0 2792 2640 0 0 0 0
 253       6 dm-6 2478 0 386576 9536 0 0 0 0 0 5372 9536 0 0 0 0
 253       7 dm-7 87 0 1376 68 0 0 0 0 0 140 68 0 0 0 0
   7     128 loop16 12 0 144 16 0 0 0 0 0 44 8 0 0 0 0
   7     136 loop17 27 0 216 27 0 0 0 0 0 32 0 0 0 0 0
   7     144 loop18 12 0 120 14 0 0 0 0 0 40 4 0 0 0 0
   7     152 loop19 24 0 192 26 0 0 0 0 0 28 0 0 0 0 0
   7     160 loop20 17 0 280 11 0 0 0 0 0 48 4 0 0 0 0
   7     168 loop21 22 0 1400 14 0 0 0 0 0 68 0 0 0 0 0
   7     176 loop22 12 0 96 6 0 0 0 0 0 40 0 0 0 0 0
   7     184 loop23 92 0 8976 72 0 0 0 0 0 208 0 0 0 0 0
   7     192 loop24 28 1 2112 30 0 0 0 0 0 64 4 0 0 0 0
   7     200 loop25 32 0 1264 14 0 0 0 0 0 68 0 0 0 0 0
   7     208 loop26 11 0 88 4 0 0 0 0 0 20 0 0 0 0 0
   7     216 loop27 9 0 72 4 0 0 0 0 0 20 0 0 0 0 0
   7     224 loop28 18 0 408 8 0 0 0 0 0 64 0 0 0 0 0
   7     232 loop29 85 0 9240 84 0 0 0 0 0 248 0 0 0 0 0
   7     240 loop30 21 0 504 11 0 0 0 0 0 56 0 0 0 0 0
   7     248 loop31 103 1 9368 95 0 0 0 0 0 360 8 0 0 0 0
   7     256 loop32 51 0 6560 51 0 0 0 0 0 120 4 0 0 0 0
   7     264 loop33 81 1 11976 233 0 0 0 0 0 116 124 0 0 0 0
   7     272 loop34 27 0 1352 14 0 0 0 0 0 64 0 0 0 0 0
   7     280 loop35 27 0 1840 19 0 0 0 0 0 56 0 0 0 0 0
   7     288 loop36 72 0 9048 123 0 0 0 0 0 140 44 0 0 0 0
   7     296 loop37 17 0 224 6 0 0 0 0 0 40 0 0 0 0 0
   7     304 loop38 127 1 10920 149 0 0 0 0 0 264 28 0 0 0 0
   7     312 loop39 221 5 19520 187 0 0 0 0 0 716 8 0 0 0 0
 253       8 dm-8 0 0 0 0 0 0 0 0 0 0 0 0 0 0 0
 253       9 dm-9 22 0 1312 20 0 0 0 0 0 64 20 0 0 0 0
 253      10 dm-10 110 0 10776 224 0 0 0 0 0 268 224 0 0 0 0
 253      11 dm-11 459 0 68208 1068 0 0 0 0 0 1080 1068 0 0 0 0
 253      12 dm-12 0 0 0 0 0 0 0 0 0 0 0 0 0 0 0
 253      13 dm-13 65 0 11840 456 0 0 0 0 0 120 456 0 0 0 0
 253      14 dm-14 0 0 0 0 0 0 0 0 0 0 0 0 0 0 0
 253      15 dm-15 22 0 1800 4 0 0 0 0 0 52 4 0 0 0 0
 253      16 dm-16 0 0 0 0 0 0 0 0 0 0 0 0 0 0 0
 253      17 dm-17 0 0 0 0 0 0 0 0 0 0 0 0 0 0 0
 253      18 dm-18 40 0 6472 48 0 0 0 0 0 112 48 0 0 0 0
 253      19 dm-19 69 0 9112 204 0 0 0 0 0 248 204 0 0 0 0
 253      20 dm-20 201 0 19320 508 0 0 0 0 0 768 508 0 0 0 0
 253      21 dm-21 16 0 464 8 0 0 0 0 0 52 8 0 0 0 0
 253      22 dm-22 16 0 392 88 0 0 0 0 0 68 88 0 0 0 0
 253      23 dm-23 0 0 0 0 0 0 0 0 0 0 0 0 0 0 0
 253      24 dm-24 15 0 208 4 0 0 0 0 0 36 4 0 0 0 0
 253      25 dm-25 5 0 40 8 0 0 0 0 0 20 8 0 0 0 0
 253      26 dm-26 7 0 56 8 0 0 0 0 0 16 8 0 0 0 0
 253      27 dm-27 0 0 0 0 0 0 0 0 0 0 0 0 0 0 0
 253      28 dm-28 27 0 1224 20 0 0 0 0 0 64 20 0 0 0 0
 253      29 dm-29 0 0 0 0 0 0 0 0 0 0 0 0 0 0 0
 253      30 dm-30 0 0 0 0 0 0 0 0 0 0 0 0 0 0 0
 253      31 dm-31 0 0 0 0 0 0 0 0 0 0 0 0 0 0 0
 253      32 dm-32 90 0 9256 212 0 0 0 0 0 392 212 0 0 0 0
 253      33 dm-33 0 0 0 0 0 0 0 0 0 0 0 0 0 0 0
 253      34 dm-34 23 0 2064 76 0 0 0 0 0 64 76 0 0 0 0
 253      35 dm-35 8 0 64 24 0 0 0 0 0 36 24 0 0 0 0
 253      36 dm-36 79 0 8872 140 0 0 0 0 0 212 140 0 0 0 0
 253      37 dm-37 0 0 0 0 0 0 0 0 0 0 0 0 0 0 0
 253      38 dm-38 18 0 1368 16 0 0 0 0 0 72 16 0 0 0 0
 253      39 dm-39 13 0 248 12 0 0 0 0 0 44 12 0 0 0 0
 253      40 dm-40 0 0 0 0 0 0 0 0 0 0 0 0 0 0 0
 253      41 dm-41 0 0 0 0 0 0 0 0 0 0 0 0 0 0 0
 253      42 dm-42 0 0 0 0 0 0 0 0 0 0 0 0 0 0 0
 253      43 dm-43 2443 0 171472 3676 342 0 3920 356 0 3724 4032 0 0 0 0

1976
   1       0 ram0 0 0 0 0 0 0 0 0 0 0 0 0 0 0 0
   1       1 ram1 0 0 0 0 0 0 0 0 0 0 0 0 0 0 0
   1       2 ram2 0 0 0 0 0 0 0 0 0 0 0 0 0 0 0
   1       3 ram3 0 0 0 0 0 0 0 0 0 0 0 0 0 0 0
   1       4 ram4 0 0 0 0 0 0 0 0 0 0 0 0 0 0 0
   1       5 ram5 0 0 0 0 0 0 0 0 0 0 0 0 0 0 0
   1       6 ram6 0 0 0 0 0 0 0 0 0 0 0 0 0 0 0
   1       7 ram7 0 0 0 0 0 0 0 0 0 0 0 0 0 0 0
   1       8 ram8 0 0 0 0 0 0 0 0 0 0 0 0 0 0 0
   1       9 ram9 0 0 0 0 0 0 0 0 0 0 0 0 0 0 0
   1      10 ram10 0 0 0 0 0 0 0 0 0 0 0 0 0 0 0
   1      11 ram11 0 0 0 0 0 0 0 0 0 0 0 0 0 0 0
   1      12 ram12 0 0 0 0 0 0 0 0 0 0 0 0 0 0 0
   1      13 ram13 0 0 0 0 0 0 0 0 0 0 0 0 0 0 0
   1      14 ram14 0 0 0 0 0 0 0 0 0 0 0 0 0 0 0
   1      15 ram15 0 0 0 0 0 0 0 0 0 0 0 0 0 0 0
   7       0 loop0 183 0 16168 352 0 0 0 0 0 344 116 0 0 0 0
   7       8 loop1 70 0 9008 122 0 0 0 0 0 136 32 0 0 0 0
   7      16 loop2 27 0 216 13 0 0 0 0 0 32 0 0 0 0 0
   7      24 loop3 12 0 296 8 0 0 0 0 0 32 0 0 0 0 0
   7      32 loop4 36 1 3040 29 0 0 0 0 0 56 0 0 0 0 0
   7      40 loop5 194 1 23984 297 0 0 0 0 0 408 60 0 0 0 0
   7      48 loop6 16 0 712 14 0 0 0 0 0 44 0 0 0 0 0
   7      56 loop7 24 0 1840 22 0 0 0 0 0 84 0 0 0 0 0
   7      64 loop8 25 0 1408 16 0 0 0 0 0 96 0 0 0 0 0
   7      72 loop9 734 6 74712 1830 0 0 0 0 0 2036 744 0 0 0 0
   7      80 loop10 24 0 192 17 0 0 0 0 0 28 0 0 0 0 0
   7      88 loop11 16 0 256 10 0 0 0 0 0 56 0 0 0 0 0
   7      96 loop12 542 3 68896 471 0 0 0 0 0 1008 16 0 0 0 0
   7     104 loop13 27 0 216 48 0 0 0 0 0 44 8 0 0 0 0
   7     112 loop14 12 0 240 7 0 0 0 0 0 36 0 0 0 0 0
   7     120 loop15 52 0 4752 144 0 0 0 0 0 220 76 0 0 0 0
 254       0 zram0 0 0 0 0 0 0 0 0 0 0 0 0 0 0 0
 179       0 mmcblk0 2020 1821 144350 1721 12 0 48 14 0 1592 376 0 0 0 0
 179       1 mmcblk0p1 0 0 0 0 0 0 0 0 0 0 0 0 0 0 0
 179       2 mmcblk0p2 0 0 0 0 0 0 0 0 0 0 0 0 0 0 0
 179       3 mmcblk0p3 0 0 0 0 0 0 0 0 0 0 0 0 0 0 0
 179       4 mmcblk0p4 16 0 146 3 1 0 8 0 0 12 0 0 0 0 0
 179       5 mmcblk0p5 0 0 0 0 0 0 0 0 0 0 0 0 0 0 0
 179       6 mmcblk0p6 0 0 0 0 0 0 0 0 0 0 0 0 0 0 0
 179       7 mmcblk0p7 0 0 0 0 0 0 0 0 0 0 0 0 0 0 0
 179       8 mmcblk0p8 0 0 0 0 0 0 0 0 0 0 0 0 0 0 0
 179       9 mmcblk0p9 0 0 0 0 0 0 0 0 0 0 0 0 0 0 0
 179      10 mmcblk0p10 0 0 0 0 0 0 0 0 0 0 0 0 0 0 0
 179      11 mmcblk0p11 0 0 0 0 0 0 0 0 0 0 0 0 0 0 0
 179      12 mmcblk0p12 0 0 0 0 0 0 0 0 0 0 0 0 0 0 0
 179      13 mmcblk0p13 0 0 0 0 0 0 0 0 0 0 0 0 0 0 0
 179      14 mmcblk0p14 0 0 0 0 0 0 0 0 0 0 0 0 0 0 0
 179      15 mmcblk0p15 0 0 0 0 0 0 0 0 0 0 0 0 0 0 0
 179      16 mmcblk0p16 0 0 0 0 0 0 0 0 0 0 0 0 0 0 0
 179      17 mmcblk0p17 0 0 0 0 0 0 0 0 0 0 0 0 0 0 0
 179      18 mmcblk0p18 0 0 0 0 0 0 0 0 0 0 0 0 0 0 0
 179      19 mmcblk0p19 0 0 0 0 0 0 0 0 0 0 0 0 0 0 0
 179      20 mmcblk0p20 0 0 0 0 0 0 0 0 0 0 0 0 0 0 0
 179      21 mmcblk0p21 54 57 111 17 0 0 0 0 0 28 0 0 0 0 0
 179      22 mmcblk0p22 0 0 0 0 0 0 0 0 0 0 0 0 0 0 0
 179      23 mmcblk0p23 33 6 330 14 0 0 0 0 0 12 0 0 0 0 0
 179      24 mmcblk0p24 0 0 0 0 0 0 0 0 0 0 0 0 0 0 0
 179      25 mmcblk0p25 0 0 0 0 0 0 0 0 0 0 0 0 0 0 0
 179      26 mmcblk0p26 0 0 0 0 0 0 0 0 0 0 0 0 0 0 0
 179      27 mmcblk0p27 0 0 0 0 0 0 0 0 0 0 0 0 0 0 0
 179      28 mmcblk0p28 0 0 0 0 0 0 0 0 0 0 0 0 0 0 0
 179      29 mmcblk0p29 0 0 0 0 0 0 0 0 0 0 0 0 0 0 0
 179      30 mmcblk0p30 0 0 0 0 0 0 0 0 0 0 0 0 0 0 0
 179      31 mmcblk0p31 0 0 0 0 0 0 0 0 0 0 0 0 0 0 0
 259       0 mmcblk0p32 9 0 65 1 0 0 0 0 0 12 0 0 0 0 0
 259       1 mmcblk0p33 0 0 0 0 0 0 0 0 0 0 0 0 0 0 0
 259       2 mmcblk0p34 0 0 0 0 0 0 0 0 0 0 0 0 0 0 0
 259       3 mmcblk0p35 0 0 0 0 0 0 0 0 0 0 0 0 0 0 0
 259       4 mmcblk0p36 0 0 0 0 0 0 0 0 0 0 0 0 0 0 0
 259       5 mmcblk0p37 0 0 0 0 0 0 0 0 0 0 0 0 0 0 0
 259       6 mmcblk0p38 0 0 0 0 0 0 0 0 0 0 0 0 0 0 0
 259       7 mmcblk0p39 0 0 0 0 0 0 0 0 0 0 0 0 0 0 0
 259       8 mmcblk0p40 0 0 0 0 0 0 0 0 0 0 0 0 0 0 0
 259       9 mmcblk0p41 0 0 0 0 0 0 0 0 0 0 0 0 0 0 0
 259      10 mmcblk0p42 0 0 0 0 0 0 0 0 0 0 0 0 0 0 0
 259      11 mmcblk0p43 0 0 0 0 0 0 0 0 0 0 0 0 0 0 0
 259      12 mmcblk0p44 0 0 0 0 0 0 0 0 0 0 0 0 0 0 0
 259      13 mmcblk0p45 0 0 0 0 0 0 0 0 0 0 0 0 0 0 0
 259      14 mmcblk0p46 0 0 0 0 0 0 0 0 0 0 0 0 0 0 0
 259      15 mmcblk0p47 0 0 0 0 0 0 0 0 0 0 0 0 0 0 0
 259      16 mmcblk0p48 0 0 0 0 0 0 0 0 0 0 0 0 0 0 0
 259      17 mmcblk0p49 0 0 0 0 0 0 0 0 0 0 0 0 0 0 0
 259      18 mmcblk0p50 0 0 0 0 0 0 0 0 0 0 0 0 0 0 0
 259      19 mmcblk0p51 0 0 0 0 0 0 0 0 0 0 0 0 0 0 0
 259      20 mmcblk0p52 0 0 0 0 0 0 0 0 0 0 0 0 0 0 0
 259      21 mmcblk0p53 0 0 0 0 0 0 0 0 0 0 0 0 0 0 0
 259      22 mmcblk0p54 0 0 0 0 0 0 0 0 0 0 0 0 0 0 0
 259      23 mmcblk0p55 0 0 0 0 0 0 0 0 0 0 0 0 0 0 0
 259      24 mmcblk0p56 0 0 0 0 0 0 0 0 0 0 0 0 0 0 0
 259      25 mmcblk0p57 0 0 0 0 0 0 0 0 0 0 0 0 0 0 0
 259      26 mmcblk0p58 0 0 0 0 0 0 0 0 0 0 0 0 0 0 0
 259      27 mmcblk0p59 0 0 0 0 0 0 0 0 0 0 0 0 0 0 0
 259      28 mmcblk0p60 0 0 0 0 0 0 0 0 0 0 0 0 0 0 0
 259      29 mmcblk0p61 0 0 0 0 0 0 0 0 0 0 0 0 0 0 0
 259      30 mmcblk0p62 0 0 0 0 0 0 0 0 0 0 0 0 0 0 0
 259      31 mmcblk0p63 0 0 0 0 0 0 0 0 0 0 0 0 0 0 0
 259      32 mmcblk0p64 0 0 0 0 0 0 0 0 0 0 0 0 0 0 0
 259      33 mmcblk0p65 0 0 0 0 0 0 0 0 0 0 0 0 0 0 0
 259      34 mmcblk0p66 0 0 0 0 0 0 0 0 0 0 0 0 0 0 0
 259      35 mmcblk0p67 1851 1758 140712 1643 0 0 0 0 0 1520 360 0 0 0 0
 259      36 mmcblk0p68 1 0 128 1 0 0 0 0 0 4 0 0 0 0 0
 259      37 mmcblk0p69 0 0 0 0 0 0 0 0 0 0 0 0 0 0 0
 259      38 mmcblk0p70 0 0 0 0 0 0 0 0 0 0 0 0 0 0 0
 259      39 mmcblk0p71 0 0 0 0 0 0 0 0 0 0 0 0 0 0 0
 259      40 mmcblk0p72 47 0 2666 36 5 0 40 12 0 64 16 0 0 0 0
 259      41 mmcblk0p73 1 0 128 1 0 0 0 0 0 4 0 0 0 0 0
 259      42 mmcblk0p74 0 0 0 0 0 0 0 0 0 0 0 0 0 0 0
 259      43 mmcblk0p75 0 0 0 0 0 0 0 0 0 0 0 0 0 0 0
 259      44 mmcblk0p76 0 0 0 0 0 0 0 0 0 0 0 0 0 0 0
 259      45 mmcblk0p77 0 0 0 0 0 0 0 0 0 0 0 0 0 0 0
 259      46 mmcblk0p78 0 0 0 0 0 0 0 0 0 0 0 0 0 0 0
 259      47 mmcblk0p79 0 0 0 0 0 0 0 0 0 0 0 0 0 0 0
 259      48 mmcblk0p80 0 0 0 0 0 0 0 0 0 0 0 0 0 0 0
 253       0 dm-0 219 0 2432 364 0 0 0 0 0 136 364 0 0 0 0
 253       1 dm-1 6047 0 815176 13940 0 0 0 0 1 7012 13940 0 0 0 0
 253       2 dm-2 1640 0 113552 1796 0 0 0 0 0 2624 1796 0 0 0 0
 253       3 dm-3 3233 0 398704 6276 0 0 0 0 0 5144 6276 0 0 0 0
 253       4 dm-4 4554 0 803232 19096 0 0 0 0 1 7224 19096 0 0 0 0
 253       5 dm-5 1287 0 110728 2640 0 0 0 0 0 2792 2640 0 0 0 0
 253       6 dm-6 2489 0 392752 9560 0 0 0 0 0 5428 9560 0 0 0 0
 253       7 dm-7 87 0 1376 68 0 0 0 0 0 140 68 0 0 0 0
   7     128 loop16 12 0 144 16 0 0 0 0 0 44 8 0 0 0 0
   7     136 loop17 27 0 216 27 0 0 0 0 0 32 0 0 0 0 0
   7     144 loop18 12 0 120 14 0 0 0 0 0 40 4 0 0 0 0
   7     152 loop19 24 0 192 26 0 0 0 0 0 28 0 0 0 0 0
   7     160 loop20 17 0 280 11 0 0 0 0 0 48 4 0 0 0 0
   7     168 loop21 22 0 1400 14 0 0 0 0 0 68 0 0 0 0 0
   7     176 loop22 12 0 96 6 0 0 0 0 0 40 0 0 0 0 0
   7     184 loop23 92 0 8976 72 0 0 0 0 0 208 0 0 0 0 0
   7     192 loop24 28 1 2112 30 0 0 0 0 0 64 4 0 0 0 0
   7     200 loop25 32 0 1264 14 0 0 0 0 0 68 0 0 0 0 0
   7     208 loop26 11 0 88 4 0 0 0 0 0 20 0 0 0 0 0
   7     216 loop27 9 0 72 4 0 0 0 0 0 20 0 0 0 0 0
   7     224 loop28 18 0 408 8 0 0 0 0 0 64 0 0 0 0 0
   7     232 loop29 85 0 9240 84 0 0 0 0 0 248 0 0 0 0 0
   7     240 loop30 21 0 504 11 0 0 0 0 0 56 0 0 0 0 0
   7     248 loop31 103 1 9368 95 0 0 0 0 0 360 8 0 0 0 0
   7     256 loop32 51 0 6560 51 0 0 0 0 0 120 4 0 0 0 0
   7     264 loop33 81 1 11976 233 0 0 0 0 0 116 124 0 0 0 0
   7     272 loop34 27 0 1352 14 0 0 0 0 0 64 0 0 0 0 0
   7     280 loop35 27 0 1840 19 0 0 0 0 0 56 0 0 0 0 0
   7     288 loop36 72 0 9048 123 0 0 0 0 0 140 44 0 0 0 0
   7     296 loop37 17 0 224 6 0 0 0 0 0 40 0 0 0 0 0
   7     304 loop38 127 1 10920 149 0 0 0 0 0 264 28 0 0 0 0
   7     312 loop39 221 5 19520 187 0 0 0 0 0 716 8 0 0 0 0
 253       8 dm-8 0 0 0 0 0 0 0 0 0 0 0 0 0 0 0
 253       9 dm-9 22 0 1312 20 0 0 0 0 0 64 20 0 0 0 0
 253      10 dm-10 110 0 10776 224 0 0 0 0 0 268 224 0 0 0 0
 253      11 dm-11 459 0 68208 1068 0 0 0 0 0 1080 1068 0 0 0 0
 253      12 dm-12 0 0 0 0 0 0 0 0 0 0 0 0 0 0 0
 253      13 dm-13 65 0 11840 456 0 0 0 0 0 120 456 0 0 0 0
 253      14 dm-14 0 0 0 0 0 0 0 0 0 0 0 0 0 0 0
 253      15 dm-15 22 0 1800 4 0 0 0 0 0 52 4 0 0 0 0
 253      16 dm-16 0 0 0 0 0 0 0 0 0 0 0 0 0 0 0
 253      17 dm-17 0 0 0 0 0 0 0 0 0 0 0 0 0 0 0
 253      18 dm-18 40 0 6472 48 0 0 0 0 0 112 48 0 0 0 0
 253      19 dm-19 69 0 9112 204 0 0 0 0 0 248 204 0 0 0 0
 253      20 dm-20 201 0 19320 508 0 0 0 0 0 768 508 0 0 0 0
 253      21 dm-21 16 0 464 8 0 0 0 0 0 52 8 0 0 0 0
 253      22 dm-22 16 0 392 88 0 0 0 0 0 68 88 0 0 0 0
 253      23 dm-23 0 0 0 0 0 0 0 0 0 0 0 0 0 0 0
 253      24 dm-24 15 0 208 4 0 0 0 0 0 36 4 0 0 0 0
 253      25 dm-25 5 0 40 8 0 0 0 0 0 20 8 0 0 0 0
 253      26 dm-26 7 0 56 8 0 0 0 0 0 16 8 0 0 0 0
 253      27 dm-27 0 0 0 0 0 0 0 0 0 0 0 0 0 0 0
 253      28 dm-28 27 0 1224 20 0 0 0 0 0 64 20 0 0 0 0
 253      29 dm-29 0 0 0 0 0 0 0 0 0 0 0 0 0 0 0
 253      30 dm-30 0 0 0 0 0 0 0 0 0 0 0 0 0 0 0
 253      31 dm-31 0 0 0 0 0 0 0 0 0 0 0 0 0 0 0
 253      32 dm-32 90 0 9256 212 0 0 0 0 0 392 212 0 0 0 0
 253      33 dm-33 0 0 0 0 0 0 0 0 0 0 0 0 0 0 0
 253      34 dm-34 23 0 2064 76 0 0 0 0 0 64 76 0 0 0 0
 253      35 dm-35 8 0 64 24 0 0 0 0 0 36 24 0 0 0 0
 253      36 dm-36 79 0 8872 140 0 0 0 0 0 212 140 0 0 0 0
 253      37 dm-37 0 0 0 0 0 0 0 0 0 0 0 0 0 0 0
 253      38 dm-38 18 0 1368 16 0 0 0 0 0 72 16 0 0 0 0
 253      39 dm-39 13 0 248 12 0 0 0 0 0 44 12 0 0 0 0
 253      40 dm-40 0 0 0 0 0 0 0 0 0 0 0 0 0 0 0
 253      41 dm-41 0 0 0 0 0 0 0 0 0 0 0 0 0 0 0
 253      42 dm-42 0 0 0 0 0 0 0 0 0 0 0 0 0 0 0
 253      43 dm-43 2443 0 171472 3676 342 0 3920 356 0 3724 4032 0 0 0 0

2012
   1       0 ram0 0 0 0 0 0 0 0 0 0 0 0 0 0 0 0
   1       1 ram1 0 0 0 0 0 0 0 0 0 0 0 0 0 0 0
   1       2 ram2 0 0 0 0 0 0 0 0 0 0 0 0 0 0 0
   1       3 ram3 0 0 0 0 0 0 0 0 0 0 0 0 0 0 0
   1       4 ram4 0 0 0 0 0 0 0 0 0 0 0 0 0 0 0
   1       5 ram5 0 0 0 0 0 0 0 0 0 0 0 0 0 0 0
   1       6 ram6 0 0 0 0 0 0 0 0 0 0 0 0 0 0 0
   1       7 ram7 0 0 0 0 0 0 0 0 0 0 0 0 0 0 0
   1       8 ram8 0 0 0 0 0 0 0 0 0 0 0 0 0 0 0
   1       9 ram9 0 0 0 0 0 0 0 0 0 0 0 0 0 0 0
   1      10 ram10 0 0 0 0 0 0 0 0 0 0 0 0 0 0 0
   1      11 ram11 0 0 0 0 0 0 0 0 0 0 0 0 0 0 0
   1      12 ram12 0 0 0 0 0 0 0 0 0 0 0 0 0 0 0
   1      13 ram13 0 0 0 0 0 0 0 0 0 0 0 0 0 0 0
   1      14 ram14 0 0 0 0 0 0 0 0 0 0 0 0 0 0 0
   1      15 ram15 0 0 0 0 0 0 0 0 0 0 0 0 0 0 0
   7       0 loop0 183 0 16168 352 0 0 0 0 0 344 116 0 0 0 0
   7       8 loop1 70 0 9008 122 0 0 0 0 0 136 32 0 0 0 0
   7      16 loop2 27 0 216 13 0 0 0 0 0 32 0 0 0 0 0
   7      24 loop3 12 0 296 8 0 0 0 0 0 32 0 0 0 0 0
   7      32 loop4 36 1 3040 29 0 0 0 0 0 56 0 0 0 0 0
   7      40 loop5 194 1 23984 297 0 0 0 0 0 408 60 0 0 0 0
   7      48 loop6 16 0 712 14 0 0 0 0 0 44 0 0 0 0 0
   7      56 loop7 24 0 1840 22 0 0 0 0 0 84 0 0 0 0 0
   7      64 loop8 25 0 1408 16 0 0 0 0 0 96 0 0 0 0 0
   7      72 loop9 734 6 74712 1830 0 0 0 0 0 2036 744 0 0 0 0
   7      80 loop10 24 0 192 17 0 0 0 0 0 28 0 0 0 0 0
   7      88 loop11 16 0 256 10 0 0 0 0 0 56 0 0 0 0 0
   7      96 loop12 545 3 69112 474 0 0 0 0 0 1020 16 0 0 0 0
   7     104 loop13 27 0 216 48 0 0 0 0 0 44 8 0 0 0 0
   7     112 loop14 12 0 240 7 0 0 0 0 0 36 0 0 0 0 0
   7     120 loop15 52 0 4752 144 0 0 0 0 0 220 76 0 0 0 0
 254       0 zram0 0 0 0 0 0 0 0 0 0 0 0 0 0 0 0
 179       0 mmcblk0 2020 1821 144350 1721 12 0 48 14 0 1592 376 0 0 0 0
 179       1 mmcblk0p1 0 0 0 0 0 0 0 0 0 0 0 0 0 0 0
 179       2 mmcblk0p2 0 0 0 0 0 0 0 0 0 0 0 0 0 0 0
 179       3 mmcblk0p3 0 0 0 0 0 0 0 0 0 0 0 0 0 0 0
 179       4 mmcblk0p4 16 0 146 3 1 0 8 0 0 12 0 0 0 0 0
 179       5 mmcblk0p5 0 0 0 0 0 0 0 0 0 0 0 0 0 0 0
 179       6 mmcblk0p6 0 0 0 0 0 0 0 0 0 0 0 0 0 0 0
 179       7 mmcblk0p7 0 0 0 0 0 0 0 0 0 0 0 0 0 0 0
 179       8 mmcblk0p8 0 0 0 0 0 0 0 0 0 0 0 0 0 0 0
 179       9 mmcblk0p9 0 0 0 0 0 0 0 0 0 0 0 0 0 0 0
 179      10 mmcblk0p10 0 0 0 0 0 0 0 0 0 0 0 0 0 0 0
 179      11 mmcblk0p11 0 0 0 0 0 0 0 0 0 0 0 0 0 0 0
 179      12 mmcblk0p12 0 0 0 0 0 0 0 0 0 0 0 0 0 0 0
 179      13 mmcblk0p13 0 0 0 0 0 0 0 0 0 0 0 0 0 0 0
 179      14 mmcblk0p14 0 0 0 0 0 0 0 0 0 0 0 0 0 0 0
 179      15 mmcblk0p15 0 0 0 0 0 0 0 0 0 0 0 0 0 0 0
 179      16 mmcblk0p16 0 0 0 0 0 0 0 0 0 0 0 0 0 0 0
 179      17 mmcblk0p17 0 0 0 0 0 0 0 0 0 0 0 0 0 0 0
 179      18 mmcblk0p18 0 0 0 0 0 0 0 0 0 0 0 0 0 0 0
 179      19 mmcblk0p19 0 0 0 0 0 0 0 0 0 0 0 0 0 0 0
 179      20 mmcblk0p20 0 0 0 0 0 0 0 0 0 0 0 0 0 0 0
 179      21 mmcblk0p21 54 57 111 17 0 0 0 0 0 28 0 0 0 0 0
 179      22 mmcblk0p22 0 0 0 0 0 0 0 0 0 0 0 0 0 0 0
 179      23 mmcblk0p23 33 6 330 14 0 0 0 0 0 12 0 0 0 0 0
 179      24 mmcblk0p24 0 0 0 0 0 0 0 0 0 0 0 0 0 0 0
 179      25 mmcblk0p25 0 0 0 0 0 0 0 0 0 0 0 0 0 0 0
 179      26 mmcblk0p26 0 0 0 0 0 0 0 0 0 0 0 0 0 0 0
 179      27 mmcblk0p27 0 0 0 0 0 0 0 0 0 0 0 0 0 0 0
 179      28 mmcblk0p28 0 0 0 0 0 0 0 0 0 0 0 0 0 0 0
 179      29 mmcblk0p29 0 0 0 0 0 0 0 0 0 0 0 0 0 0 0
 179      30 mmcblk0p30 0 0 0 0 0 0 0 0 0 0 0 0 0 0 0
 179      31 mmcblk0p31 0 0 0 0 0 0 0 0 0 0 0 0 0 0 0
 259       0 mmcblk0p32 9 0 65 1 0 0 0 0 0 12 0 0 0 0 0
 259       1 mmcblk0p33 0 0 0 0 0 0 0 0 0 0 0 0 0 0 0
 259       2 mmcblk0p34 0 0 0 0 0 0 0 0 0 0 0 0 0 0 0
 259       3 mmcblk0p35 0 0 0 0 0 0 0 0 0 0 0 0 0 0 0
 259       4 mmcblk0p36 0 0 0 0 0 0 0 0 0 0 0 0 0 0 0
 259       5 mmcblk0p37 0 0 0 0 0 0 0 0 0 0 0 0 0 0 0
 259       6 mmcblk0p38 0 0 0 0 0 0 0 0 0 0 0 0 0 0 0
 259       7 mmcblk0p39 0 0 0 0 0 0 0 0 0 0 0 0 0 0 0
 259       8 mmcblk0p40 0 0 0 0 0 0 0 0 0 0 0 0 0 0 0
 259       9 mmcblk0p41 0 0 0 0 0 0 0 0 0 0 0 0 0 0 0
 259      10 mmcblk0p42 0 0 0 0 0 0 0 0 0 0 0 0 0 0 0
 259      11 mmcblk0p43 0 0 0 0 0 0 0 0 0 0 0 0 0 0 0
 259      12 mmcblk0p44 0 0 0 0 0 0 0 0 0 0 0 0 0 0 0
 259      13 mmcblk0p45 0 0 0 0 0 0 0 0 0 0 0 0 0 0 0
 259      14 mmcblk0p46 0 0 0 0 0 0 0 0 0 0 0 0 0 0 0
 259      15 mmcblk0p47 0 0 0 0 0 0 0 0 0 0 0 0 0 0 0
 259      16 mmcblk0p48 0 0 0 0 0 0 0 0 0 0 0 0 0 0 0
 259      17 mmcblk0p49 0 0 0 0 0 0 0 0 0 0 0 0 0 0 0
 259      18 mmcblk0p50 0 0 0 0 0 0 0 0 0 0 0 0 0 0 0
 259      19 mmcblk0p51 0 0 0 0 0 0 0 0 0 0 0 0 0 0 0
 259      20 mmcblk0p52 0 0 0 0 0 0 0 0 0 0 0 0 0 0 0
 259      21 mmcblk0p53 0 0 0 0 0 0 0 0 0 0 0 0 0 0 0
 259      22 mmcblk0p54 0 0 0 0 0 0 0 0 0 0 0 0 0 0 0
 259      23 mmcblk0p55 0 0 0 0 0 0 0 0 0 0 0 0 0 0 0
 259      24 mmcblk0p56 0 0 0 0 0 0 0 0 0 0 0 0 0 0 0
 259      25 mmcblk0p57 0 0 0 0 0 0 0 0 0 0 0 0 0 0 0
 259      26 mmcblk0p58 0 0 0 0 0 0 0 0 0 0 0 0 0 0 0
 259      27 mmcblk0p59 0 0 0 0 0 0 0 0 0 0 0 0 0 0 0
 259      28 mmcblk0p60 0 0 0 0 0 0 0 0 0 0 0 0 0 0 0
 259      29 mmcblk0p61 0 0 0 0 0 0 0 0 0 0 0 0 0 0 0
 259      30 mmcblk0p62 0 0 0 0 0 0 0 0 0 0 0 0 0 0 0
 259      31 mmcblk0p63 0 0 0 0 0 0 0 0 0 0 0 0 0 0 0
 259      32 mmcblk0p64 0 0 0 0 0 0 0 0 0 0 0 0 0 0 0
 259      33 mmcblk0p65 0 0 0 0 0 0 0 0 0 0 0 0 0 0 0
 259      34 mmcblk0p66 0 0 0 0 0 0 0 0 0 0 0 0 0 0 0
 259      35 mmcblk0p67 1851 1758 140712 1643 0 0 0 0 0 1520 360 0 0 0 0
 259      36 mmcblk0p68 1 0 128 1 0 0 0 0 0 4 0 0 0 0 0
 259      37 mmcblk0p69 0 0 0 0 0 0 0 0 0 0 0 0 0 0 0
 259      38 mmcblk0p70 0 0 0 0 0 0 0 0 0 0 0 0 0 0 0
 259      39 mmcblk0p71 0 0 0 0 0 0 0 0 0 0 0 0 0 0 0
 259      40 mmcblk0p72 47 0 2666 36 5 0 40 12 0 64 16 0 0 0 0
 259      41 mmcblk0p73 1 0 128 1 0 0 0 0 0 4 0 0 0 0 0
 259      42 mmcblk0p74 0 0 0 0 0 0 0 0 0 0 0 0 0 0 0
 259      43 mmcblk0p75 0 0 0 0 0 0 0 0 0 0 0 0 0 0 0
 259      44 mmcblk0p76 0 0 0 0 0 0 0 0 0 0 0 0 0 0 0
 259      45 mmcblk0p77 0 0 0 0 0 0 0 0 0 0 0 0 0 0 0
 259      46 mmcblk0p78 0 0 0 0 0 0 0 0 0 0 0 0 0 0 0
 259      47 mmcblk0p79 0 0 0 0 0 0 0 0 0 0 0 0 0 0 0
 259      48 mmcblk0p80 0 0 0 0 0 0 0 0 0 0 0 0 0 0 0
 253       0 dm-0 220 0 2440 364 0 0 0 0 0 140 364 0 0 0 0
 253       1 dm-1 6079 0 815544 13968 0 0 0 0 0 7132 13968 0 0 0 0
 253       2 dm-2 1642 0 113568 1796 0 0 0 0 0 2632 1796 0 0 0 0
 253       3 dm-3 3256 0 400032 6284 0 0 0 0 0 5220 6284 0 0 0 0
 253       4 dm-4 4586 0 803600 19168 0 0 0 0 0 7364 19168 0 0 0 0
 253       5 dm-5 1289 0 110744 2640 0 0 0 0 0 2800 2640 0 0 0 0
 253       6 dm-6 2513 0 394088 9588 0 0 0 0 1 5516 9588 0 0 0 0
 253       7 dm-7 88 0 1384 68 0 0 0 0 0 144 68 0 0 0 0
   7     128 loop16 12 0 144 16 0 0 0 0 0 44 8 0 0 0 0
   7     136 loop17 27 0 216 27 0 0 0 0 0 32 0 0 0 0 0
   7     144 loop18 12 0 120 14 0 0 0 0 0 40 4 0 0 0 0
   7     152 loop19 24 0 192 26 0 0 0 0 0 28 0 0 0 0 0
   7     160 loop20 19 0 296 13 0 0 0 0 0 56 4 0 0 0 0
   7     168 loop21 22 0 1400 14 0 0 0 0 0 68 0 0 0 0 0
   7     176 loop22 12 0 96 6 0 0 0 0 0 40 0 0 0 0 0
   7     184 loop23 94 0 9256 73 0 0 0 0 0 212 0 0 0 0 0
   7     192 loop24 28 1 2112 30 0 0 0 0 0 64 4 0 0 0 0
   7     200 loop25 32 0 1264 14 0 0 0 0 0 68 0 0 0 0 0
   7     208 loop26 11 0 88 4 0 0 0 0 0 20 0 0 0 0 0
   7     216 loop27 9 0 72 4 0 0 0 0 0 20 0 0 0 0 0
   7     224 loop28 18 0 408 8 0 0 0 0 0 64 0 0 0 0 0
   7     232 loop29 85 0 9240 84 0 0 0 0 0 248 0 0 0 0 0
   7     240 loop30 21 0 504 11 0 0 0 0 0 56 0 0 0 0 0
   7     248 loop31 103 1 9368 95 0 0 0 0 0 360 8 0 0 0 0
   7     256 loop32 51 0 6560 51 0 0 0 0 0 120 4 0 0 0 0
   7     264 loop33 83 1 11992 234 0 0 0 0 0 124 124 0 0 0 0
   7     272 loop34 27 0 1352 14 0 0 0 0 0 64 0 0 0 0 0
   7     280 loop35 27 0 1840 19 0 0 0 0 0 56 0 0 0 0 0
   7     288 loop36 72 0 9048 123 0 0 0 0 0 140 44 0 0 0 0
   7     296 loop37 17 0 224 6 0 0 0 0 0 40 0 0 0 0 0
   7     304 loop38 129 1 10936 150 0 0 0 0 0 272 28 0 0 0 0
   7     312 loop39 221 5 19520 187 0 0 0 0 0 716 8 0 0 0 0
 253       8 dm-8 0 0 0 0 0 0 0 0 0 0 0 0 0 0 0
 253       9 dm-9 22 0 1312 20 0 0 0 0 0 64 20 0 0 0 0
 253      10 dm-10 112 0 10792 232 0 0 0 0 0 280 232 0 0 0 0
 253      11 dm-11 462 0 68424 1076 0 0 0 0 0 1096 1076 0 0 0 0
 253      12 dm-12 0 0 0 0 0 0 0 0 0 0 0 0 0 0 0
 253      13 dm-13 67 0 11856 460 0 0 0 0 0 132 460 0 0 0 0
 253      14 dm-14 0 0 0 0 0 0 0 0 0 0 0 0 0 0 0
 253      15 dm-15 22 0 1800 4 0 0 0 0 0 52 4 0 0 0 0
 253      16 dm-16 0 0 0 0 0 0 0 0 0 0 0 0 0 0 0
 253      17 dm-17 0 0 0 0 0 0 0 0 0 0 0 0 0 0 0
 253      18 dm-18 40 0 6472 48 0 0 0 0 0 112 48 0 0 0 0
 253      19 dm-19 69 0 9112 204 0 0 0 0 0 248 204 0 0 0 0
 253      20 dm-20 201 0 19320 508 0 0 0 0 0 768 508 0 0 0 0
 253      21 dm-21 16 0 464 8 0 0 0 0 0 52 8 0 0 0 0
 253      22 dm-22 16 0 392 88 0 0 0 0 0 68 88 0 0 0 0
 253      23 dm-23 0 0 0 0 0 0 0 0 0 0 0 0 0 0 0
 253      24 dm-24 15 0 208 4 0 0 0 0 0 36 4 0 0 0 0
 253      25 dm-25 5 0 40 8 0 0 0 0 0 20 8 0 0 0 0
 253      26 dm-26 7 0 56 8 0 0 0 0 0 16 8 0 0 0 0
 253      27 dm-27 0 0 0 0 0 0 0 0 0 0 0 0 0 0 0
 253      28 dm-28 27 0 1224 20 0 0 0 0 0 64 20 0 0 0 0
 253      29 dm-29 0 0 0 0 0 0 0 0 0 0 0 0 0 0 0
 253      30 dm-30 0 0 0 0 0 0 0 0 0 0 0 0 0 0 0
 253      31 dm-31 0 0 0 0 0 0 0 0 0 0 0 0 0 0 0
 253      32 dm-32 90 0 9256 212 0 0 0 0 0 392 212 0 0 0 0
 253      33 dm-33 0 0 0 0 0 0 0 0 0 0 0 0 0 0 0
 253      34 dm-34 23 0 2064 76 0 0 0 0 0 64 76 0 0 0 0
 253      35 dm-35 8 0 64 24 0 0 0 0 0 36 24 0 0 0 0
 253      36 dm-36 81 0 9152 140 0 0 0 0 0 216 140 0 0 0 0
 253      37 dm-37 0 0 0 0 0 0 0 0 0 0 0 0 0 0 0
 253      38 dm-38 18 0 1368 16 0 0 0 0 0 72 16 0 0 0 0
 253      39 dm-39 15 0 264 20 0 0 0 0 0 56 20 0 0 0 0
 253      40 dm-40 0 0 0 0 0 0 0 0 0 0 0 0 0 0 0
 253      41 dm-41 0 0 0 0 0 0 0 0 0 0 0 0 0 0 0
 253      42 dm-42 0 0 0 0 0 0 0 0 0 0 0 0 0 0 0
 253      43 dm-43 2484 0 172768 3684 431 0 5432 408 0 3884 4092 0 0 0 0

2042
   1       0 ram0 0 0 0 0 0 0 0 0 0 0 0 0 0 0 0
   1       1 ram1 0 0 0 0 0 0 0 0 0 0 0 0 0 0 0
   1       2 ram2 0 0 0 0 0 0 0 0 0 0 0 0 0 0 0
   1       3 ram3 0 0 0 0 0 0 0 0 0 0 0 0 0 0 0
   1       4 ram4 0 0 0 0 0 0 0 0 0 0 0 0 0 0 0
   1       5 ram5 0 0 0 0 0 0 0 0 0 0 0 0 0 0 0
   1       6 ram6 0 0 0 0 0 0 0 0 0 0 0 0 0 0 0
   1       7 ram7 0 0 0 0 0 0 0 0 0 0 0 0 0 0 0
   1       8 ram8 0 0 0 0 0 0 0 0 0 0 0 0 0 0 0
   1       9 ram9 0 0 0 0 0 0 0 0 0 0 0 0 0 0 0
   1      10 ram10 0 0 0 0 0 0 0 0 0 0 0 0 0 0 0
   1      11 ram11 0 0 0 0 0 0 0 0 0 0 0 0 0 0 0
   1      12 ram12 0 0 0 0 0 0 0 0 0 0 0 0 0 0 0
   1      13 ram13 0 0 0 0 0 0 0 0 0 0 0 0 0 0 0
   1      14 ram14 0 0 0 0 0 0 0 0 0 0 0 0 0 0 0
   1      15 ram15 0 0 0 0 0 0 0 0 0 0 0 0 0 0 0
   7       0 loop0 183 0 16168 352 0 0 0 0 0 344 116 0 0 0 0
   7       8 loop1 70 0 9008 122 0 0 0 0 0 136 32 0 0 0 0
   7      16 loop2 27 0 216 13 0 0 0 0 0 32 0 0 0 0 0
   7      24 loop3 12 0 296 8 0 0 0 0 0 32 0 0 0 0 0
   7      32 loop4 36 1 3040 29 0 0 0 0 0 56 0 0 0 0 0
   7      40 loop5 194 1 23984 297 0 0 0 0 0 408 60 0 0 0 0
   7      48 loop6 16 0 712 14 0 0 0 0 0 44 0 0 0 0 0
   7      56 loop7 24 0 1840 22 0 0 0 0 0 84 0 0 0 0 0
   7      64 loop8 25 0 1408 16 0 0 0 0 0 96 0 0 0 0 0
   7      72 loop9 734 6 74712 1830 0 0 0 0 0 2036 744 0 0 0 0
   7      80 loop10 24 0 192 17 0 0 0 0 0 28 0 0 0 0 0
   7      88 loop11 16 0 256 10 0 0 0 0 0 56 0 0 0 0 0
   7      96 loop12 545 3 69112 474 0 0 0 0 0 1020 16 0 0 0 0
   7     104 loop13 27 0 216 48 0 0 0 0 0 44 8 0 0 0 0
   7     112 loop14 12 0 240 7 0 0 0 0 0 36 0 0 0 0 0
   7     120 loop15 52 0 4752 144 0 0 0 0 0 220 76 0 0 0 0
 254       0 zram0 0 0 0 0 0 0 0 0 0 0 0 0 0 0 0
 179       0 mmcblk0 2020 1821 144350 1721 12 0 48 14 0 1592 376 0 0 0 0
 179       1 mmcblk0p1 0 0 0 0 0 0 0 0 0 0 0 0 0 0 0
 179       2 mmcblk0p2 0 0 0 0 0 0 0 0 0 0 0 0 0 0 0
 179       3 mmcblk0p3 0 0 0 0 0 0 0 0 0 0 0 0 0 0 0
 179       4 mmcblk0p4 16 0 146 3 1 0 8 0 0 12 0 0 0 0 0
 179       5 mmcblk0p5 0 0 0 0 0 0 0 0 0 0 0 0 0 0 0
 179       6 mmcblk0p6 0 0 0 0 0 0 0 0 0 0 0 0 0 0 0
 179       7 mmcblk0p7 0 0 0 0 0 0 0 0 0 0 0 0 0 0 0
 179       8 mmcblk0p8 0 0 0 0 0 0 0 0 0 0 0 0 0 0 0
 179       9 mmcblk0p9 0 0 0 0 0 0 0 0 0 0 0 0 0 0 0
 179      10 mmcblk0p10 0 0 0 0 0 0 0 0 0 0 0 0 0 0 0
 179      11 mmcblk0p11 0 0 0 0 0 0 0 0 0 0 0 0 0 0 0
 179      12 mmcblk0p12 0 0 0 0 0 0 0 0 0 0 0 0 0 0 0
 179      13 mmcblk0p13 0 0 0 0 0 0 0 0 0 0 0 0 0 0 0
 179      14 mmcblk0p14 0 0 0 0 0 0 0 0 0 0 0 0 0 0 0
 179      15 mmcblk0p15 0 0 0 0 0 0 0 0 0 0 0 0 0 0 0
 179      16 mmcblk0p16 0 0 0 0 0 0 0 0 0 0 0 0 0 0 0
 179      17 mmcblk0p17 0 0 0 0 0 0 0 0 0 0 0 0 0 0 0
 179      18 mmcblk0p18 0 0 0 0 0 0 0 0 0 0 0 0 0 0 0
 179      19 mmcblk0p19 0 0 0 0 0 0 0 0 0 0 0 0 0 0 0
 179      20 mmcblk0p20 0 0 0 0 0 0 0 0 0 0 0 0 0 0 0
 179      21 mmcblk0p21 54 57 111 17 0 0 0 0 0 28 0 0 0 0 0
 179      22 mmcblk0p22 0 0 0 0 0 0 0 0 0 0 0 0 0 0 0
 179      23 mmcblk0p23 33 6 330 14 0 0 0 0 0 12 0 0 0 0 0
 179      24 mmcblk0p24 0 0 0 0 0 0 0 0 0 0 0 0 0 0 0
 179      25 mmcblk0p25 0 0 0 0 0 0 0 0 0 0 0 0 0 0 0
 179      26 mmcblk0p26 0 0 0 0 0 0 0 0 0 0 0 0 0 0 0
 179      27 mmcblk0p27 0 0 0 0 0 0 0 0 0 0 0 0 0 0 0
 179      28 mmcblk0p28 0 0 0 0 0 0 0 0 0 0 0 0 0 0 0
 179      29 mmcblk0p29 0 0 0 0 0 0 0 0 0 0 0 0 0 0 0
 179      30 mmcblk0p30 0 0 0 0 0 0 0 0 0 0 0 0 0 0 0
 179      31 mmcblk0p31 0 0 0 0 0 0 0 0 0 0 0 0 0 0 0
 259       0 mmcblk0p32 9 0 65 1 0 0 0 0 0 12 0 0 0 0 0
 259       1 mmcblk0p33 0 0 0 0 0 0 0 0 0 0 0 0 0 0 0
 259       2 mmcblk0p34 0 0 0 0 0 0 0 0 0 0 0 0 0 0 0
 259       3 mmcblk0p35 0 0 0 0 0 0 0 0 0 0 0 0 0 0 0
 259       4 mmcblk0p36 0 0 0 0 0 0 0 0 0 0 0 0 0 0 0
 259       5 mmcblk0p37 0 0 0 0 0 0 0 0 0 0 0 0 0 0 0
 259       6 mmcblk0p38 0 0 0 0 0 0 0 0 0 0 0 0 0 0 0
 259       7 mmcblk0p39 0 0 0 0 0 0 0 0 0 0 0 0 0 0 0
 259       8 mmcblk0p40 0 0 0 0 0 0 0 0 0 0 0 0 0 0 0
 259       9 mmcblk0p41 0 0 0 0 0 0 0 0 0 0 0 0 0 0 0
 259      10 mmcblk0p42 0 0 0 0 0 0 0 0 0 0 0 0 0 0 0
 259      11 mmcblk0p43 0 0 0 0 0 0 0 0 0 0 0 0 0 0 0
 259      12 mmcblk0p44 0 0 0 0 0 0 0 0 0 0 0 0 0 0 0
 259      13 mmcblk0p45 0 0 0 0 0 0 0 0 0 0 0 0 0 0 0
 259      14 mmcblk0p46 0 0 0 0 0 0 0 0 0 0 0 0 0 0 0
 259      15 mmcblk0p47 0 0 0 0 0 0 0 0 0 0 0 0 0 0 0
 259      16 mmcblk0p48 0 0 0 0 0 0 0 0 0 0 0 0 0 0 0
 259      17 mmcblk0p49 0 0 0 0 0 0 0 0 0 0 0 0 0 0 0
 259      18 mmcblk0p50 0 0 0 0 0 0 0 0 0 0 0 0 0 0 0
 259      19 mmcblk0p51 0 0 0 0 0 0 0 0 0 0 0 0 0 0 0
 259      20 mmcblk0p52 0 0 0 0 0 0 0 0 0 0 0 0 0 0 0
 259      21 mmcblk0p53 0 0 0 0 0 0 0 0 0 0 0 0 0 0 0
 259      22 mmcblk0p54 0 0 0 0 0 0 0 0 0 0 0 0 0 0 0
 259      23 mmcblk0p55 0 0 0 0 0 0 0 0 0 0 0 0 0 0 0
 259      24 mmcblk0p56 0 0 0 0 0 0 0 0 0 0 0 0 0 0 0
 259      25 mmcblk0p57 0 0 0 0 0 0 0 0 0 0 0 0 0 0 0
 259      26 mmcblk0p58 0 0 0 0 0 0 0 0 0 0 0 0 0 0 0
 259      27 mmcblk0p59 0 0 0 0 0 0 0 0 0 0 0 0 0 0 0
 259      28 mmcblk0p60 0 0 0 0 0 0 0 0 0 0 0 0 0 0 0
 259      29 mmcblk0p61 0 0 0 0 0 0 0 0 0 0 0 0 0 0 0
 259      30 mmcblk0p62 0 0 0 0 0 0 0 0 0 0 0 0 0 0 0
 259      31 mmcblk0p63 0 0 0 0 0 0 0 0 0 0 0 0 0 0 0
 259      32 mmcblk0p64 0 0 0 0 0 0 0 0 0 0 0 0 0 0 0
 259      33 mmcblk0p65 0 0 0 0 0 0 0 0 0 0 0 0 0 0 0
 259      34 mmcblk0p66 0 0 0 0 0 0 0 0 0 0 0 0 0 0 0
 259      35 mmcblk0p67 1851 1758 140712 1643 0 0 0 0 0 1520 360 0 0 0 0
 259      36 mmcblk0p68 1 0 128 1 0 0 0 0 0 4 0 0 0 0 0
 259      37 mmcblk0p69 0 0 0 0 0 0 0 0 0 0 0 0 0 0 0
 259      38 mmcblk0p70 0 0 0 0 0 0 0 0 0 0 0 0 0 0 0
 259      39 mmcblk0p71 0 0 0 0 0 0 0 0 0 0 0 0 0 0 0
 259      40 mmcblk0p72 47 0 2666 36 5 0 40 12 0 64 16 0 0 0 0
 259      41 mmcblk0p73 1 0 128 1 0 0 0 0 0 4 0 0 0 0 0
 259      42 mmcblk0p74 0 0 0 0 0 0 0 0 0 0 0 0 0 0 0
 259      43 mmcblk0p75 0 0 0 0 0 0 0 0 0 0 0 0 0 0 0
 259      44 mmcblk0p76 0 0 0 0 0 0 0 0 0 0 0 0 0 0 0
 259      45 mmcblk0p77 0 0 0 0 0 0 0 0 0 0 0 0 0 0 0
 259      46 mmcblk0p78 0 0 0 0 0 0 0 0 0 0 0 0 0 0 0
 259      47 mmcblk0p79 0 0 0 0 0 0 0 0 0 0 0 0 0 0 0
 259      48 mmcblk0p80 0 0 0 0 0 0 0 0 0 0 0 0 0 0 0
 253       0 dm-0 243 0 2648 388 0 0 0 0 0 208 388 0 0 0 0
 253       1 dm-1 6079 0 815544 13968 0 0 0 0 0 7132 13968 0 0 0 0
 253       2 dm-2 1661 0 113720 1800 0 0 0 0 0 2680 1800 0 0 0 0
 253       3 dm-3 3293 0 401960 6300 0 0 0 0 0 5340 6300 0 0 0 0
 253       4 dm-4 4586 0 803600 19168 0 0 0 0 0 7364 19168 0 0 0 0
 253       5 dm-5 1307 0 110888 2648 0 0 0 0 1 2848 2648 0 0 0 0
 253       6 dm-6 2549 0 396008 9628 0 0 0 0 0 5640 9628 0 0 0 0
 253       7 dm-7 111 0 1592 96 0 0 0 0 0 212 96 0 0 0 0
   7     128 loop16 12 0 144 16 0 0 0 0 0 44 8 0 0 0 0
   7     136 loop17 27 0 216 27 0 0 0 0 0 32 0 0 0 0 0
   7     144 loop18 12 0 120 14 0 0 0 0 0 40 4 0 0 0 0
   7     152 loop19 24 0 192 26 0 0 0 0 0 28 0 0 0 0 0
   7     160 loop20 19 0 296 13 0 0 0 0 0 56 4 0 0 0 0
   7     168 loop21 22 0 1400 14 0 0 0 0 0 68 0 0 0 0 0
   7     176 loop22 12 0 96 6 0 0 0 0 0 40 0 0 0 0 0
   7     184 loop23 94 0 9256 73 0 0 0 0 0 212 0 0 0 0 0
   7     192 loop24 28 1 2112 30 0 0 0 0 0 64 4 0 0 0 0
   7     200 loop25 32 0 1264 14 0 0 0 0 0 68 0 0 0 0 0
   7     208 loop26 11 0 88 4 0 0 0 0 0 20 0 0 0 0 0
   7     216 loop27 9 0 72 4 0 0 0 0 0 20 0 0 0 0 0
   7     224 loop28 18 0 408 8 0 0 0 0 0 64 0 0 0 0 0
   7     232 loop29 85 0 9240 84 0 0 0 0 0 248 0 0 0 0 0
   7     240 loop30 21 0 504 11 0 0 0 0 0 56 0 0 0 0 0
   7     248 loop31 103 1 9368 95 0 0 0 0 0 360 8 0 0 0 0
   7     256 loop32 51 0 6560 51 0 0 0 0 0 120 4 0 0 0 0
   7     264 loop33 83 1 11992 234 0 0 0 0 0 124 124 0 0 0 0
   7     272 loop34 27 0 1352 14 0 0 0 0 0 64 0 0 0 0 0
   7     280 loop35 27 0 1840 19 0 0 0 0 0 56 0 0 0 0 0
   7     288 loop36 72 0 9048 123 0 0 0 0 0 140 44 0 0 0 0
   7     296 loop37 17 0 224 6 0 0 0 0 0 40 0 0 0 0 0
   7     304 loop38 129 1 10936 150 0 0 0 0 0 272 28 0 0 0 0
   7     312 loop39 221 5 19520 187 0 0 0 0 0 716 8 0 0 0 0
 253       8 dm-8 0 0 0 0 0 0 0 0 0 0 0 0 0 0 0
 253       9 dm-9 22 0 1312 20 0 0 0 0 0 64 20 0 0 0 0
 253      10 dm-10 112 0 10792 232 0 0 0 0 0 280 232 0 0 0 0
 253      11 dm-11 462 0 68424 1076 0 0 0 0 0 1096 1076 0 0 0 0
 253      12 dm-12 0 0 0 0 0 0 0 0 0 0 0 0 0 0 0
 253      13 dm-13 67 0 11856 460 0 0 0 0 0 132 460 0 0 0 0
 253      14 dm-14 0 0 0 0 0 0 0 0 0 0 0 0 0 0 0
 253      15 dm-15 22 0 1800 4 0 0 0 0 0 52 4 0 0 0 0
 253      16 dm-16 0 0 0 0 0 0 0 0 0 0 0 0 0 0 0
 253      17 dm-17 0 0 0 0 0 0 0 0 0 0 0 0 0 0 0
 253      18 dm-18 40 0 6472 48 0 0 0 0 0 112 48 0 0 0 0
 253      19 dm-19 69 0 9112 204 0 0 0 0 0 248 204 0 0 0 0
 253      20 dm-20 201 0 19320 508 0 0 0 0 0 768 508 0 0 0 0
 253      21 dm-21 16 0 464 8 0 0 0 0 0 52 8 0 0 0 0
 253      22 dm-22 16 0 392 88 0 0 0 0 0 68 88 0 0 0 0
 253      23 dm-23 0 0 0 0 0 0 0 0 0 0 0 0 0 0 0
 253      24 dm-24 15 0 208 4 0 0 0 0 0 36 4 0 0 0 0
 253      25 dm-25 5 0 40 8 0 0 0 0 0 20 8 0 0 0 0
 253      26 dm-26 7 0 56 8 0 0 0 0 0 16 8 0 0 0 0
 253      27 dm-27 0 0 0 0 0 0 0 0 0 0 0 0 0 0 0
 253      28 dm-28 27 0 1224 20 0 0 0 0 0 64 20 0 0 0 0
 253      29 dm-29 0 0 0 0 0 0 0 0 0 0 0 0 0 0 0
 253      30 dm-30 0 0 0 0 0 0 0 0 0 0 0 0 0 0 0
 253      31 dm-31 0 0 0 0 0 0 0 0 0 0 0 0 0 0 0
 253      32 dm-32 90 0 9256 212 0 0 0 0 0 392 212 0 0 0 0
 253      33 dm-33 0 0 0 0 0 0 0 0 0 0 0 0 0 0 0
 253      34 dm-34 23 0 2064 76 0 0 0 0 0 64 76 0 0 0 0
 253      35 dm-35 8 0 64 24 0 0 0 0 0 36 24 0 0 0 0
 253      36 dm-36 81 0 9152 140 0 0 0 0 0 216 140 0 0 0 0
 253      37 dm-37 0 0 0 0 0 0 0 0 0 0 0 0 0 0 0
 253      38 dm-38 18 0 1368 16 0 0 0 0 0 72 16 0 0 0 0
 253      39 dm-39 15 0 264 20 0 0 0 0 0 56 20 0 0 0 0
 253      40 dm-40 0 0 0 0 0 0 0 0 0 0 0 0 0 0 0
 253      41 dm-41 0 0 0 0 0 0 0 0 0 0 0 0 0 0 0
 253      42 dm-42 0 0 0 0 0 0 0 0 0 0 0 0 0 0 0
 253      43 dm-43 2484 0 172768 3684 480 0 5904 428 0 3916 4112 0 0 0 0

2073
   1       0 ram0 0 0 0 0 0 0 0 0 0 0 0 0 0 0 0
   1       1 ram1 0 0 0 0 0 0 0 0 0 0 0 0 0 0 0
   1       2 ram2 0 0 0 0 0 0 0 0 0 0 0 0 0 0 0
   1       3 ram3 0 0 0 0 0 0 0 0 0 0 0 0 0 0 0
   1       4 ram4 0 0 0 0 0 0 0 0 0 0 0 0 0 0 0
   1       5 ram5 0 0 0 0 0 0 0 0 0 0 0 0 0 0 0
   1       6 ram6 0 0 0 0 0 0 0 0 0 0 0 0 0 0 0
   1       7 ram7 0 0 0 0 0 0 0 0 0 0 0 0 0 0 0
   1       8 ram8 0 0 0 0 0 0 0 0 0 0 0 0 0 0 0
   1       9 ram9 0 0 0 0 0 0 0 0 0 0 0 0 0 0 0
   1      10 ram10 0 0 0 0 0 0 0 0 0 0 0 0 0 0 0
   1      11 ram11 0 0 0 0 0 0 0 0 0 0 0 0 0 0 0
   1      12 ram12 0 0 0 0 0 0 0 0 0 0 0 0 0 0 0
   1      13 ram13 0 0 0 0 0 0 0 0 0 0 0 0 0 0 0
   1      14 ram14 0 0 0 0 0 0 0 0 0 0 0 0 0 0 0
   1      15 ram15 0 0 0 0 0 0 0 0 0 0 0 0 0 0 0
   7       0 loop0 183 0 16168 352 0 0 0 0 0 344 116 0 0 0 0
   7       8 loop1 70 0 9008 122 0 0 0 0 0 136 32 0 0 0 0
   7      16 loop2 27 0 216 13 0 0 0 0 0 32 0 0 0 0 0
   7      24 loop3 12 0 296 8 0 0 0 0 0 32 0 0 0 0 0
   7      32 loop4 36 1 3040 29 0 0 0 0 0 56 0 0 0 0 0
   7      40 loop5 194 1 23984 297 0 0 0 0 0 408 60 0 0 0 0
   7      48 loop6 16 0 712 14 0 0 0 0 0 44 0 0 0 0 0
   7      56 loop7 26 0 1856 23 0 0 0 0 0 96 0 0 0 0 0
   7      64 loop8 25 0 1408 16 0 0 0 0 0 96 0 0 0 0 0
   7      72 loop9 734 6 74712 1830 0 0 0 0 0 2036 744 0 0 0 0
   7      80 loop10 24 0 192 17 0 0 0 0 0 28 0 0 0 0 0
   7      88 loop11 18 0 272 11 0 0 0 0 0 60 0 0 0 0 0
   7      96 loop12 545 3 69112 474 0 0 0 0 0 1020 16 0 0 0 0
   7     104 loop13 27 0 216 48 0 0 0 0 0 44 8 0 0 0 0
   7     112 loop14 12 0 240 7 0 0 0 0 0 36 0 0 0 0 0
   7     120 loop15 52 0 4752 144 0 0 0 0 0 220 76 0 0 0 0
 254       0 zram0 0 0 0 0 0 0 0 0 0 0 0 0 0 0 0
 179       0 mmcblk0 2020 1821 144350 1721 12 0 48 14 0 1592 376 0 0 0 0
 179       1 mmcblk0p1 0 0 0 0 0 0 0 0 0 0 0 0 0 0 0
 179       2 mmcblk0p2 0 0 0 0 0 0 0 0 0 0 0 0 0 0 0
 179       3 mmcblk0p3 0 0 0 0 0 0 0 0 0 0 0 0 0 0 0
 179       4 mmcblk0p4 16 0 146 3 1 0 8 0 0 12 0 0 0 0 0
 179       5 mmcblk0p5 0 0 0 0 0 0 0 0 0 0 0 0 0 0 0
 179       6 mmcblk0p6 0 0 0 0 0 0 0 0 0 0 0 0 0 0 0
 179       7 mmcblk0p7 0 0 0 0 0 0 0 0 0 0 0 0 0 0 0
 179       8 mmcblk0p8 0 0 0 0 0 0 0 0 0 0 0 0 0 0 0
 179       9 mmcblk0p9 0 0 0 0 0 0 0 0 0 0 0 0 0 0 0
 179      10 mmcblk0p10 0 0 0 0 0 0 0 0 0 0 0 0 0 0 0
 179      11 mmcblk0p11 0 0 0 0 0 0 0 0 0 0 0 0 0 0 0
 179      12 mmcblk0p12 0 0 0 0 0 0 0 0 0 0 0 0 0 0 0
 179      13 mmcblk0p13 0 0 0 0 0 0 0 0 0 0 0 0 0 0 0
 179      14 mmcblk0p14 0 0 0 0 0 0 0 0 0 0 0 0 0 0 0
 179      15 mmcblk0p15 0 0 0 0 0 0 0 0 0 0 0 0 0 0 0
 179      16 mmcblk0p16 0 0 0 0 0 0 0 0 0 0 0 0 0 0 0
 179      17 mmcblk0p17 0 0 0 0 0 0 0 0 0 0 0 0 0 0 0
 179      18 mmcblk0p18 0 0 0 0 0 0 0 0 0 0 0 0 0 0 0
 179      19 mmcblk0p19 0 0 0 0 0 0 0 0 0 0 0 0 0 0 0
 179      20 mmcblk0p20 0 0 0 0 0 0 0 0 0 0 0 0 0 0 0
 179      21 mmcblk0p21 54 57 111 17 0 0 0 0 0 28 0 0 0 0 0
 179      22 mmcblk0p22 0 0 0 0 0 0 0 0 0 0 0 0 0 0 0
 179      23 mmcblk0p23 33 6 330 14 0 0 0 0 0 12 0 0 0 0 0
 179      24 mmcblk0p24 0 0 0 0 0 0 0 0 0 0 0 0 0 0 0
 179      25 mmcblk0p25 0 0 0 0 0 0 0 0 0 0 0 0 0 0 0
 179      26 mmcblk0p26 0 0 0 0 0 0 0 0 0 0 0 0 0 0 0
 179      27 mmcblk0p27 0 0 0 0 0 0 0 0 0 0 0 0 0 0 0
 179      28 mmcblk0p28 0 0 0 0 0 0 0 0 0 0 0 0 0 0 0
 179      29 mmcblk0p29 0 0 0 0 0 0 0 0 0 0 0 0 0 0 0
 179      30 mmcblk0p30 0 0 0 0 0 0 0 0 0 0 0 0 0 0 0
 179      31 mmcblk0p31 0 0 0 0 0 0 0 0 0 0 0 0 0 0 0
 259       0 mmcblk0p32 9 0 65 1 0 0 0 0 0 12 0 0 0 0 0
 259       1 mmcblk0p33 0 0 0 0 0 0 0 0 0 0 0 0 0 0 0
 259       2 mmcblk0p34 0 0 0 0 0 0 0 0 0 0 0 0 0 0 0
 259       3 mmcblk0p35 0 0 0 0 0 0 0 0 0 0 0 0 0 0 0
 259       4 mmcblk0p36 0 0 0 0 0 0 0 0 0 0 0 0 0 0 0
 259       5 mmcblk0p37 0 0 0 0 0 0 0 0 0 0 0 0 0 0 0
 259       6 mmcblk0p38 0 0 0 0 0 0 0 0 0 0 0 0 0 0 0
 259       7 mmcblk0p39 0 0 0 0 0 0 0 0 0 0 0 0 0 0 0
 259       8 mmcblk0p40 0 0 0 0 0 0 0 0 0 0 0 0 0 0 0
 259       9 mmcblk0p41 0 0 0 0 0 0 0 0 0 0 0 0 0 0 0
 259      10 mmcblk0p42 0 0 0 0 0 0 0 0 0 0 0 0 0 0 0
 259      11 mmcblk0p43 0 0 0 0 0 0 0 0 0 0 0 0 0 0 0
 259      12 mmcblk0p44 0 0 0 0 0 0 0 0 0 0 0 0 0 0 0
 259      13 mmcblk0p45 0 0 0 0 0 0 0 0 0 0 0 0 0 0 0
 259      14 mmcblk0p46 0 0 0 0 0 0 0 0 0 0 0 0 0 0 0
 259      15 mmcblk0p47 0 0 0 0 0 0 0 0 0 0 0 0 0 0 0
 259      16 mmcblk0p48 0 0 0 0 0 0 0 0 0 0 0 0 0 0 0
 259      17 mmcblk0p49 0 0 0 0 0 0 0 0 0 0 0 0 0 0 0
 259      18 mmcblk0p50 0 0 0 0 0 0 0 0 0 0 0 0 0 0 0
 259      19 mmcblk0p51 0 0 0 0 0 0 0 0 0 0 0 0 0 0 0
 259      20 mmcblk0p52 0 0 0 0 0 0 0 0 0 0 0 0 0 0 0
 259      21 mmcblk0p53 0 0 0 0 0 0 0 0 0 0 0 0 0 0 0
 259      22 mmcblk0p54 0 0 0 0 0 0 0 0 0 0 0 0 0 0 0
 259      23 mmcblk0p55 0 0 0 0 0 0 0 0 0 0 0 0 0 0 0
 259      24 mmcblk0p56 0 0 0 0 0 0 0 0 0 0 0 0 0 0 0
 259      25 mmcblk0p57 0 0 0 0 0 0 0 0 0 0 0 0 0 0 0
 259      26 mmcblk0p58 0 0 0 0 0 0 0 0 0 0 0 0 0 0 0
 259      27 mmcblk0p59 0 0 0 0 0 0 0 0 0 0 0 0 0 0 0
 259      28 mmcblk0p60 0 0 0 0 0 0 0 0 0 0 0 0 0 0 0
 259      29 mmcblk0p61 0 0 0 0 0 0 0 0 0 0 0 0 0 0 0
 259      30 mmcblk0p62 0 0 0 0 0 0 0 0 0 0 0 0 0 0 0
 259      31 mmcblk0p63 0 0 0 0 0 0 0 0 0 0 0 0 0 0 0
 259      32 mmcblk0p64 0 0 0 0 0 0 0 0 0 0 0 0 0 0 0
 259      33 mmcblk0p65 0 0 0 0 0 0 0 0 0 0 0 0 0 0 0
 259      34 mmcblk0p66 0 0 0 0 0 0 0 0 0 0 0 0 0 0 0
 259      35 mmcblk0p67 1851 1758 140712 1643 0 0 0 0 0 1520 360 0 0 0 0
 259      36 mmcblk0p68 1 0 128 1 0 0 0 0 0 4 0 0 0 0 0
 259      37 mmcblk0p69 0 0 0 0 0 0 0 0 0 0 0 0 0 0 0
 259      38 mmcblk0p70 0 0 0 0 0 0 0 0 0 0 0 0 0 0 0
 259      39 mmcblk0p71 0 0 0 0 0 0 0 0 0 0 0 0 0 0 0
 259      40 mmcblk0p72 47 0 2666 36 5 0 40 12 0 64 16 0 0 0 0
 259      41 mmcblk0p73 1 0 128 1 0 0 0 0 0 4 0 0 0 0 0
 259      42 mmcblk0p74 0 0 0 0 0 0 0 0 0 0 0 0 0 0 0
 259      43 mmcblk0p75 0 0 0 0 0 0 0 0 0 0 0 0 0 0 0
 259      44 mmcblk0p76 0 0 0 0 0 0 0 0 0 0 0 0 0 0 0
 259      45 mmcblk0p77 0 0 0 0 0 0 0 0 0 0 0 0 0 0 0
 259      46 mmcblk0p78 0 0 0 0 0 0 0 0 0 0 0 0 0 0 0
 259      47 mmcblk0p79 0 0 0 0 0 0 0 0 0 0 0 0 0 0 0
 259      48 mmcblk0p80 0 0 0 0 0 0 0 0 0 0 0 0 0 0 0
 253       0 dm-0 243 0 2648 388 0 0 0 0 0 208 388 0 0 0 0
 253       1 dm-1 6085 0 815592 13972 0 0 0 0 0 7148 13972 0 0 0 0
 253       2 dm-2 1689 0 113952 1812 0 0 0 0 0 2764 1812 0 0 0 0
 253       3 dm-3 3335 0 405536 6316 0 0 0 0 0 5436 6316 0 0 0 0
 253       4 dm-4 4591 0 803640 19172 0 0 0 0 0 7380 19172 0 0 0 0
 253       5 dm-5 1335 0 111120 2660 0 0 0 0 0 2932 2660 0 0 0 0
 253       6 dm-6 2587 0 399552 9652 0 0 0 0 0 5736 9652 0 0 0 0
 253       7 dm-7 111 0 1592 96 0 0 0 0 0 212 96 0 0 0 0
   7     128 loop16 12 0 144 16 0 0 0 0 0 44 8 0 0 0 0
   7     136 loop17 27 0 216 27 0 0 0 0 0 32 0 0 0 0 0
   7     144 loop18 12 0 120 14 0 0 0 0 0 40 4 0 0 0 0
   7     152 loop19 24 0 192 26 0 0 0 0 0 28 0 0 0 0 0
   7     160 loop20 21 0 312 14 0 0 0 0 0 60 4 0 0 0 0
   7     168 loop21 24 0 1416 15 0 0 0 0 0 72 0 0 0 0 0
   7     176 loop22 15 0 120 7 0 0 0 0 0 48 0 0 0 0 0
   7     184 loop23 94 0 9256 73 0 0 0 0 0 212 0 0 0 0 0
   7     192 loop24 28 1 2112 30 0 0 0 0 0 64 4 0 0 0 0
   7     200 loop25 34 0 1280 15 0 0 0 0 0 76 0 0 0 0 0
   7     208 loop26 14 0 112 6 0 0 0 0 0 32 0 0 0 0 0
   7     216 loop27 9 0 72 4 0 0 0 0 0 20 0 0 0 0 0
   7     224 loop28 18 0 408 8 0 0 0 0 0 64 0 0 0 0 0
   7     232 loop29 85 0 9240 84 0 0 0 0 0 248 0 0 0 0 0
   7     240 loop30 21 0 504 11 0 0 0 0 0 56 0 0 0 0 0
   7     248 loop31 103 1 9368 95 0 0 0 0 0 360 8 0 0 0 0
   7     256 loop32 51 0 6560 51 0 0 0 0 0 120 4 0 0 0 0
   7     264 loop33 83 1 11992 234 0 0 0 0 0 124 124 0 0 0 0
   7     272 loop34 29 0 1368 15 0 0 0 0 0 76 0 0 0 0 0
   7     280 loop35 27 0 1840 19 0 0 0 0 0 56 0 0 0 0 0
   7     288 loop36 72 0 9048 123 0 0 0 0 0 140 44 0 0 0 0
   7     296 loop37 17 0 224 6 0 0 0 0 0 40 0 0 0 0 0
   7     304 loop38 131 1 10952 151 0 0 0 0 0 276 28 0 0 0 0
   7     312 loop39 221 5 19520 187 0 0 0 0 0 716 8 0 0 0 0
 253       8 dm-8 0 0 0 0 0 0 0 0 0 0 0 0 0 0 0
 253       9 dm-9 24 0 1328 24 0 0 0 0 0 76 24 0 0 0 0
 253      10 dm-10 114 0 10808 232 0 0 0 0 0 284 232 0 0 0 0
 253      11 dm-11 462 0 68424 1076 0 0 0 0 0 1096 1076 0 0 0 0
 253      12 dm-12 0 0 0 0 0 0 0 0 0 0 0 0 0 0 0
 253      13 dm-13 67 0 11856 460 0 0 0 0 0 132 460 0 0 0 0
 253      14 dm-14 0 0 0 0 0 0 0 0 0 0 0 0 0 0 0
 253      15 dm-15 22 0 1800 4 0 0 0 0 0 52 4 0 0 0 0
 253      16 dm-16 0 0 0 0 0 0 0 0 0 0 0 0 0 0 0
 253      17 dm-17 0 0 0 0 0 0 0 0 0 0 0 0 0 0 0
 253      18 dm-18 40 0 6472 48 0 0 0 0 0 112 48 0 0 0 0
 253      19 dm-19 69 0 9112 204 0 0 0 0 0 248 204 0 0 0 0
 253      20 dm-20 201 0 19320 508 0 0 0 0 0 768 508 0 0 0 0
 253      21 dm-21 16 0 464 8 0 0 0 0 0 52 8 0 0 0 0
 253      22 dm-22 16 0 392 88 0 0 0 0 0 68 88 0 0 0 0
 253      23 dm-23 0 0 0 0 0 0 0 0 0 0 0 0 0 0 0
 253      24 dm-24 15 0 208 4 0 0 0 0 0 36 4 0 0 0 0
 253      25 dm-25 5 0 40 8 0 0 0 0 0 20 8 0 0 0 0
 253      26 dm-26 10 0 80 16 0 0 0 0 0 32 16 0 0 0 0
 253      27 dm-27 0 0 0 0 0 0 0 0 0 0 0 0 0 0 0
 253      28 dm-28 29 0 1240 20 0 0 0 0 0 72 20 0 0 0 0
 253      29 dm-29 0 0 0 0 0 0 0 0 0 0 0 0 0 0 0
 253      30 dm-30 0 0 0 0 0 0 0 0 0 0 0 0 0 0 0
 253      31 dm-31 0 0 0 0 0 0 0 0 0 0 0 0 0 0 0
 253      32 dm-32 90 0 9256 212 0 0 0 0 0 392 212 0 0 0 0
 253      33 dm-33 0 0 0 0 0 0 0 0 0 0 0 0 0 0 0
 253      34 dm-34 23 0 2064 76 0 0 0 0 0 64 76 0 0 0 0
 253      35 dm-35 11 0 88 28 0 0 0 0 0 44 28 0 0 0 0
 253      36 dm-36 81 0 9152 140 0 0 0 0 0 216 140 0 0 0 0
 253      37 dm-37 0 0 0 0 0 0 0 0 0 0 0 0 0 0 0
 253      38 dm-38 20 0 1384 16 0 0 0 0 0 76 16 0 0 0 0
 253      39 dm-39 17 0 280 20 0 0 0 0 0 60 20 0 0 0 0
 253      40 dm-40 0 0 0 0 0 0 0 0 0 0 0 0 0 0 0
 253      41 dm-41 0 0 0 0 0 0 0 0 0 0 0 0 0 0 0
 253      42 dm-42 0 0 0 0 0 0 0 0 0 0 0 0 0 0 0
 253      43 dm-43 2512 0 173240 3700 490 0 6040 448 0 4004 4148 0 0 0 0

2099
   1       0 ram0 0 0 0 0 0 0 0 0 0 0 0 0 0 0 0
   1       1 ram1 0 0 0 0 0 0 0 0 0 0 0 0 0 0 0
   1       2 ram2 0 0 0 0 0 0 0 0 0 0 0 0 0 0 0
   1       3 ram3 0 0 0 0 0 0 0 0 0 0 0 0 0 0 0
   1       4 ram4 0 0 0 0 0 0 0 0 0 0 0 0 0 0 0
   1       5 ram5 0 0 0 0 0 0 0 0 0 0 0 0 0 0 0
   1       6 ram6 0 0 0 0 0 0 0 0 0 0 0 0 0 0 0
   1       7 ram7 0 0 0 0 0 0 0 0 0 0 0 0 0 0 0
   1       8 ram8 0 0 0 0 0 0 0 0 0 0 0 0 0 0 0
   1       9 ram9 0 0 0 0 0 0 0 0 0 0 0 0 0 0 0
   1      10 ram10 0 0 0 0 0 0 0 0 0 0 0 0 0 0 0
   1      11 ram11 0 0 0 0 0 0 0 0 0 0 0 0 0 0 0
   1      12 ram12 0 0 0 0 0 0 0 0 0 0 0 0 0 0 0
   1      13 ram13 0 0 0 0 0 0 0 0 0 0 0 0 0 0 0
   1      14 ram14 0 0 0 0 0 0 0 0 0 0 0 0 0 0 0
   1      15 ram15 0 0 0 0 0 0 0 0 0 0 0 0 0 0 0
   7       0 loop0 183 0 16168 352 0 0 0 0 0 344 116 0 0 0 0
   7       8 loop1 70 0 9008 122 0 0 0 0 0 136 32 0 0 0 0
   7      16 loop2 27 0 216 13 0 0 0 0 0 32 0 0 0 0 0
   7      24 loop3 12 0 296 8 0 0 0 0 0 32 0 0 0 0 0
   7      32 loop4 36 1 3040 29 0 0 0 0 0 56 0 0 0 0 0
   7      40 loop5 194 1 23984 297 0 0 0 0 0 408 60 0 0 0 0
   7      48 loop6 16 0 712 14 0 0 0 0 0 44 0 0 0 0 0
   7      56 loop7 26 0 1856 23 0 0 0 0 0 96 0 0 0 0 0
   7      64 loop8 25 0 1408 16 0 0 0 0 0 96 0 0 0 0 0
   7      72 loop9 734 6 74712 1830 0 0 0 0 0 2036 744 0 0 0 0
   7      80 loop10 24 0 192 17 0 0 0 0 0 28 0 0 0 0 0
   7      88 loop11 18 0 272 11 0 0 0 0 0 60 0 0 0 0 0
   7      96 loop12 546 3 69328 475 0 0 0 0 0 1024 16 0 0 0 0
   7     104 loop13 27 0 216 48 0 0 0 0 0 44 8 0 0 0 0
   7     112 loop14 12 0 240 7 0 0 0 0 0 36 0 0 0 0 0
   7     120 loop15 52 0 4752 144 0 0 0 0 0 220 76 0 0 0 0
 254       0 zram0 0 0 0 0 0 0 0 0 0 0 0 0 0 0 0
 179       0 mmcblk0 2020 1821 144350 1721 12 0 48 14 0 1592 376 0 0 0 0
 179       1 mmcblk0p1 0 0 0 0 0 0 0 0 0 0 0 0 0 0 0
 179       2 mmcblk0p2 0 0 0 0 0 0 0 0 0 0 0 0 0 0 0
 179       3 mmcblk0p3 0 0 0 0 0 0 0 0 0 0 0 0 0 0 0
 179       4 mmcblk0p4 16 0 146 3 1 0 8 0 0 12 0 0 0 0 0
 179       5 mmcblk0p5 0 0 0 0 0 0 0 0 0 0 0 0 0 0 0
 179       6 mmcblk0p6 0 0 0 0 0 0 0 0 0 0 0 0 0 0 0
 179       7 mmcblk0p7 0 0 0 0 0 0 0 0 0 0 0 0 0 0 0
 179       8 mmcblk0p8 0 0 0 0 0 0 0 0 0 0 0 0 0 0 0
 179       9 mmcblk0p9 0 0 0 0 0 0 0 0 0 0 0 0 0 0 0
 179      10 mmcblk0p10 0 0 0 0 0 0 0 0 0 0 0 0 0 0 0
 179      11 mmcblk0p11 0 0 0 0 0 0 0 0 0 0 0 0 0 0 0
 179      12 mmcblk0p12 0 0 0 0 0 0 0 0 0 0 0 0 0 0 0
 179      13 mmcblk0p13 0 0 0 0 0 0 0 0 0 0 0 0 0 0 0
 179      14 mmcblk0p14 0 0 0 0 0 0 0 0 0 0 0 0 0 0 0
 179      15 mmcblk0p15 0 0 0 0 0 0 0 0 0 0 0 0 0 0 0
 179      16 mmcblk0p16 0 0 0 0 0 0 0 0 0 0 0 0 0 0 0
 179      17 mmcblk0p17 0 0 0 0 0 0 0 0 0 0 0 0 0 0 0
 179      18 mmcblk0p18 0 0 0 0 0 0 0 0 0 0 0 0 0 0 0
 179      19 mmcblk0p19 0 0 0 0 0 0 0 0 0 0 0 0 0 0 0
 179      20 mmcblk0p20 0 0 0 0 0 0 0 0 0 0 0 0 0 0 0
 179      21 mmcblk0p21 54 57 111 17 0 0 0 0 0 28 0 0 0 0 0
 179      22 mmcblk0p22 0 0 0 0 0 0 0 0 0 0 0 0 0 0 0
 179      23 mmcblk0p23 33 6 330 14 0 0 0 0 0 12 0 0 0 0 0
 179      24 mmcblk0p24 0 0 0 0 0 0 0 0 0 0 0 0 0 0 0
 179      25 mmcblk0p25 0 0 0 0 0 0 0 0 0 0 0 0 0 0 0
 179      26 mmcblk0p26 0 0 0 0 0 0 0 0 0 0 0 0 0 0 0
 179      27 mmcblk0p27 0 0 0 0 0 0 0 0 0 0 0 0 0 0 0
 179      28 mmcblk0p28 0 0 0 0 0 0 0 0 0 0 0 0 0 0 0
 179      29 mmcblk0p29 0 0 0 0 0 0 0 0 0 0 0 0 0 0 0
 179      30 mmcblk0p30 0 0 0 0 0 0 0 0 0 0 0 0 0 0 0
 179      31 mmcblk0p31 0 0 0 0 0 0 0 0 0 0 0 0 0 0 0
 259       0 mmcblk0p32 9 0 65 1 0 0 0 0 0 12 0 0 0 0 0
 259       1 mmcblk0p33 0 0 0 0 0 0 0 0 0 0 0 0 0 0 0
 259       2 mmcblk0p34 0 0 0 0 0 0 0 0 0 0 0 0 0 0 0
 259       3 mmcblk0p35 0 0 0 0 0 0 0 0 0 0 0 0 0 0 0
 259       4 mmcblk0p36 0 0 0 0 0 0 0 0 0 0 0 0 0 0 0
 259       5 mmcblk0p37 0 0 0 0 0 0 0 0 0 0 0 0 0 0 0
 259       6 mmcblk0p38 0 0 0 0 0 0 0 0 0 0 0 0 0 0 0
 259       7 mmcblk0p39 0 0 0 0 0 0 0 0 0 0 0 0 0 0 0
 259       8 mmcblk0p40 0 0 0 0 0 0 0 0 0 0 0 0 0 0 0
 259       9 mmcblk0p41 0 0 0 0 0 0 0 0 0 0 0 0 0 0 0
 259      10 mmcblk0p42 0 0 0 0 0 0 0 0 0 0 0 0 0 0 0
 259      11 mmcblk0p43 0 0 0 0 0 0 0 0 0 0 0 0 0 0 0
 259      12 mmcblk0p44 0 0 0 0 0 0 0 0 0 0 0 0 0 0 0
 259      13 mmcblk0p45 0 0 0 0 0 0 0 0 0 0 0 0 0 0 0
 259      14 mmcblk0p46 0 0 0 0 0 0 0 0 0 0 0 0 0 0 0
 259      15 mmcblk0p47 0 0 0 0 0 0 0 0 0 0 0 0 0 0 0
 259      16 mmcblk0p48 0 0 0 0 0 0 0 0 0 0 0 0 0 0 0
 259      17 mmcblk0p49 0 0 0 0 0 0 0 0 0 0 0 0 0 0 0
 259      18 mmcblk0p50 0 0 0 0 0 0 0 0 0 0 0 0 0 0 0
 259      19 mmcblk0p51 0 0 0 0 0 0 0 0 0 0 0 0 0 0 0
 259      20 mmcblk0p52 0 0 0 0 0 0 0 0 0 0 0 0 0 0 0
 259      21 mmcblk0p53 0 0 0 0 0 0 0 0 0 0 0 0 0 0 0
 259      22 mmcblk0p54 0 0 0 0 0 0 0 0 0 0 0 0 0 0 0
 259      23 mmcblk0p55 0 0 0 0 0 0 0 0 0 0 0 0 0 0 0
 259      24 mmcblk0p56 0 0 0 0 0 0 0 0 0 0 0 0 0 0 0
 259      25 mmcblk0p57 0 0 0 0 0 0 0 0 0 0 0 0 0 0 0
 259      26 mmcblk0p58 0 0 0 0 0 0 0 0 0 0 0 0 0 0 0
 259      27 mmcblk0p59 0 0 0 0 0 0 0 0 0 0 0 0 0 0 0
 259      28 mmcblk0p60 0 0 0 0 0 0 0 0 0 0 0 0 0 0 0
 259      29 mmcblk0p61 0 0 0 0 0 0 0 0 0 0 0 0 0 0 0
 259      30 mmcblk0p62 0 0 0 0 0 0 0 0 0 0 0 0 0 0 0
 259      31 mmcblk0p63 0 0 0 0 0 0 0 0 0 0 0 0 0 0 0
 259      32 mmcblk0p64 0 0 0 0 0 0 0 0 0 0 0 0 0 0 0
 259      33 mmcblk0p65 0 0 0 0 0 0 0 0 0 0 0 0 0 0 0
 259      34 mmcblk0p66 0 0 0 0 0 0 0 0 0 0 0 0 0 0 0
 259      35 mmcblk0p67 1851 1758 140712 1643 0 0 0 0 0 1520 360 0 0 0 0
 259      36 mmcblk0p68 1 0 128 1 0 0 0 0 0 4 0 0 0 0 0
 259      37 mmcblk0p69 0 0 0 0 0 0 0 0 0 0 0 0 0 0 0
 259      38 mmcblk0p70 0 0 0 0 0 0 0 0 0 0 0 0 0 0 0
 259      39 mmcblk0p71 0 0 0 0 0 0 0 0 0 0 0 0 0 0 0
 259      40 mmcblk0p72 47 0 2666 36 5 0 40 12 0 64 16 0 0 0 0
 259      41 mmcblk0p73 1 0 128 1 0 0 0 0 0 4 0 0 0 0 0
 259      42 mmcblk0p74 0 0 0 0 0 0 0 0 0 0 0 0 0 0 0
 259      43 mmcblk0p75 0 0 0 0 0 0 0 0 0 0 0 0 0 0 0
 259      44 mmcblk0p76 0 0 0 0 0 0 0 0 0 0 0 0 0 0 0
 259      45 mmcblk0p77 0 0 0 0 0 0 0 0 0 0 0 0 0 0 0
 259      46 mmcblk0p78 0 0 0 0 0 0 0 0 0 0 0 0 0 0 0
 259      47 mmcblk0p79 0 0 0 0 0 0 0 0 0 0 0 0 0 0 0
 259      48 mmcblk0p80 0 0 0 0 0 0 0 0 0 0 0 0 0 0 0
 253       0 dm-0 243 0 2648 388 0 0 0 0 0 208 388 0 0 0 0
 253       1 dm-1 6093 0 818384 13976 0 0 0 0 0 7168 13976 0 0 0 0
 253       2 dm-2 1689 0 113952 1812 0 0 0 0 0 2764 1812 0 0 0 0
 253       3 dm-3 3336 0 405560 6316 0 0 0 0 0 5440 6316 0 0 0 0
 253       4 dm-4 4596 0 806408 19180 0 0 0 0 0 7404 19180 0 0 0 0
 253       5 dm-5 1335 0 111120 2660 0 0 0 0 0 2932 2660 0 0 0 0
 253       6 dm-6 2588 0 399576 9652 0 0 0 0 0 5740 9652 0 0 0 0
 253       7 dm-7 111 0 1592 96 0 0 0 0 0 212 96 0 0 0 0
   7     128 loop16 12 0 144 16 0 0 0 0 0 44 8 0 0 0 0
   7     136 loop17 27 0 216 27 0 0 0 0 0 32 0 0 0 0 0
   7     144 loop18 12 0 120 14 0 0 0 0 0 40 4 0 0 0 0
   7     152 loop19 24 0 192 26 0 0 0 0 0 28 0 0 0 0 0
   7     160 loop20 21 0 312 14 0 0 0 0 0 60 4 0 0 0 0
   7     168 loop21 24 0 1416 15 0 0 0 0 0 72 0 0 0 0 0
   7     176 loop22 15 0 120 7 0 0 0 0 0 48 0 0 0 0 0
   7     184 loop23 94 0 9256 73 0 0 0 0 0 212 0 0 0 0 0
   7     192 loop24 28 1 2112 30 0 0 0 0 0 64 4 0 0 0 0
   7     200 loop25 34 0 1280 15 0 0 0 0 0 76 0 0 0 0 0
   7     208 loop26 14 0 112 6 0 0 0 0 0 32 0 0 0 0 0
   7     216 loop27 9 0 72 4 0 0 0 0 0 20 0 0 0 0 0
   7     224 loop28 18 0 408 8 0 0 0 0 0 64 0 0 0 0 0
   7     232 loop29 85 0 9240 84 0 0 0 0 0 248 0 0 0 0 0
   7     240 loop30 21 0 504 11 0 0 0 0 0 56 0 0 0 0 0
   7     248 loop31 103 1 9368 95 0 0 0 0 0 360 8 0 0 0 0
   7     256 loop32 51 0 6560 51 0 0 0 0 0 120 4 0 0 0 0
   7     264 loop33 83 1 11992 234 0 0 0 0 0 124 124 0 0 0 0
   7     272 loop34 29 0 1368 15 0 0 0 0 0 76 0 0 0 0 0
   7     280 loop35 27 0 1840 19 0 0 0 0 0 56 0 0 0 0 0
   7     288 loop36 72 0 9048 123 0 0 0 0 0 140 44 0 0 0 0
   7     296 loop37 17 0 224 6 0 0 0 0 0 40 0 0 0 0 0
   7     304 loop38 131 1 10952 151 0 0 0 0 0 276 28 0 0 0 0
   7     312 loop39 221 5 19520 187 0 0 0 0 0 716 8 0 0 0 0
 253       8 dm-8 0 0 0 0 0 0 0 0 0 0 0 0 0 0 0
 253       9 dm-9 24 0 1328 24 0 0 0 0 0 76 24 0 0 0 0
 253      10 dm-10 114 0 10808 232 0 0 0 0 0 284 232 0 0 0 0
 253      11 dm-11 463 0 68640 1076 0 0 0 0 0 1100 1076 0 0 0 0
 253      12 dm-12 0 0 0 0 0 0 0 0 0 0 0 0 0 0 0
 253      13 dm-13 67 0 11856 460 0 0 0 0 0 132 460 0 0 0 0
 253      14 dm-14 0 0 0 0 0 0 0 0 0 0 0 0 0 0 0
 253      15 dm-15 22 0 1800 4 0 0 0 0 0 52 4 0 0 0 0
 253      16 dm-16 0 0 0 0 0 0 0 0 0 0 0 0 0 0 0
 253      17 dm-17 0 0 0 0 0 0 0 0 0 0 0 0 0 0 0
 253      18 dm-18 40 0 6472 48 0 0 0 0 0 112 48 0 0 0 0
 253      19 dm-19 69 0 9112 204 0 0 0 0 0 248 204 0 0 0 0
 253      20 dm-20 201 0 19320 508 0 0 0 0 0 768 508 0 0 0 0
 253      21 dm-21 16 0 464 8 0 0 0 0 0 52 8 0 0 0 0
 253      22 dm-22 16 0 392 88 0 0 0 0 0 68 88 0 0 0 0
 253      23 dm-23 0 0 0 0 0 0 0 0 0 0 0 0 0 0 0
 253      24 dm-24 15 0 208 4 0 0 0 0 0 36 4 0 0 0 0
 253      25 dm-25 5 0 40 8 0 0 0 0 0 20 8 0 0 0 0
 253      26 dm-26 10 0 80 16 0 0 0 0 0 32 16 0 0 0 0
 253      27 dm-27 0 0 0 0 0 0 0 0 0 0 0 0 0 0 0
 253      28 dm-28 29 0 1240 20 0 0 0 0 0 72 20 0 0 0 0
 253      29 dm-29 0 0 0 0 0 0 0 0 0 0 0 0 0 0 0
 253      30 dm-30 0 0 0 0 0 0 0 0 0 0 0 0 0 0 0
 253      31 dm-31 0 0 0 0 0 0 0 0 0 0 0 0 0 0 0
 253      32 dm-32 90 0 9256 212 0 0 0 0 0 392 212 0 0 0 0
 253      33 dm-33 0 0 0 0 0 0 0 0 0 0 0 0 0 0 0
 253      34 dm-34 23 0 2064 76 0 0 0 0 0 64 76 0 0 0 0
 253      35 dm-35 11 0 88 28 0 0 0 0 0 44 28 0 0 0 0
 253      36 dm-36 81 0 9152 140 0 0 0 0 0 216 140 0 0 0 0
 253      37 dm-37 0 0 0 0 0 0 0 0 0 0 0 0 0 0 0
 253      38 dm-38 20 0 1384 16 0 0 0 0 0 76 16 0 0 0 0
 253      39 dm-39 17 0 280 20 0 0 0 0 0 60 20 0 0 0 0
 253      40 dm-40 0 0 0 0 0 0 0 0 0 0 0 0 0 0 0
 253      41 dm-41 0 0 0 0 0 0 0 0 0 0 0 0 0 0 0
 253      42 dm-42 0 0 0 0 0 0 0 0 0 0 0 0 0 0 0
 253      43 dm-43 2529 0 173592 3700 532 0 6776 472 1 4084 4172 0 0 0 0

2140
   1       0 ram0 0 0 0 0 0 0 0 0 0 0 0 0 0 0 0
   1       1 ram1 0 0 0 0 0 0 0 0 0 0 0 0 0 0 0
   1       2 ram2 0 0 0 0 0 0 0 0 0 0 0 0 0 0 0
   1       3 ram3 0 0 0 0 0 0 0 0 0 0 0 0 0 0 0
   1       4 ram4 0 0 0 0 0 0 0 0 0 0 0 0 0 0 0
   1       5 ram5 0 0 0 0 0 0 0 0 0 0 0 0 0 0 0
   1       6 ram6 0 0 0 0 0 0 0 0 0 0 0 0 0 0 0
   1       7 ram7 0 0 0 0 0 0 0 0 0 0 0 0 0 0 0
   1       8 ram8 0 0 0 0 0 0 0 0 0 0 0 0 0 0 0
   1       9 ram9 0 0 0 0 0 0 0 0 0 0 0 0 0 0 0
   1      10 ram10 0 0 0 0 0 0 0 0 0 0 0 0 0 0 0
   1      11 ram11 0 0 0 0 0 0 0 0 0 0 0 0 0 0 0
   1      12 ram12 0 0 0 0 0 0 0 0 0 0 0 0 0 0 0
   1      13 ram13 0 0 0 0 0 0 0 0 0 0 0 0 0 0 0
   1      14 ram14 0 0 0 0 0 0 0 0 0 0 0 0 0 0 0
   1      15 ram15 0 0 0 0 0 0 0 0 0 0 0 0 0 0 0
   7       0 loop0 183 0 16168 352 0 0 0 0 0 344 116 0 0 0 0
   7       8 loop1 70 0 9008 122 0 0 0 0 0 136 32 0 0 0 0
   7      16 loop2 27 0 216 13 0 0 0 0 0 32 0 0 0 0 0
   7      24 loop3 12 0 296 8 0 0 0 0 0 32 0 0 0 0 0
   7      32 loop4 36 1 3040 29 0 0 0 0 0 56 0 0 0 0 0
   7      40 loop5 194 1 23984 297 0 0 0 0 0 408 60 0 0 0 0
   7      48 loop6 16 0 712 14 0 0 0 0 0 44 0 0 0 0 0
   7      56 loop7 26 0 1856 23 0 0 0 0 0 96 0 0 0 0 0
   7      64 loop8 25 0 1408 16 0 0 0 0 0 96 0 0 0 0 0
   7      72 loop9 734 6 74712 1830 0 0 0 0 0 2036 744 0 0 0 0
   7      80 loop10 24 0 192 17 0 0 0 0 0 28 0 0 0 0 0
   7      88 loop11 18 0 272 11 0 0 0 0 0 60 0 0 0 0 0
   7      96 loop12 546 3 69328 475 0 0 0 0 0 1024 16 0 0 0 0
   7     104 loop13 27 0 216 48 0 0 0 0 0 44 8 0 0 0 0
   7     112 loop14 12 0 240 7 0 0 0 0 0 36 0 0 0 0 0
   7     120 loop15 52 0 4752 144 0 0 0 0 0 220 76 0 0 0 0
 254       0 zram0 0 0 0 0 0 0 0 0 0 0 0 0 0 0 0
 179       0 mmcblk0 2020 1821 144350 1721 12 0 48 14 0 1592 376 0 0 0 0
 179       1 mmcblk0p1 0 0 0 0 0 0 0 0 0 0 0 0 0 0 0
 179       2 mmcblk0p2 0 0 0 0 0 0 0 0 0 0 0 0 0 0 0
 179       3 mmcblk0p3 0 0 0 0 0 0 0 0 0 0 0 0 0 0 0
 179       4 mmcblk0p4 16 0 146 3 1 0 8 0 0 12 0 0 0 0 0
 179       5 mmcblk0p5 0 0 0 0 0 0 0 0 0 0 0 0 0 0 0
 179       6 mmcblk0p6 0 0 0 0 0 0 0 0 0 0 0 0 0 0 0
 179       7 mmcblk0p7 0 0 0 0 0 0 0 0 0 0 0 0 0 0 0
 179       8 mmcblk0p8 0 0 0 0 0 0 0 0 0 0 0 0 0 0 0
 179       9 mmcblk0p9 0 0 0 0 0 0 0 0 0 0 0 0 0 0 0
 179      10 mmcblk0p10 0 0 0 0 0 0 0 0 0 0 0 0 0 0 0
 179      11 mmcblk0p11 0 0 0 0 0 0 0 0 0 0 0 0 0 0 0
 179      12 mmcblk0p12 0 0 0 0 0 0 0 0 0 0 0 0 0 0 0
 179      13 mmcblk0p13 0 0 0 0 0 0 0 0 0 0 0 0 0 0 0
 179      14 mmcblk0p14 0 0 0 0 0 0 0 0 0 0 0 0 0 0 0
 179      15 mmcblk0p15 0 0 0 0 0 0 0 0 0 0 0 0 0 0 0
 179      16 mmcblk0p16 0 0 0 0 0 0 0 0 0 0 0 0 0 0 0
 179      17 mmcblk0p17 0 0 0 0 0 0 0 0 0 0 0 0 0 0 0
 179      18 mmcblk0p18 0 0 0 0 0 0 0 0 0 0 0 0 0 0 0
 179      19 mmcblk0p19 0 0 0 0 0 0 0 0 0 0 0 0 0 0 0
 179      20 mmcblk0p20 0 0 0 0 0 0 0 0 0 0 0 0 0 0 0
 179      21 mmcblk0p21 54 57 111 17 0 0 0 0 0 28 0 0 0 0 0
 179      22 mmcblk0p22 0 0 0 0 0 0 0 0 0 0 0 0 0 0 0
 179      23 mmcblk0p23 33 6 330 14 0 0 0 0 0 12 0 0 0 0 0
 179      24 mmcblk0p24 0 0 0 0 0 0 0 0 0 0 0 0 0 0 0
 179      25 mmcblk0p25 0 0 0 0 0 0 0 0 0 0 0 0 0 0 0
 179      26 mmcblk0p26 0 0 0 0 0 0 0 0 0 0 0 0 0 0 0
 179      27 mmcblk0p27 0 0 0 0 0 0 0 0 0 0 0 0 0 0 0
 179      28 mmcblk0p28 0 0 0 0 0 0 0 0 0 0 0 0 0 0 0
 179      29 mmcblk0p29 0 0 0 0 0 0 0 0 0 0 0 0 0 0 0
 179      30 mmcblk0p30 0 0 0 0 0 0 0 0 0 0 0 0 0 0 0
 179      31 mmcblk0p31 0 0 0 0 0 0 0 0 0 0 0 0 0 0 0
 259       0 mmcblk0p32 9 0 65 1 0 0 0 0 0 12 0 0 0 0 0
 259       1 mmcblk0p33 0 0 0 0 0 0 0 0 0 0 0 0 0 0 0
 259       2 mmcblk0p34 0 0 0 0 0 0 0 0 0 0 0 0 0 0 0
 259       3 mmcblk0p35 0 0 0 0 0 0 0 0 0 0 0 0 0 0 0
 259       4 mmcblk0p36 0 0 0 0 0 0 0 0 0 0 0 0 0 0 0
 259       5 mmcblk0p37 0 0 0 0 0 0 0 0 0 0 0 0 0 0 0
 259       6 mmcblk0p38 0 0 0 0 0 0 0 0 0 0 0 0 0 0 0
 259       7 mmcblk0p39 0 0 0 0 0 0 0 0 0 0 0 0 0 0 0
 259       8 mmcblk0p40 0 0 0 0 0 0 0 0 0 0 0 0 0 0 0
 259       9 mmcblk0p41 0 0 0 0 0 0 0 0 0 0 0 0 0 0 0
 259      10 mmcblk0p42 0 0 0 0 0 0 0 0 0 0 0 0 0 0 0
 259      11 mmcblk0p43 0 0 0 0 0 0 0 0 0 0 0 0 0 0 0
 259      12 mmcblk0p44 0 0 0 0 0 0 0 0 0 0 0 0 0 0 0
 259      13 mmcblk0p45 0 0 0 0 0 0 0 0 0 0 0 0 0 0 0
 259      14 mmcblk0p46 0 0 0 0 0 0 0 0 0 0 0 0 0 0 0
 259      15 mmcblk0p47 0 0 0 0 0 0 0 0 0 0 0 0 0 0 0
 259      16 mmcblk0p48 0 0 0 0 0 0 0 0 0 0 0 0 0 0 0
 259      17 mmcblk0p49 0 0 0 0 0 0 0 0 0 0 0 0 0 0 0
 259      18 mmcblk0p50 0 0 0 0 0 0 0 0 0 0 0 0 0 0 0
 259      19 mmcblk0p51 0 0 0 0 0 0 0 0 0 0 0 0 0 0 0
 259      20 mmcblk0p52 0 0 0 0 0 0 0 0 0 0 0 0 0 0 0
 259      21 mmcblk0p53 0 0 0 0 0 0 0 0 0 0 0 0 0 0 0
 259      22 mmcblk0p54 0 0 0 0 0 0 0 0 0 0 0 0 0 0 0
 259      23 mmcblk0p55 0 0 0 0 0 0 0 0 0 0 0 0 0 0 0
 259      24 mmcblk0p56 0 0 0 0 0 0 0 0 0 0 0 0 0 0 0
 259      25 mmcblk0p57 0 0 0 0 0 0 0 0 0 0 0 0 0 0 0
 259      26 mmcblk0p58 0 0 0 0 0 0 0 0 0 0 0 0 0 0 0
 259      27 mmcblk0p59 0 0 0 0 0 0 0 0 0 0 0 0 0 0 0
 259      28 mmcblk0p60 0 0 0 0 0 0 0 0 0 0 0 0 0 0 0
 259      29 mmcblk0p61 0 0 0 0 0 0 0 0 0 0 0 0 0 0 0
 259      30 mmcblk0p62 0 0 0 0 0 0 0 0 0 0 0 0 0 0 0
 259      31 mmcblk0p63 0 0 0 0 0 0 0 0 0 0 0 0 0 0 0
 259      32 mmcblk0p64 0 0 0 0 0 0 0 0 0 0 0 0 0 0 0
 259      33 mmcblk0p65 0 0 0 0 0 0 0 0 0 0 0 0 0 0 0
 259      34 mmcblk0p66 0 0 0 0 0 0 0 0 0 0 0 0 0 0 0
 259      35 mmcblk0p67 1851 1758 140712 1643 0 0 0 0 0 1520 360 0 0 0 0
 259      36 mmcblk0p68 1 0 128 1 0 0 0 0 0 4 0 0 0 0 0
 259      37 mmcblk0p69 0 0 0 0 0 0 0 0 0 0 0 0 0 0 0
 259      38 mmcblk0p70 0 0 0 0 0 0 0 0 0 0 0 0 0 0 0
 259      39 mmcblk0p71 0 0 0 0 0 0 0 0 0 0 0 0 0 0 0
 259      40 mmcblk0p72 47 0 2666 36 5 0 40 12 0 64 16 0 0 0 0
 259      41 mmcblk0p73 1 0 128 1 0 0 0 0 0 4 0 0 0 0 0
 259      42 mmcblk0p74 0 0 0 0 0 0 0 0 0 0 0 0 0 0 0
 259      43 mmcblk0p75 0 0 0 0 0 0 0 0 0 0 0 0 0 0 0
 259      44 mmcblk0p76 0 0 0 0 0 0 0 0 0 0 0 0 0 0 0
 259      45 mmcblk0p77 0 0 0 0 0 0 0 0 0 0 0 0 0 0 0
 259      46 mmcblk0p78 0 0 0 0 0 0 0 0 0 0 0 0 0 0 0
 259      47 mmcblk0p79 0 0 0 0 0 0 0 0 0 0 0 0 0 0 0
 259      48 mmcblk0p80 0 0 0 0 0 0 0 0 0 0 0 0 0 0 0
 253       0 dm-0 244 0 2656 388 0 0 0 0 0 212 388 0 0 0 0
 253       1 dm-1 6096 0 819072 13976 0 0 0 0 0 7180 13976 0 0 0 0
 253       2 dm-2 1690 0 113960 1812 0 0 0 0 0 2768 1812 0 0 0 0
 253       3 dm-3 3342 0 405712 6320 0 0 0 0 0 5456 6320 0 0 0 0
 253       4 dm-4 4599 0 807096 19180 0 0 0 0 0 7416 19180 0 0 0 0
 253       5 dm-5 1336 0 111128 2660 0 0 0 0 0 2936 2660 0 0 0 0
 253       6 dm-6 2594 0 399728 9656 0 0 0 0 0 5756 9656 0 0 0 0
 253       7 dm-7 112 0 1600 96 0 0 0 0 0 216 96 0 0 0 0
   7     128 loop16 12 0 144 16 0 0 0 0 0 44 8 0 0 0 0
   7     136 loop17 27 0 216 27 0 0 0 0 0 32 0 0 0 0 0
   7     144 loop18 12 0 120 14 0 0 0 0 0 40 4 0 0 0 0
   7     152 loop19 24 0 192 26 0 0 0 0 0 28 0 0 0 0 0
   7     160 loop20 21 0 312 14 0 0 0 0 0 60 4 0 0 0 0
   7     168 loop21 24 0 1416 15 0 0 0 0 0 72 0 0 0 0 0
   7     176 loop22 15 0 120 7 0 0 0 0 0 48 0 0 0 0 0
   7     184 loop23 94 0 9256 73 0 0 0 0 0 212 0 0 0 0 0
   7     192 loop24 28 1 2112 30 0 0 0 0 0 64 4 0 0 0 0
   7     200 loop25 34 0 1280 15 0 0 0 0 0 76 0 0 0 0 0
   7     208 loop26 14 0 112 6 0 0 0 0 0 32 0 0 0 0 0
   7     216 loop27 9 0 72 4 0 0 0 0 0 20 0 0 0 0 0
   7     224 loop28 18 0 408 8 0 0 0 0 0 64 0 0 0 0 0
   7     232 loop29 85 0 9240 84 0 0 0 0 0 248 0 0 0 0 0
   7     240 loop30 21 0 504 11 0 0 0 0 0 56 0 0 0 0 0
   7     248 loop31 103 1 9368 95 0 0 0 0 0 360 8 0 0 0 0
   7     256 loop32 51 0 6560 51 0 0 0 0 0 120 4 0 0 0 0
   7     264 loop33 83 1 11992 234 0 0 0 0 0 124 124 0 0 0 0
   7     272 loop34 29 0 1368 15 0 0 0 0 0 76 0 0 0 0 0
   7     280 loop35 27 0 1840 19 0 0 0 0 0 56 0 0 0 0 0
   7     288 loop36 72 0 9048 123 0 0 0 0 0 140 44 0 0 0 0
   7     296 loop37 17 0 224 6 0 0 0 0 0 40 0 0 0 0 0
   7     304 loop38 131 1 10952 151 0 0 0 0 0 276 28 0 0 0 0
   7     312 loop39 221 5 19520 187 0 0 0 0 0 716 8 0 0 0 0
 253       8 dm-8 0 0 0 0 0 0 0 0 0 0 0 0 0 0 0
 253       9 dm-9 24 0 1328 24 0 0 0 0 0 76 24 0 0 0 0
 253      10 dm-10 114 0 10808 232 0 0 0 0 0 284 232 0 0 0 0
 253      11 dm-11 463 0 68640 1076 0 0 0 0 0 1100 1076 0 0 0 0
 253      12 dm-12 0 0 0 0 0 0 0 0 0 0 0 0 0 0 0
 253      13 dm-13 67 0 11856 460 0 0 0 0 0 132 460 0 0 0 0
 253      14 dm-14 0 0 0 0 0 0 0 0 0 0 0 0 0 0 0
 253      15 dm-15 22 0 1800 4 0 0 0 0 0 52 4 0 0 0 0
 253      16 dm-16 0 0 0 0 0 0 0 0 0 0 0 0 0 0 0
 253      17 dm-17 0 0 0 0 0 0 0 0 0 0 0 0 0 0 0
 253      18 dm-18 40 0 6472 48 0 0 0 0 0 112 48 0 0 0 0
 253      19 dm-19 69 0 9112 204 0 0 0 0 0 248 204 0 0 0 0
 253      20 dm-20 201 0 19320 508 0 0 0 0 0 768 508 0 0 0 0
 253      21 dm-21 16 0 464 8 0 0 0 0 0 52 8 0 0 0 0
 253      22 dm-22 16 0 392 88 0 0 0 0 0 68 88 0 0 0 0
 253      23 dm-23 0 0 0 0 0 0 0 0 0 0 0 0 0 0 0
 253      24 dm-24 15 0 208 4 0 0 0 0 0 36 4 0 0 0 0
 253      25 dm-25 5 0 40 8 0 0 0 0 0 20 8 0 0 0 0
 253      26 dm-26 10 0 80 16 0 0 0 0 0 32 16 0 0 0 0
 253      27 dm-27 0 0 0 0 0 0 0 0 0 0 0 0 0 0 0
 253      28 dm-28 29 0 1240 20 0 0 0 0 0 72 20 0 0 0 0
 253      29 dm-29 0 0 0 0 0 0 0 0 0 0 0 0 0 0 0
 253      30 dm-30 0 0 0 0 0 0 0 0 0 0 0 0 0 0 0
 253      31 dm-31 0 0 0 0 0 0 0 0 0 0 0 0 0 0 0
 253      32 dm-32 90 0 9256 212 0 0 0 0 0 392 212 0 0 0 0
 253      33 dm-33 0 0 0 0 0 0 0 0 0 0 0 0 0 0 0
 253      34 dm-34 23 0 2064 76 0 0 0 0 0 64 76 0 0 0 0
 253      35 dm-35 11 0 88 28 0 0 0 0 0 44 28 0 0 0 0
 253      36 dm-36 81 0 9152 140 0 0 0 0 0 216 140 0 0 0 0
 253      37 dm-37 0 0 0 0 0 0 0 0 0 0 0 0 0 0 0
 253      38 dm-38 20 0 1384 16 0 0 0 0 0 76 16 0 0 0 0
 253      39 dm-39 17 0 280 20 0 0 0 0 0 60 20 0 0 0 0
 253      40 dm-40 0 0 0 0 0 0 0 0 0 0 0 0 0 0 0
 253      41 dm-41 0 0 0 0 0 0 0 0 0 0 0 0 0 0 0
 253      42 dm-42 0 0 0 0 0 0 0 0 0 0 0 0 0 0 0
 253      43 dm-43 2544 0 174032 3716 544 0 6944 488 1 4136 4204 0 0 0 0

2165
   1       0 ram0 0 0 0 0 0 0 0 0 0 0 0 0 0 0 0
   1       1 ram1 0 0 0 0 0 0 0 0 0 0 0 0 0 0 0
   1       2 ram2 0 0 0 0 0 0 0 0 0 0 0 0 0 0 0
   1       3 ram3 0 0 0 0 0 0 0 0 0 0 0 0 0 0 0
   1       4 ram4 0 0 0 0 0 0 0 0 0 0 0 0 0 0 0
   1       5 ram5 0 0 0 0 0 0 0 0 0 0 0 0 0 0 0
   1       6 ram6 0 0 0 0 0 0 0 0 0 0 0 0 0 0 0
   1       7 ram7 0 0 0 0 0 0 0 0 0 0 0 0 0 0 0
   1       8 ram8 0 0 0 0 0 0 0 0 0 0 0 0 0 0 0
   1       9 ram9 0 0 0 0 0 0 0 0 0 0 0 0 0 0 0
   1      10 ram10 0 0 0 0 0 0 0 0 0 0 0 0 0 0 0
   1      11 ram11 0 0 0 0 0 0 0 0 0 0 0 0 0 0 0
   1      12 ram12 0 0 0 0 0 0 0 0 0 0 0 0 0 0 0
   1      13 ram13 0 0 0 0 0 0 0 0 0 0 0 0 0 0 0
   1      14 ram14 0 0 0 0 0 0 0 0 0 0 0 0 0 0 0
   1      15 ram15 0 0 0 0 0 0 0 0 0 0 0 0 0 0 0
   7       0 loop0 183 0 16168 352 0 0 0 0 0 344 116 0 0 0 0
   7       8 loop1 70 0 9008 122 0 0 0 0 0 136 32 0 0 0 0
   7      16 loop2 27 0 216 13 0 0 0 0 0 32 0 0 0 0 0
   7      24 loop3 12 0 296 8 0 0 0 0 0 32 0 0 0 0 0
   7      32 loop4 36 1 3040 29 0 0 0 0 0 56 0 0 0 0 0
   7      40 loop5 194 1 23984 297 0 0 0 0 0 408 60 0 0 0 0
   7      48 loop6 16 0 712 14 0 0 0 0 0 44 0 0 0 0 0
   7      56 loop7 26 0 1856 23 0 0 0 0 0 96 0 0 0 0 0
   7      64 loop8 25 0 1408 16 0 0 0 0 0 96 0 0 0 0 0
   7      72 loop9 734 6 74712 1830 0 0 0 0 0 2036 744 0 0 0 0
   7      80 loop10 24 0 192 17 0 0 0 0 0 28 0 0 0 0 0
   7      88 loop11 18 0 272 11 0 0 0 0 0 60 0 0 0 0 0
   7      96 loop12 546 3 69328 475 0 0 0 0 0 1024 16 0 0 0 0
   7     104 loop13 27 0 216 48 0 0 0 0 0 44 8 0 0 0 0
   7     112 loop14 12 0 240 7 0 0 0 0 0 36 0 0 0 0 0
   7     120 loop15 52 0 4752 144 0 0 0 0 0 220 76 0 0 0 0
 254       0 zram0 0 0 0 0 0 0 0 0 0 0 0 0 0 0 0
 179       0 mmcblk0 2020 1821 144350 1721 12 0 48 14 0 1592 376 0 0 0 0
 179       1 mmcblk0p1 0 0 0 0 0 0 0 0 0 0 0 0 0 0 0
 179       2 mmcblk0p2 0 0 0 0 0 0 0 0 0 0 0 0 0 0 0
 179       3 mmcblk0p3 0 0 0 0 0 0 0 0 0 0 0 0 0 0 0
 179       4 mmcblk0p4 16 0 146 3 1 0 8 0 0 12 0 0 0 0 0
 179       5 mmcblk0p5 0 0 0 0 0 0 0 0 0 0 0 0 0 0 0
 179       6 mmcblk0p6 0 0 0 0 0 0 0 0 0 0 0 0 0 0 0
 179       7 mmcblk0p7 0 0 0 0 0 0 0 0 0 0 0 0 0 0 0
 179       8 mmcblk0p8 0 0 0 0 0 0 0 0 0 0 0 0 0 0 0
 179       9 mmcblk0p9 0 0 0 0 0 0 0 0 0 0 0 0 0 0 0
 179      10 mmcblk0p10 0 0 0 0 0 0 0 0 0 0 0 0 0 0 0
 179      11 mmcblk0p11 0 0 0 0 0 0 0 0 0 0 0 0 0 0 0
 179      12 mmcblk0p12 0 0 0 0 0 0 0 0 0 0 0 0 0 0 0
 179      13 mmcblk0p13 0 0 0 0 0 0 0 0 0 0 0 0 0 0 0
 179      14 mmcblk0p14 0 0 0 0 0 0 0 0 0 0 0 0 0 0 0
 179      15 mmcblk0p15 0 0 0 0 0 0 0 0 0 0 0 0 0 0 0
 179      16 mmcblk0p16 0 0 0 0 0 0 0 0 0 0 0 0 0 0 0
 179      17 mmcblk0p17 0 0 0 0 0 0 0 0 0 0 0 0 0 0 0
 179      18 mmcblk0p18 0 0 0 0 0 0 0 0 0 0 0 0 0 0 0
 179      19 mmcblk0p19 0 0 0 0 0 0 0 0 0 0 0 0 0 0 0
 179      20 mmcblk0p20 0 0 0 0 0 0 0 0 0 0 0 0 0 0 0
 179      21 mmcblk0p21 54 57 111 17 0 0 0 0 0 28 0 0 0 0 0
 179      22 mmcblk0p22 0 0 0 0 0 0 0 0 0 0 0 0 0 0 0
 179      23 mmcblk0p23 33 6 330 14 0 0 0 0 0 12 0 0 0 0 0
 179      24 mmcblk0p24 0 0 0 0 0 0 0 0 0 0 0 0 0 0 0
 179      25 mmcblk0p25 0 0 0 0 0 0 0 0 0 0 0 0 0 0 0
 179      26 mmcblk0p26 0 0 0 0 0 0 0 0 0 0 0 0 0 0 0
 179      27 mmcblk0p27 0 0 0 0 0 0 0 0 0 0 0 0 0 0 0
 179      28 mmcblk0p28 0 0 0 0 0 0 0 0 0 0 0 0 0 0 0
 179      29 mmcblk0p29 0 0 0 0 0 0 0 0 0 0 0 0 0 0 0
 179      30 mmcblk0p30 0 0 0 0 0 0 0 0 0 0 0 0 0 0 0
 179      31 mmcblk0p31 0 0 0 0 0 0 0 0 0 0 0 0 0 0 0
 259       0 mmcblk0p32 9 0 65 1 0 0 0 0 0 12 0 0 0 0 0
 259       1 mmcblk0p33 0 0 0 0 0 0 0 0 0 0 0 0 0 0 0
 259       2 mmcblk0p34 0 0 0 0 0 0 0 0 0 0 0 0 0 0 0
 259       3 mmcblk0p35 0 0 0 0 0 0 0 0 0 0 0 0 0 0 0
 259       4 mmcblk0p36 0 0 0 0 0 0 0 0 0 0 0 0 0 0 0
 259       5 mmcblk0p37 0 0 0 0 0 0 0 0 0 0 0 0 0 0 0
 259       6 mmcblk0p38 0 0 0 0 0 0 0 0 0 0 0 0 0 0 0
 259       7 mmcblk0p39 0 0 0 0 0 0 0 0 0 0 0 0 0 0 0
 259       8 mmcblk0p40 0 0 0 0 0 0 0 0 0 0 0 0 0 0 0
 259       9 mmcblk0p41 0 0 0 0 0 0 0 0 0 0 0 0 0 0 0
 259      10 mmcblk0p42 0 0 0 0 0 0 0 0 0 0 0 0 0 0 0
 259      11 mmcblk0p43 0 0 0 0 0 0 0 0 0 0 0 0 0 0 0
 259      12 mmcblk0p44 0 0 0 0 0 0 0 0 0 0 0 0 0 0 0
 259      13 mmcblk0p45 0 0 0 0 0 0 0 0 0 0 0 0 0 0 0
 259      14 mmcblk0p46 0 0 0 0 0 0 0 0 0 0 0 0 0 0 0
 259      15 mmcblk0p47 0 0 0 0 0 0 0 0 0 0 0 0 0 0 0
 259      16 mmcblk0p48 0 0 0 0 0 0 0 0 0 0 0 0 0 0 0
 259      17 mmcblk0p49 0 0 0 0 0 0 0 0 0 0 0 0 0 0 0
 259      18 mmcblk0p50 0 0 0 0 0 0 0 0 0 0 0 0 0 0 0
 259      19 mmcblk0p51 0 0 0 0 0 0 0 0 0 0 0 0 0 0 0
 259      20 mmcblk0p52 0 0 0 0 0 0 0 0 0 0 0 0 0 0 0
 259      21 mmcblk0p53 0 0 0 0 0 0 0 0 0 0 0 0 0 0 0
 259      22 mmcblk0p54 0 0 0 0 0 0 0 0 0 0 0 0 0 0 0
 259      23 mmcblk0p55 0 0 0 0 0 0 0 0 0 0 0 0 0 0 0
 259      24 mmcblk0p56 0 0 0 0 0 0 0 0 0 0 0 0 0 0 0
 259      25 mmcblk0p57 0 0 0 0 0 0 0 0 0 0 0 0 0 0 0
 259      26 mmcblk0p58 0 0 0 0 0 0 0 0 0 0 0 0 0 0 0
 259      27 mmcblk0p59 0 0 0 0 0 0 0 0 0 0 0 0 0 0 0
 259      28 mmcblk0p60 0 0 0 0 0 0 0 0 0 0 0 0 0 0 0
 259      29 mmcblk0p61 0 0 0 0 0 0 0 0 0 0 0 0 0 0 0
 259      30 mmcblk0p62 0 0 0 0 0 0 0 0 0 0 0 0 0 0 0
 259      31 mmcblk0p63 0 0 0 0 0 0 0 0 0 0 0 0 0 0 0
 259      32 mmcblk0p64 0 0 0 0 0 0 0 0 0 0 0 0 0 0 0
 259      33 mmcblk0p65 0 0 0 0 0 0 0 0 0 0 0 0 0 0 0
 259      34 mmcblk0p66 0 0 0 0 0 0 0 0 0 0 0 0 0 0 0
 259      35 mmcblk0p67 1851 1758 140712 1643 0 0 0 0 0 1520 360 0 0 0 0
 259      36 mmcblk0p68 1 0 128 1 0 0 0 0 0 4 0 0 0 0 0
 259      37 mmcblk0p69 0 0 0 0 0 0 0 0 0 0 0 0 0 0 0
 259      38 mmcblk0p70 0 0 0 0 0 0 0 0 0 0 0 0 0 0 0
 259      39 mmcblk0p71 0 0 0 0 0 0 0 0 0 0 0 0 0 0 0
 259      40 mmcblk0p72 47 0 2666 36 5 0 40 12 0 64 16 0 0 0 0
 259      41 mmcblk0p73 1 0 128 1 0 0 0 0 0 4 0 0 0 0 0
 259      42 mmcblk0p74 0 0 0 0 0 0 0 0 0 0 0 0 0 0 0
 259      43 mmcblk0p75 0 0 0 0 0 0 0 0 0 0 0 0 0 0 0
 259      44 mmcblk0p76 0 0 0 0 0 0 0 0 0 0 0 0 0 0 0
 259      45 mmcblk0p77 0 0 0 0 0 0 0 0 0 0 0 0 0 0 0
 259      46 mmcblk0p78 0 0 0 0 0 0 0 0 0 0 0 0 0 0 0
 259      47 mmcblk0p79 0 0 0 0 0 0 0 0 0 0 0 0 0 0 0
 259      48 mmcblk0p80 0 0 0 0 0 0 0 0 0 0 0 0 0 0 0
 253       0 dm-0 244 0 2656 388 0 0 0 0 0 212 388 0 0 0 0
 253       1 dm-1 6096 0 819072 13976 0 0 0 0 0 7180 13976 0 0 0 0
 253       2 dm-2 1690 0 113960 1812 0 0 0 0 0 2768 1812 0 0 0 0
 253       3 dm-3 3342 0 405712 6320 0 0 0 0 0 5456 6320 0 0 0 0
 253       4 dm-4 4599 0 807096 19180 0 0 0 0 0 7416 19180 0 0 0 0
 253       5 dm-5 1336 0 111128 2660 0 0 0 0 0 2936 2660 0 0 0 0
 253       6 dm-6 2594 0 399728 9656 0 0 0 0 0 5756 9656 0 0 0 0
 253       7 dm-7 112 0 1600 96 0 0 0 0 0 216 96 0 0 0 0
   7     128 loop16 12 0 144 16 0 0 0 0 0 44 8 0 0 0 0
   7     136 loop17 27 0 216 27 0 0 0 0 0 32 0 0 0 0 0
   7     144 loop18 12 0 120 14 0 0 0 0 0 40 4 0 0 0 0
   7     152 loop19 24 0 192 26 0 0 0 0 0 28 0 0 0 0 0
   7     160 loop20 21 0 312 14 0 0 0 0 0 60 4 0 0 0 0
   7     168 loop21 24 0 1416 15 0 0 0 0 0 72 0 0 0 0 0
   7     176 loop22 15 0 120 7 0 0 0 0 0 48 0 0 0 0 0
   7     184 loop23 94 0 9256 73 0 0 0 0 0 212 0 0 0 0 0
   7     192 loop24 28 1 2112 30 0 0 0 0 0 64 4 0 0 0 0
   7     200 loop25 34 0 1280 15 0 0 0 0 0 76 0 0 0 0 0
   7     208 loop26 14 0 112 6 0 0 0 0 0 32 0 0 0 0 0
   7     216 loop27 9 0 72 4 0 0 0 0 0 20 0 0 0 0 0
   7     224 loop28 18 0 408 8 0 0 0 0 0 64 0 0 0 0 0
   7     232 loop29 85 0 9240 84 0 0 0 0 0 248 0 0 0 0 0
   7     240 loop30 21 0 504 11 0 0 0 0 0 56 0 0 0 0 0
   7     248 loop31 103 1 9368 95 0 0 0 0 0 360 8 0 0 0 0
   7     256 loop32 51 0 6560 51 0 0 0 0 0 120 4 0 0 0 0
   7     264 loop33 83 1 11992 234 0 0 0 0 0 124 124 0 0 0 0
   7     272 loop34 29 0 1368 15 0 0 0 0 0 76 0 0 0 0 0
   7     280 loop35 27 0 1840 19 0 0 0 0 0 56 0 0 0 0 0
   7     288 loop36 72 0 9048 123 0 0 0 0 0 140 44 0 0 0 0
   7     296 loop37 17 0 224 6 0 0 0 0 0 40 0 0 0 0 0
   7     304 loop38 131 1 10952 151 0 0 0 0 0 276 28 0 0 0 0
   7     312 loop39 221 5 19520 187 0 0 0 0 0 716 8 0 0 0 0
 253       8 dm-8 0 0 0 0 0 0 0 0 0 0 0 0 0 0 0
 253       9 dm-9 24 0 1328 24 0 0 0 0 0 76 24 0 0 0 0
 253      10 dm-10 114 0 10808 232 0 0 0 0 0 284 232 0 0 0 0
 253      11 dm-11 463 0 68640 1076 0 0 0 0 0 1100 1076 0 0 0 0
 253      12 dm-12 0 0 0 0 0 0 0 0 0 0 0 0 0 0 0
 253      13 dm-13 67 0 11856 460 0 0 0 0 0 132 460 0 0 0 0
 253      14 dm-14 0 0 0 0 0 0 0 0 0 0 0 0 0 0 0
 253      15 dm-15 22 0 1800 4 0 0 0 0 0 52 4 0 0 0 0
 253      16 dm-16 0 0 0 0 0 0 0 0 0 0 0 0 0 0 0
 253      17 dm-17 0 0 0 0 0 0 0 0 0 0 0 0 0 0 0
 253      18 dm-18 40 0 6472 48 0 0 0 0 0 112 48 0 0 0 0
 253      19 dm-19 69 0 9112 204 0 0 0 0 0 248 204 0 0 0 0
 253      20 dm-20 201 0 19320 508 0 0 0 0 0 768 508 0 0 0 0
 253      21 dm-21 16 0 464 8 0 0 0 0 0 52 8 0 0 0 0
 253      22 dm-22 16 0 392 88 0 0 0 0 0 68 88 0 0 0 0
 253      23 dm-23 0 0 0 0 0 0 0 0 0 0 0 0 0 0 0
 253      24 dm-24 15 0 208 4 0 0 0 0 0 36 4 0 0 0 0
 253      25 dm-25 5 0 40 8 0 0 0 0 0 20 8 0 0 0 0
 253      26 dm-26 10 0 80 16 0 0 0 0 0 32 16 0 0 0 0
 253      27 dm-27 0 0 0 0 0 0 0 0 0 0 0 0 0 0 0
 253      28 dm-28 29 0 1240 20 0 0 0 0 0 72 20 0 0 0 0
 253      29 dm-29 0 0 0 0 0 0 0 0 0 0 0 0 0 0 0
 253      30 dm-30 0 0 0 0 0 0 0 0 0 0 0 0 0 0 0
 253      31 dm-31 0 0 0 0 0 0 0 0 0 0 0 0 0 0 0
 253      32 dm-32 90 0 9256 212 0 0 0 0 0 392 212 0 0 0 0
 253      33 dm-33 0 0 0 0 0 0 0 0 0 0 0 0 0 0 0
 253      34 dm-34 23 0 2064 76 0 0 0 0 0 64 76 0 0 0 0
 253      35 dm-35 11 0 88 28 0 0 0 0 0 44 28 0 0 0 0
 253      36 dm-36 81 0 9152 140 0 0 0 0 0 216 140 0 0 0 0
 253      37 dm-37 0 0 0 0 0 0 0 0 0 0 0 0 0 0 0
 253      38 dm-38 20 0 1384 16 0 0 0 0 0 76 16 0 0 0 0
 253      39 dm-39 17 0 280 20 0 0 0 0 0 60 20 0 0 0 0
 253      40 dm-40 0 0 0 0 0 0 0 0 0 0 0 0 0 0 0
 253      41 dm-41 0 0 0 0 0 0 0 0 0 0 0 0 0 0 0
 253      42 dm-42 0 0 0 0 0 0 0 0 0 0 0 0 0 0 0
 253      43 dm-43 2710 0 175704 4392 544 0 6944 488 0 4176 4880 0 0 0 0

2193
   1       0 ram0 0 0 0 0 0 0 0 0 0 0 0 0 0 0 0
   1       1 ram1 0 0 0 0 0 0 0 0 0 0 0 0 0 0 0
   1       2 ram2 0 0 0 0 0 0 0 0 0 0 0 0 0 0 0
   1       3 ram3 0 0 0 0 0 0 0 0 0 0 0 0 0 0 0
   1       4 ram4 0 0 0 0 0 0 0 0 0 0 0 0 0 0 0
   1       5 ram5 0 0 0 0 0 0 0 0 0 0 0 0 0 0 0
   1       6 ram6 0 0 0 0 0 0 0 0 0 0 0 0 0 0 0
   1       7 ram7 0 0 0 0 0 0 0 0 0 0 0 0 0 0 0
   1       8 ram8 0 0 0 0 0 0 0 0 0 0 0 0 0 0 0
   1       9 ram9 0 0 0 0 0 0 0 0 0 0 0 0 0 0 0
   1      10 ram10 0 0 0 0 0 0 0 0 0 0 0 0 0 0 0
   1      11 ram11 0 0 0 0 0 0 0 0 0 0 0 0 0 0 0
   1      12 ram12 0 0 0 0 0 0 0 0 0 0 0 0 0 0 0
   1      13 ram13 0 0 0 0 0 0 0 0 0 0 0 0 0 0 0
   1      14 ram14 0 0 0 0 0 0 0 0 0 0 0 0 0 0 0
   1      15 ram15 0 0 0 0 0 0 0 0 0 0 0 0 0 0 0
   7       0 loop0 183 0 16168 352 0 0 0 0 0 344 116 0 0 0 0
   7       8 loop1 70 0 9008 122 0 0 0 0 0 136 32 0 0 0 0
   7      16 loop2 27 0 216 13 0 0 0 0 0 32 0 0 0 0 0
   7      24 loop3 12 0 296 8 0 0 0 0 0 32 0 0 0 0 0
   7      32 loop4 36 1 3040 29 0 0 0 0 0 56 0 0 0 0 0
   7      40 loop5 194 1 23984 297 0 0 0 0 0 408 60 0 0 0 0
   7      48 loop6 16 0 712 14 0 0 0 0 0 44 0 0 0 0 0
   7      56 loop7 26 0 1856 23 0 0 0 0 0 96 0 0 0 0 0
   7      64 loop8 25 0 1408 16 0 0 0 0 0 96 0 0 0 0 0
   7      72 loop9 734 6 74712 1830 0 0 0 0 0 2036 744 0 0 0 0
   7      80 loop10 24 0 192 17 0 0 0 0 0 28 0 0 0 0 0
   7      88 loop11 18 0 272 11 0 0 0 0 0 60 0 0 0 0 0
   7      96 loop12 547 3 69360 478 0 0 0 0 0 1032 16 0 0 0 0
   7     104 loop13 27 0 216 48 0 0 0 0 0 44 8 0 0 0 0
   7     112 loop14 12 0 240 7 0 0 0 0 0 36 0 0 0 0 0
   7     120 loop15 52 0 4752 144 0 0 0 0 0 220 76 0 0 0 0
 254       0 zram0 0 0 0 0 0 0 0 0 0 0 0 0 0 0 0
 179       0 mmcblk0 2020 1821 144350 1721 12 0 48 14 0 1592 376 0 0 0 0
 179       1 mmcblk0p1 0 0 0 0 0 0 0 0 0 0 0 0 0 0 0
 179       2 mmcblk0p2 0 0 0 0 0 0 0 0 0 0 0 0 0 0 0
 179       3 mmcblk0p3 0 0 0 0 0 0 0 0 0 0 0 0 0 0 0
 179       4 mmcblk0p4 16 0 146 3 1 0 8 0 0 12 0 0 0 0 0
 179       5 mmcblk0p5 0 0 0 0 0 0 0 0 0 0 0 0 0 0 0
 179       6 mmcblk0p6 0 0 0 0 0 0 0 0 0 0 0 0 0 0 0
 179       7 mmcblk0p7 0 0 0 0 0 0 0 0 0 0 0 0 0 0 0
 179       8 mmcblk0p8 0 0 0 0 0 0 0 0 0 0 0 0 0 0 0
 179       9 mmcblk0p9 0 0 0 0 0 0 0 0 0 0 0 0 0 0 0
 179      10 mmcblk0p10 0 0 0 0 0 0 0 0 0 0 0 0 0 0 0
 179      11 mmcblk0p11 0 0 0 0 0 0 0 0 0 0 0 0 0 0 0
 179      12 mmcblk0p12 0 0 0 0 0 0 0 0 0 0 0 0 0 0 0
 179      13 mmcblk0p13 0 0 0 0 0 0 0 0 0 0 0 0 0 0 0
 179      14 mmcblk0p14 0 0 0 0 0 0 0 0 0 0 0 0 0 0 0
 179      15 mmcblk0p15 0 0 0 0 0 0 0 0 0 0 0 0 0 0 0
 179      16 mmcblk0p16 0 0 0 0 0 0 0 0 0 0 0 0 0 0 0
 179      17 mmcblk0p17 0 0 0 0 0 0 0 0 0 0 0 0 0 0 0
 179      18 mmcblk0p18 0 0 0 0 0 0 0 0 0 0 0 0 0 0 0
 179      19 mmcblk0p19 0 0 0 0 0 0 0 0 0 0 0 0 0 0 0
 179      20 mmcblk0p20 0 0 0 0 0 0 0 0 0 0 0 0 0 0 0
 179      21 mmcblk0p21 54 57 111 17 0 0 0 0 0 28 0 0 0 0 0
 179      22 mmcblk0p22 0 0 0 0 0 0 0 0 0 0 0 0 0 0 0
 179      23 mmcblk0p23 33 6 330 14 0 0 0 0 0 12 0 0 0 0 0
 179      24 mmcblk0p24 0 0 0 0 0 0 0 0 0 0 0 0 0 0 0
 179      25 mmcblk0p25 0 0 0 0 0 0 0 0 0 0 0 0 0 0 0
 179      26 mmcblk0p26 0 0 0 0 0 0 0 0 0 0 0 0 0 0 0
 179      27 mmcblk0p27 0 0 0 0 0 0 0 0 0 0 0 0 0 0 0
 179      28 mmcblk0p28 0 0 0 0 0 0 0 0 0 0 0 0 0 0 0
 179      29 mmcblk0p29 0 0 0 0 0 0 0 0 0 0 0 0 0 0 0
 179      30 mmcblk0p30 0 0 0 0 0 0 0 0 0 0 0 0 0 0 0
 179      31 mmcblk0p31 0 0 0 0 0 0 0 0 0 0 0 0 0 0 0
 259       0 mmcblk0p32 9 0 65 1 0 0 0 0 0 12 0 0 0 0 0
 259       1 mmcblk0p33 0 0 0 0 0 0 0 0 0 0 0 0 0 0 0
 259       2 mmcblk0p34 0 0 0 0 0 0 0 0 0 0 0 0 0 0 0
 259       3 mmcblk0p35 0 0 0 0 0 0 0 0 0 0 0 0 0 0 0
 259       4 mmcblk0p36 0 0 0 0 0 0 0 0 0 0 0 0 0 0 0
 259       5 mmcblk0p37 0 0 0 0 0 0 0 0 0 0 0 0 0 0 0
 259       6 mmcblk0p38 0 0 0 0 0 0 0 0 0 0 0 0 0 0 0
 259       7 mmcblk0p39 0 0 0 0 0 0 0 0 0 0 0 0 0 0 0
 259       8 mmcblk0p40 0 0 0 0 0 0 0 0 0 0 0 0 0 0 0
 259       9 mmcblk0p41 0 0 0 0 0 0 0 0 0 0 0 0 0 0 0
 259      10 mmcblk0p42 0 0 0 0 0 0 0 0 0 0 0 0 0 0 0
 259      11 mmcblk0p43 0 0 0 0 0 0 0 0 0 0 0 0 0 0 0
 259      12 mmcblk0p44 0 0 0 0 0 0 0 0 0 0 0 0 0 0 0
 259      13 mmcblk0p45 0 0 0 0 0 0 0 0 0 0 0 0 0 0 0
 259      14 mmcblk0p46 0 0 0 0 0 0 0 0 0 0 0 0 0 0 0
 259      15 mmcblk0p47 0 0 0 0 0 0 0 0 0 0 0 0 0 0 0
 259      16 mmcblk0p48 0 0 0 0 0 0 0 0 0 0 0 0 0 0 0
 259      17 mmcblk0p49 0 0 0 0 0 0 0 0 0 0 0 0 0 0 0
 259      18 mmcblk0p50 0 0 0 0 0 0 0 0 0 0 0 0 0 0 0
 259      19 mmcblk0p51 0 0 0 0 0 0 0 0 0 0 0 0 0 0 0
 259      20 mmcblk0p52 0 0 0 0 0 0 0 0 0 0 0 0 0 0 0
 259      21 mmcblk0p53 0 0 0 0 0 0 0 0 0 0 0 0 0 0 0
 259      22 mmcblk0p54 0 0 0 0 0 0 0 0 0 0 0 0 0 0 0
 259      23 mmcblk0p55 0 0 0 0 0 0 0 0 0 0 0 0 0 0 0
 259      24 mmcblk0p56 0 0 0 0 0 0 0 0 0 0 0 0 0 0 0
 259      25 mmcblk0p57 0 0 0 0 0 0 0 0 0 0 0 0 0 0 0
 259      26 mmcblk0p58 0 0 0 0 0 0 0 0 0 0 0 0 0 0 0
 259      27 mmcblk0p59 0 0 0 0 0 0 0 0 0 0 0 0 0 0 0
 259      28 mmcblk0p60 0 0 0 0 0 0 0 0 0 0 0 0 0 0 0
 259      29 mmcblk0p61 0 0 0 0 0 0 0 0 0 0 0 0 0 0 0
 259      30 mmcblk0p62 0 0 0 0 0 0 0 0 0 0 0 0 0 0 0
 259      31 mmcblk0p63 0 0 0 0 0 0 0 0 0 0 0 0 0 0 0
 259      32 mmcblk0p64 0 0 0 0 0 0 0 0 0 0 0 0 0 0 0
 259      33 mmcblk0p65 0 0 0 0 0 0 0 0 0 0 0 0 0 0 0
 259      34 mmcblk0p66 0 0 0 0 0 0 0 0 0 0 0 0 0 0 0
 259      35 mmcblk0p67 1851 1758 140712 1643 0 0 0 0 0 1520 360 0 0 0 0
 259      36 mmcblk0p68 1 0 128 1 0 0 0 0 0 4 0 0 0 0 0
 259      37 mmcblk0p69 0 0 0 0 0 0 0 0 0 0 0 0 0 0 0
 259      38 mmcblk0p70 0 0 0 0 0 0 0 0 0 0 0 0 0 0 0
 259      39 mmcblk0p71 0 0 0 0 0 0 0 0 0 0 0 0 0 0 0
 259      40 mmcblk0p72 47 0 2666 36 5 0 40 12 0 64 16 0 0 0 0
 259      41 mmcblk0p73 1 0 128 1 0 0 0 0 0 4 0 0 0 0 0
 259      42 mmcblk0p74 0 0 0 0 0 0 0 0 0 0 0 0 0 0 0
 259      43 mmcblk0p75 0 0 0 0 0 0 0 0 0 0 0 0 0 0 0
 259      44 mmcblk0p76 0 0 0 0 0 0 0 0 0 0 0 0 0 0 0
 259      45 mmcblk0p77 0 0 0 0 0 0 0 0 0 0 0 0 0 0 0
 259      46 mmcblk0p78 0 0 0 0 0 0 0 0 0 0 0 0 0 0 0
 259      47 mmcblk0p79 0 0 0 0 0 0 0 0 0 0 0 0 0 0 0
 259      48 mmcblk0p80 0 0 0 0 0 0 0 0 0 0 0 0 0 0 0
 253       0 dm-0 244 0 2656 388 0 0 0 0 0 212 388 0 0 0 0
 253       1 dm-1 6096 0 819072 13976 0 0 0 0 0 7180 13976 0 0 0 0
 253       2 dm-2 1690 0 113960 1812 0 0 0 0 0 2768 1812 0 0 0 0
 253       3 dm-3 3343 0 405760 6320 0 0 0 0 0 5460 6320 0 0 0 0
 253       4 dm-4 4599 0 807096 19180 0 0 0 0 0 7416 19180 0 0 0 0
 253       5 dm-5 1336 0 111128 2660 0 0 0 0 0 2936 2660 0 0 0 0
 253       6 dm-6 2595 0 399776 9656 0 0 0 0 0 5760 9656 0 0 0 0
 253       7 dm-7 112 0 1600 96 0 0 0 0 0 216 96 0 0 0 0
   7     128 loop16 12 0 144 16 0 0 0 0 0 44 8 0 0 0 0
   7     136 loop17 27 0 216 27 0 0 0 0 0 32 0 0 0 0 0
   7     144 loop18 12 0 120 14 0 0 0 0 0 40 4 0 0 0 0
   7     152 loop19 24 0 192 26 0 0 0 0 0 28 0 0 0 0 0
   7     160 loop20 21 0 312 14 0 0 0 0 0 60 4 0 0 0 0
   7     168 loop21 24 0 1416 15 0 0 0 0 0 72 0 0 0 0 0
   7     176 loop22 15 0 120 7 0 0 0 0 0 48 0 0 0 0 0
   7     184 loop23 94 0 9256 73 0 0 0 0 0 212 0 0 0 0 0
   7     192 loop24 28 1 2112 30 0 0 0 0 0 64 4 0 0 0 0
   7     200 loop25 34 0 1280 15 0 0 0 0 0 76 0 0 0 0 0
   7     208 loop26 14 0 112 6 0 0 0 0 0 32 0 0 0 0 0
   7     216 loop27 9 0 72 4 0 0 0 0 0 20 0 0 0 0 0
   7     224 loop28 18 0 408 8 0 0 0 0 0 64 0 0 0 0 0
   7     232 loop29 85 0 9240 84 0 0 0 0 0 248 0 0 0 0 0
   7     240 loop30 21 0 504 11 0 0 0 0 0 56 0 0 0 0 0
   7     248 loop31 103 1 9368 95 0 0 0 0 0 360 8 0 0 0 0
   7     256 loop32 51 0 6560 51 0 0 0 0 0 120 4 0 0 0 0
   7     264 loop33 83 1 11992 234 0 0 0 0 0 124 124 0 0 0 0
   7     272 loop34 29 0 1368 15 0 0 0 0 0 76 0 0 0 0 0
   7     280 loop35 27 0 1840 19 0 0 0 0 0 56 0 0 0 0 0
   7     288 loop36 72 0 9048 123 0 0 0 0 0 140 44 0 0 0 0
   7     296 loop37 17 0 224 6 0 0 0 0 0 40 0 0 0 0 0
   7     304 loop38 131 1 10952 151 0 0 0 0 0 276 28 0 0 0 0
   7     312 loop39 221 5 19520 187 0 0 0 0 0 716 8 0 0 0 0
 253       8 dm-8 0 0 0 0 0 0 0 0 0 0 0 0 0 0 0
 253       9 dm-9 24 0 1328 24 0 0 0 0 0 76 24 0 0 0 0
 253      10 dm-10 114 0 10808 232 0 0 0 0 0 284 232 0 0 0 0
 253      11 dm-11 464 0 68672 1080 0 0 0 0 0 1108 1080 0 0 0 0
 253      12 dm-12 0 0 0 0 0 0 0 0 0 0 0 0 0 0 0
 253      13 dm-13 67 0 11856 460 0 0 0 0 0 132 460 0 0 0 0
 253      14 dm-14 0 0 0 0 0 0 0 0 0 0 0 0 0 0 0
 253      15 dm-15 22 0 1800 4 0 0 0 0 0 52 4 0 0 0 0
 253      16 dm-16 0 0 0 0 0 0 0 0 0 0 0 0 0 0 0
 253      17 dm-17 0 0 0 0 0 0 0 0 0 0 0 0 0 0 0
 253      18 dm-18 40 0 6472 48 0 0 0 0 0 112 48 0 0 0 0
 253      19 dm-19 69 0 9112 204 0 0 0 0 0 248 204 0 0 0 0
 253      20 dm-20 201 0 19320 508 0 0 0 0 0 768 508 0 0 0 0
 253      21 dm-21 16 0 464 8 0 0 0 0 0 52 8 0 0 0 0
 253      22 dm-22 16 0 392 88 0 0 0 0 0 68 88 0 0 0 0
 253      23 dm-23 0 0 0 0 0 0 0 0 0 0 0 0 0 0 0
 253      24 dm-24 15 0 208 4 0 0 0 0 0 36 4 0 0 0 0
 253      25 dm-25 5 0 40 8 0 0 0 0 0 20 8 0 0 0 0
 253      26 dm-26 10 0 80 16 0 0 0 0 0 32 16 0 0 0 0
 253      27 dm-27 0 0 0 0 0 0 0 0 0 0 0 0 0 0 0
 253      28 dm-28 29 0 1240 20 0 0 0 0 0 72 20 0 0 0 0
 253      29 dm-29 0 0 0 0 0 0 0 0 0 0 0 0 0 0 0
 253      30 dm-30 0 0 0 0 0 0 0 0 0 0 0 0 0 0 0
 253      31 dm-31 0 0 0 0 0 0 0 0 0 0 0 0 0 0 0
 253      32 dm-32 90 0 9256 212 0 0 0 0 0 392 212 0 0 0 0
 253      33 dm-33 0 0 0 0 0 0 0 0 0 0 0 0 0 0 0
 253      34 dm-34 23 0 2064 76 0 0 0 0 0 64 76 0 0 0 0
 253      35 dm-35 11 0 88 28 0 0 0 0 0 44 28 0 0 0 0
 253      36 dm-36 81 0 9152 140 0 0 0 0 0 216 140 0 0 0 0
 253      37 dm-37 0 0 0 0 0 0 0 0 0 0 0 0 0 0 0
 253      38 dm-38 20 0 1384 16 0 0 0 0 0 76 16 0 0 0 0
 253      39 dm-39 17 0 280 20 0 0 0 0 0 60 20 0 0 0 0
 253      40 dm-40 0 0 0 0 0 0 0 0 0 0 0 0 0 0 0
 253      41 dm-41 0 0 0 0 0 0 0 0 0 0 0 0 0 0 0
 253      42 dm-42 0 0 0 0 0 0 0 0 0 0 0 0 0 0 0
 253      43 dm-43 2715 0 175768 4396 544 0 6944 488 0 4188 4884 0 0 0 0

2217
   1       0 ram0 0 0 0 0 0 0 0 0 0 0 0 0 0 0 0
   1       1 ram1 0 0 0 0 0 0 0 0 0 0 0 0 0 0 0
   1       2 ram2 0 0 0 0 0 0 0 0 0 0 0 0 0 0 0
   1       3 ram3 0 0 0 0 0 0 0 0 0 0 0 0 0 0 0
   1       4 ram4 0 0 0 0 0 0 0 0 0 0 0 0 0 0 0
   1       5 ram5 0 0 0 0 0 0 0 0 0 0 0 0 0 0 0
   1       6 ram6 0 0 0 0 0 0 0 0 0 0 0 0 0 0 0
   1       7 ram7 0 0 0 0 0 0 0 0 0 0 0 0 0 0 0
   1       8 ram8 0 0 0 0 0 0 0 0 0 0 0 0 0 0 0
   1       9 ram9 0 0 0 0 0 0 0 0 0 0 0 0 0 0 0
   1      10 ram10 0 0 0 0 0 0 0 0 0 0 0 0 0 0 0
   1      11 ram11 0 0 0 0 0 0 0 0 0 0 0 0 0 0 0
   1      12 ram12 0 0 0 0 0 0 0 0 0 0 0 0 0 0 0
   1      13 ram13 0 0 0 0 0 0 0 0 0 0 0 0 0 0 0
   1      14 ram14 0 0 0 0 0 0 0 0 0 0 0 0 0 0 0
   1      15 ram15 0 0 0 0 0 0 0 0 0 0 0 0 0 0 0
   7       0 loop0 183 0 16168 352 0 0 0 0 0 344 116 0 0 0 0
   7       8 loop1 70 0 9008 122 0 0 0 0 0 136 32 0 0 0 0
   7      16 loop2 27 0 216 13 0 0 0 0 0 32 0 0 0 0 0
   7      24 loop3 12 0 296 8 0 0 0 0 0 32 0 0 0 0 0
   7      32 loop4 36 1 3040 29 0 0 0 0 0 56 0 0 0 0 0
   7      40 loop5 194 1 23984 297 0 0 0 0 0 408 60 0 0 0 0
   7      48 loop6 16 0 712 14 0 0 0 0 0 44 0 0 0 0 0
   7      56 loop7 26 0 1856 23 0 0 0 0 0 96 0 0 0 0 0
   7      64 loop8 25 0 1408 16 0 0 0 0 0 96 0 0 0 0 0
   7      72 loop9 734 6 74712 1830 0 0 0 0 0 2036 744 0 0 0 0
   7      80 loop10 24 0 192 17 0 0 0 0 0 28 0 0 0 0 0
   7      88 loop11 18 0 272 11 0 0 0 0 0 60 0 0 0 0 0
   7      96 loop12 547 3 69360 478 0 0 0 0 0 1032 16 0 0 0 0
   7     104 loop13 27 0 216 48 0 0 0 0 0 44 8 0 0 0 0
   7     112 loop14 12 0 240 7 0 0 0 0 0 36 0 0 0 0 0
   7     120 loop15 52 0 4752 144 0 0 0 0 0 220 76 0 0 0 0
 254       0 zram0 0 0 0 0 0 0 0 0 0 0 0 0 0 0 0
 179       0 mmcblk0 2020 1821 144350 1721 12 0 48 14 0 1592 376 0 0 0 0
 179       1 mmcblk0p1 0 0 0 0 0 0 0 0 0 0 0 0 0 0 0
 179       2 mmcblk0p2 0 0 0 0 0 0 0 0 0 0 0 0 0 0 0
 179       3 mmcblk0p3 0 0 0 0 0 0 0 0 0 0 0 0 0 0 0
 179       4 mmcblk0p4 16 0 146 3 1 0 8 0 0 12 0 0 0 0 0
 179       5 mmcblk0p5 0 0 0 0 0 0 0 0 0 0 0 0 0 0 0
 179       6 mmcblk0p6 0 0 0 0 0 0 0 0 0 0 0 0 0 0 0
 179       7 mmcblk0p7 0 0 0 0 0 0 0 0 0 0 0 0 0 0 0
 179       8 mmcblk0p8 0 0 0 0 0 0 0 0 0 0 0 0 0 0 0
 179       9 mmcblk0p9 0 0 0 0 0 0 0 0 0 0 0 0 0 0 0
 179      10 mmcblk0p10 0 0 0 0 0 0 0 0 0 0 0 0 0 0 0
 179      11 mmcblk0p11 0 0 0 0 0 0 0 0 0 0 0 0 0 0 0
 179      12 mmcblk0p12 0 0 0 0 0 0 0 0 0 0 0 0 0 0 0
 179      13 mmcblk0p13 0 0 0 0 0 0 0 0 0 0 0 0 0 0 0
 179      14 mmcblk0p14 0 0 0 0 0 0 0 0 0 0 0 0 0 0 0
 179      15 mmcblk0p15 0 0 0 0 0 0 0 0 0 0 0 0 0 0 0
 179      16 mmcblk0p16 0 0 0 0 0 0 0 0 0 0 0 0 0 0 0
 179      17 mmcblk0p17 0 0 0 0 0 0 0 0 0 0 0 0 0 0 0
 179      18 mmcblk0p18 0 0 0 0 0 0 0 0 0 0 0 0 0 0 0
 179      19 mmcblk0p19 0 0 0 0 0 0 0 0 0 0 0 0 0 0 0
 179      20 mmcblk0p20 0 0 0 0 0 0 0 0 0 0 0 0 0 0 0
 179      21 mmcblk0p21 54 57 111 17 0 0 0 0 0 28 0 0 0 0 0
 179      22 mmcblk0p22 0 0 0 0 0 0 0 0 0 0 0 0 0 0 0
 179      23 mmcblk0p23 33 6 330 14 0 0 0 0 0 12 0 0 0 0 0
 179      24 mmcblk0p24 0 0 0 0 0 0 0 0 0 0 0 0 0 0 0
 179      25 mmcblk0p25 0 0 0 0 0 0 0 0 0 0 0 0 0 0 0
 179      26 mmcblk0p26 0 0 0 0 0 0 0 0 0 0 0 0 0 0 0
 179      27 mmcblk0p27 0 0 0 0 0 0 0 0 0 0 0 0 0 0 0
 179      28 mmcblk0p28 0 0 0 0 0 0 0 0 0 0 0 0 0 0 0
 179      29 mmcblk0p29 0 0 0 0 0 0 0 0 0 0 0 0 0 0 0
 179      30 mmcblk0p30 0 0 0 0 0 0 0 0 0 0 0 0 0 0 0
 179      31 mmcblk0p31 0 0 0 0 0 0 0 0 0 0 0 0 0 0 0
 259       0 mmcblk0p32 9 0 65 1 0 0 0 0 0 12 0 0 0 0 0
 259       1 mmcblk0p33 0 0 0 0 0 0 0 0 0 0 0 0 0 0 0
 259       2 mmcblk0p34 0 0 0 0 0 0 0 0 0 0 0 0 0 0 0
 259       3 mmcblk0p35 0 0 0 0 0 0 0 0 0 0 0 0 0 0 0
 259       4 mmcblk0p36 0 0 0 0 0 0 0 0 0 0 0 0 0 0 0
 259       5 mmcblk0p37 0 0 0 0 0 0 0 0 0 0 0 0 0 0 0
 259       6 mmcblk0p38 0 0 0 0 0 0 0 0 0 0 0 0 0 0 0
 259       7 mmcblk0p39 0 0 0 0 0 0 0 0 0 0 0 0 0 0 0
 259       8 mmcblk0p40 0 0 0 0 0 0 0 0 0 0 0 0 0 0 0
 259       9 mmcblk0p41 0 0 0 0 0 0 0 0 0 0 0 0 0 0 0
 259      10 mmcblk0p42 0 0 0 0 0 0 0 0 0 0 0 0 0 0 0
 259      11 mmcblk0p43 0 0 0 0 0 0 0 0 0 0 0 0 0 0 0
 259      12 mmcblk0p44 0 0 0 0 0 0 0 0 0 0 0 0 0 0 0
 259      13 mmcblk0p45 0 0 0 0 0 0 0 0 0 0 0 0 0 0 0
 259      14 mmcblk0p46 0 0 0 0 0 0 0 0 0 0 0 0 0 0 0
 259      15 mmcblk0p47 0 0 0 0 0 0 0 0 0 0 0 0 0 0 0
 259      16 mmcblk0p48 0 0 0 0 0 0 0 0 0 0 0 0 0 0 0
 259      17 mmcblk0p49 0 0 0 0 0 0 0 0 0 0 0 0 0 0 0
 259      18 mmcblk0p50 0 0 0 0 0 0 0 0 0 0 0 0 0 0 0
 259      19 mmcblk0p51 0 0 0 0 0 0 0 0 0 0 0 0 0 0 0
 259      20 mmcblk0p52 0 0 0 0 0 0 0 0 0 0 0 0 0 0 0
 259      21 mmcblk0p53 0 0 0 0 0 0 0 0 0 0 0 0 0 0 0
 259      22 mmcblk0p54 0 0 0 0 0 0 0 0 0 0 0 0 0 0 0
 259      23 mmcblk0p55 0 0 0 0 0 0 0 0 0 0 0 0 0 0 0
 259      24 mmcblk0p56 0 0 0 0 0 0 0 0 0 0 0 0 0 0 0
 259      25 mmcblk0p57 0 0 0 0 0 0 0 0 0 0 0 0 0 0 0
 259      26 mmcblk0p58 0 0 0 0 0 0 0 0 0 0 0 0 0 0 0
 259      27 mmcblk0p59 0 0 0 0 0 0 0 0 0 0 0 0 0 0 0
 259      28 mmcblk0p60 0 0 0 0 0 0 0 0 0 0 0 0 0 0 0
 259      29 mmcblk0p61 0 0 0 0 0 0 0 0 0 0 0 0 0 0 0
 259      30 mmcblk0p62 0 0 0 0 0 0 0 0 0 0 0 0 0 0 0
 259      31 mmcblk0p63 0 0 0 0 0 0 0 0 0 0 0 0 0 0 0
 259      32 mmcblk0p64 0 0 0 0 0 0 0 0 0 0 0 0 0 0 0
 259      33 mmcblk0p65 0 0 0 0 0 0 0 0 0 0 0 0 0 0 0
 259      34 mmcblk0p66 0 0 0 0 0 0 0 0 0 0 0 0 0 0 0
 259      35 mmcblk0p67 1851 1758 140712 1643 0 0 0 0 0 1520 360 0 0 0 0
 259      36 mmcblk0p68 1 0 128 1 0 0 0 0 0 4 0 0 0 0 0
 259      37 mmcblk0p69 0 0 0 0 0 0 0 0 0 0 0 0 0 0 0
 259      38 mmcblk0p70 0 0 0 0 0 0 0 0 0 0 0 0 0 0 0
 259      39 mmcblk0p71 0 0 0 0 0 0 0 0 0 0 0 0 0 0 0
 259      40 mmcblk0p72 47 0 2666 36 5 0 40 12 0 64 16 0 0 0 0
 259      41 mmcblk0p73 1 0 128 1 0 0 0 0 0 4 0 0 0 0 0
 259      42 mmcblk0p74 0 0 0 0 0 0 0 0 0 0 0 0 0 0 0
 259      43 mmcblk0p75 0 0 0 0 0 0 0 0 0 0 0 0 0 0 0
 259      44 mmcblk0p76 0 0 0 0 0 0 0 0 0 0 0 0 0 0 0
 259      45 mmcblk0p77 0 0 0 0 0 0 0 0 0 0 0 0 0 0 0
 259      46 mmcblk0p78 0 0 0 0 0 0 0 0 0 0 0 0 0 0 0
 259      47 mmcblk0p79 0 0 0 0 0 0 0 0 0 0 0 0 0 0 0
 259      48 mmcblk0p80 0 0 0 0 0 0 0 0 0 0 0 0 0 0 0
 253       0 dm-0 244 0 2656 388 0 0 0 0 0 212 388 0 0 0 0
 253       1 dm-1 6096 0 819072 13976 0 0 0 0 0 7180 13976 0 0 0 0
 253       2 dm-2 1690 0 113960 1812 0 0 0 0 0 2768 1812 0 0 0 0
 253       3 dm-3 3343 0 405760 6320 0 0 0 0 0 5460 6320 0 0 0 0
 253       4 dm-4 4599 0 807096 19180 0 0 0 0 0 7416 19180 0 0 0 0
 253       5 dm-5 1336 0 111128 2660 0 0 0 0 0 2936 2660 0 0 0 0
 253       6 dm-6 2595 0 399776 9656 0 0 0 0 0 5760 9656 0 0 0 0
 253       7 dm-7 112 0 1600 96 0 0 0 0 0 216 96 0 0 0 0
   7     128 loop16 12 0 144 16 0 0 0 0 0 44 8 0 0 0 0
   7     136 loop17 27 0 216 27 0 0 0 0 0 32 0 0 0 0 0
   7     144 loop18 12 0 120 14 0 0 0 0 0 40 4 0 0 0 0
   7     152 loop19 24 0 192 26 0 0 0 0 0 28 0 0 0 0 0
   7     160 loop20 21 0 312 14 0 0 0 0 0 60 4 0 0 0 0
   7     168 loop21 24 0 1416 15 0 0 0 0 0 72 0 0 0 0 0
   7     176 loop22 15 0 120 7 0 0 0 0 0 48 0 0 0 0 0
   7     184 loop23 94 0 9256 73 0 0 0 0 0 212 0 0 0 0 0
   7     192 loop24 28 1 2112 30 0 0 0 0 0 64 4 0 0 0 0
   7     200 loop25 34 0 1280 15 0 0 0 0 0 76 0 0 0 0 0
   7     208 loop26 14 0 112 6 0 0 0 0 0 32 0 0 0 0 0
   7     216 loop27 9 0 72 4 0 0 0 0 0 20 0 0 0 0 0
   7     224 loop28 18 0 408 8 0 0 0 0 0 64 0 0 0 0 0
   7     232 loop29 85 0 9240 84 0 0 0 0 0 248 0 0 0 0 0
   7     240 loop30 21 0 504 11 0 0 0 0 0 56 0 0 0 0 0
   7     248 loop31 103 1 9368 95 0 0 0 0 0 360 8 0 0 0 0
   7     256 loop32 51 0 6560 51 0 0 0 0 0 120 4 0 0 0 0
   7     264 loop33 83 1 11992 234 0 0 0 0 0 124 124 0 0 0 0
   7     272 loop34 29 0 1368 15 0 0 0 0 0 76 0 0 0 0 0
   7     280 loop35 27 0 1840 19 0 0 0 0 0 56 0 0 0 0 0
   7     288 loop36 72 0 9048 123 0 0 0 0 0 140 44 0 0 0 0
   7     296 loop37 17 0 224 6 0 0 0 0 0 40 0 0 0 0 0
   7     304 loop38 131 1 10952 151 0 0 0 0 0 276 28 0 0 0 0
   7     312 loop39 221 5 19520 187 0 0 0 0 0 716 8 0 0 0 0
 253       8 dm-8 0 0 0 0 0 0 0 0 0 0 0 0 0 0 0
 253       9 dm-9 24 0 1328 24 0 0 0 0 0 76 24 0 0 0 0
 253      10 dm-10 114 0 10808 232 0 0 0 0 0 284 232 0 0 0 0
 253      11 dm-11 464 0 68672 1080 0 0 0 0 0 1108 1080 0 0 0 0
 253      12 dm-12 0 0 0 0 0 0 0 0 0 0 0 0 0 0 0
 253      13 dm-13 67 0 11856 460 0 0 0 0 0 132 460 0 0 0 0
 253      14 dm-14 0 0 0 0 0 0 0 0 0 0 0 0 0 0 0
 253      15 dm-15 22 0 1800 4 0 0 0 0 0 52 4 0 0 0 0
 253      16 dm-16 0 0 0 0 0 0 0 0 0 0 0 0 0 0 0
 253      17 dm-17 0 0 0 0 0 0 0 0 0 0 0 0 0 0 0
 253      18 dm-18 40 0 6472 48 0 0 0 0 0 112 48 0 0 0 0
 253      19 dm-19 69 0 9112 204 0 0 0 0 0 248 204 0 0 0 0
 253      20 dm-20 201 0 19320 508 0 0 0 0 0 768 508 0 0 0 0
 253      21 dm-21 16 0 464 8 0 0 0 0 0 52 8 0 0 0 0
 253      22 dm-22 16 0 392 88 0 0 0 0 0 68 88 0 0 0 0
 253      23 dm-23 0 0 0 0 0 0 0 0 0 0 0 0 0 0 0
 253      24 dm-24 15 0 208 4 0 0 0 0 0 36 4 0 0 0 0
 253      25 dm-25 5 0 40 8 0 0 0 0 0 20 8 0 0 0 0
 253      26 dm-26 10 0 80 16 0 0 0 0 0 32 16 0 0 0 0
 253      27 dm-27 0 0 0 0 0 0 0 0 0 0 0 0 0 0 0
 253      28 dm-28 29 0 1240 20 0 0 0 0 0 72 20 0 0 0 0
 253      29 dm-29 0 0 0 0 0 0 0 0 0 0 0 0 0 0 0
 253      30 dm-30 0 0 0 0 0 0 0 0 0 0 0 0 0 0 0
 253      31 dm-31 0 0 0 0 0 0 0 0 0 0 0 0 0 0 0
 253      32 dm-32 90 0 9256 212 0 0 0 0 0 392 212 0 0 0 0
 253      33 dm-33 0 0 0 0 0 0 0 0 0 0 0 0 0 0 0
 253      34 dm-34 23 0 2064 76 0 0 0 0 0 64 76 0 0 0 0
 253      35 dm-35 11 0 88 28 0 0 0 0 0 44 28 0 0 0 0
 253      36 dm-36 81 0 9152 140 0 0 0 0 0 216 140 0 0 0 0
 253      37 dm-37 0 0 0 0 0 0 0 0 0 0 0 0 0 0 0
 253      38 dm-38 20 0 1384 16 0 0 0 0 0 76 16 0 0 0 0
 253      39 dm-39 17 0 280 20 0 0 0 0 0 60 20 0 0 0 0
 253      40 dm-40 0 0 0 0 0 0 0 0 0 0 0 0 0 0 0
 253      41 dm-41 0 0 0 0 0 0 0 0 0 0 0 0 0 0 0
 253      42 dm-42 0 0 0 0 0 0 0 0 0 0 0 0 0 0 0
 253      43 dm-43 2715 0 175768 4396 544 0 6944 488 0 4188 4884 0 0 0 0

2247
   1       0 ram0 0 0 0 0 0 0 0 0 0 0 0 0 0 0 0
   1       1 ram1 0 0 0 0 0 0 0 0 0 0 0 0 0 0 0
   1       2 ram2 0 0 0 0 0 0 0 0 0 0 0 0 0 0 0
   1       3 ram3 0 0 0 0 0 0 0 0 0 0 0 0 0 0 0
   1       4 ram4 0 0 0 0 0 0 0 0 0 0 0 0 0 0 0
   1       5 ram5 0 0 0 0 0 0 0 0 0 0 0 0 0 0 0
   1       6 ram6 0 0 0 0 0 0 0 0 0 0 0 0 0 0 0
   1       7 ram7 0 0 0 0 0 0 0 0 0 0 0 0 0 0 0
   1       8 ram8 0 0 0 0 0 0 0 0 0 0 0 0 0 0 0
   1       9 ram9 0 0 0 0 0 0 0 0 0 0 0 0 0 0 0
   1      10 ram10 0 0 0 0 0 0 0 0 0 0 0 0 0 0 0
   1      11 ram11 0 0 0 0 0 0 0 0 0 0 0 0 0 0 0
   1      12 ram12 0 0 0 0 0 0 0 0 0 0 0 0 0 0 0
   1      13 ram13 0 0 0 0 0 0 0 0 0 0 0 0 0 0 0
   1      14 ram14 0 0 0 0 0 0 0 0 0 0 0 0 0 0 0
   1      15 ram15 0 0 0 0 0 0 0 0 0 0 0 0 0 0 0
   7       0 loop0 183 0 16168 352 0 0 0 0 0 344 116 0 0 0 0
   7       8 loop1 70 0 9008 122 0 0 0 0 0 136 32 0 0 0 0
   7      16 loop2 27 0 216 13 0 0 0 0 0 32 0 0 0 0 0
   7      24 loop3 12 0 296 8 0 0 0 0 0 32 0 0 0 0 0
   7      32 loop4 36 1 3040 29 0 0 0 0 0 56 0 0 0 0 0
   7      40 loop5 194 1 23984 297 0 0 0 0 0 408 60 0 0 0 0
   7      48 loop6 16 0 712 14 0 0 0 0 0 44 0 0 0 0 0
   7      56 loop7 26 0 1856 23 0 0 0 0 0 96 0 0 0 0 0
   7      64 loop8 25 0 1408 16 0 0 0 0 0 96 0 0 0 0 0
   7      72 loop9 734 6 74712 1830 0 0 0 0 0 2036 744 0 0 0 0
   7      80 loop10 24 0 192 17 0 0 0 0 0 28 0 0 0 0 0
   7      88 loop11 18 0 272 11 0 0 0 0 0 60 0 0 0 0 0
   7      96 loop12 548 3 69384 482 0 0 0 0 0 1040 16 0 0 0 0
   7     104 loop13 27 0 216 48 0 0 0 0 0 44 8 0 0 0 0
   7     112 loop14 12 0 240 7 0 0 0 0 0 36 0 0 0 0 0
   7     120 loop15 52 0 4752 144 0 0 0 0 0 220 76 0 0 0 0
 254       0 zram0 0 0 0 0 0 0 0 0 0 0 0 0 0 0 0
 179       0 mmcblk0 2020 1821 144350 1721 12 0 48 14 0 1592 376 0 0 0 0
 179       1 mmcblk0p1 0 0 0 0 0 0 0 0 0 0 0 0 0 0 0
 179       2 mmcblk0p2 0 0 0 0 0 0 0 0 0 0 0 0 0 0 0
 179       3 mmcblk0p3 0 0 0 0 0 0 0 0 0 0 0 0 0 0 0
 179       4 mmcblk0p4 16 0 146 3 1 0 8 0 0 12 0 0 0 0 0
 179       5 mmcblk0p5 0 0 0 0 0 0 0 0 0 0 0 0 0 0 0
 179       6 mmcblk0p6 0 0 0 0 0 0 0 0 0 0 0 0 0 0 0
 179       7 mmcblk0p7 0 0 0 0 0 0 0 0 0 0 0 0 0 0 0
 179       8 mmcblk0p8 0 0 0 0 0 0 0 0 0 0 0 0 0 0 0
 179       9 mmcblk0p9 0 0 0 0 0 0 0 0 0 0 0 0 0 0 0
 179      10 mmcblk0p10 0 0 0 0 0 0 0 0 0 0 0 0 0 0 0
 179      11 mmcblk0p11 0 0 0 0 0 0 0 0 0 0 0 0 0 0 0
 179      12 mmcblk0p12 0 0 0 0 0 0 0 0 0 0 0 0 0 0 0
 179      13 mmcblk0p13 0 0 0 0 0 0 0 0 0 0 0 0 0 0 0
 179      14 mmcblk0p14 0 0 0 0 0 0 0 0 0 0 0 0 0 0 0
 179      15 mmcblk0p15 0 0 0 0 0 0 0 0 0 0 0 0 0 0 0
 179      16 mmcblk0p16 0 0 0 0 0 0 0 0 0 0 0 0 0 0 0
 179      17 mmcblk0p17 0 0 0 0 0 0 0 0 0 0 0 0 0 0 0
 179      18 mmcblk0p18 0 0 0 0 0 0 0 0 0 0 0 0 0 0 0
 179      19 mmcblk0p19 0 0 0 0 0 0 0 0 0 0 0 0 0 0 0
 179      20 mmcblk0p20 0 0 0 0 0 0 0 0 0 0 0 0 0 0 0
 179      21 mmcblk0p21 54 57 111 17 0 0 0 0 0 28 0 0 0 0 0
 179      22 mmcblk0p22 0 0 0 0 0 0 0 0 0 0 0 0 0 0 0
 179      23 mmcblk0p23 33 6 330 14 0 0 0 0 0 12 0 0 0 0 0
 179      24 mmcblk0p24 0 0 0 0 0 0 0 0 0 0 0 0 0 0 0
 179      25 mmcblk0p25 0 0 0 0 0 0 0 0 0 0 0 0 0 0 0
 179      26 mmcblk0p26 0 0 0 0 0 0 0 0 0 0 0 0 0 0 0
 179      27 mmcblk0p27 0 0 0 0 0 0 0 0 0 0 0 0 0 0 0
 179      28 mmcblk0p28 0 0 0 0 0 0 0 0 0 0 0 0 0 0 0
 179      29 mmcblk0p29 0 0 0 0 0 0 0 0 0 0 0 0 0 0 0
 179      30 mmcblk0p30 0 0 0 0 0 0 0 0 0 0 0 0 0 0 0
 179      31 mmcblk0p31 0 0 0 0 0 0 0 0 0 0 0 0 0 0 0
 259       0 mmcblk0p32 9 0 65 1 0 0 0 0 0 12 0 0 0 0 0
 259       1 mmcblk0p33 0 0 0 0 0 0 0 0 0 0 0 0 0 0 0
 259       2 mmcblk0p34 0 0 0 0 0 0 0 0 0 0 0 0 0 0 0
 259       3 mmcblk0p35 0 0 0 0 0 0 0 0 0 0 0 0 0 0 0
 259       4 mmcblk0p36 0 0 0 0 0 0 0 0 0 0 0 0 0 0 0
 259       5 mmcblk0p37 0 0 0 0 0 0 0 0 0 0 0 0 0 0 0
 259       6 mmcblk0p38 0 0 0 0 0 0 0 0 0 0 0 0 0 0 0
 259       7 mmcblk0p39 0 0 0 0 0 0 0 0 0 0 0 0 0 0 0
 259       8 mmcblk0p40 0 0 0 0 0 0 0 0 0 0 0 0 0 0 0
 259       9 mmcblk0p41 0 0 0 0 0 0 0 0 0 0 0 0 0 0 0
 259      10 mmcblk0p42 0 0 0 0 0 0 0 0 0 0 0 0 0 0 0
 259      11 mmcblk0p43 0 0 0 0 0 0 0 0 0 0 0 0 0 0 0
 259      12 mmcblk0p44 0 0 0 0 0 0 0 0 0 0 0 0 0 0 0
 259      13 mmcblk0p45 0 0 0 0 0 0 0 0 0 0 0 0 0 0 0
 259      14 mmcblk0p46 0 0 0 0 0 0 0 0 0 0 0 0 0 0 0
 259      15 mmcblk0p47 0 0 0 0 0 0 0 0 0 0 0 0 0 0 0
 259      16 mmcblk0p48 0 0 0 0 0 0 0 0 0 0 0 0 0 0 0
 259      17 mmcblk0p49 0 0 0 0 0 0 0 0 0 0 0 0 0 0 0
 259      18 mmcblk0p50 0 0 0 0 0 0 0 0 0 0 0 0 0 0 0
 259      19 mmcblk0p51 0 0 0 0 0 0 0 0 0 0 0 0 0 0 0
 259      20 mmcblk0p52 0 0 0 0 0 0 0 0 0 0 0 0 0 0 0
 259      21 mmcblk0p53 0 0 0 0 0 0 0 0 0 0 0 0 0 0 0
 259      22 mmcblk0p54 0 0 0 0 0 0 0 0 0 0 0 0 0 0 0
 259      23 mmcblk0p55 0 0 0 0 0 0 0 0 0 0 0 0 0 0 0
 259      24 mmcblk0p56 0 0 0 0 0 0 0 0 0 0 0 0 0 0 0
 259      25 mmcblk0p57 0 0 0 0 0 0 0 0 0 0 0 0 0 0 0
 259      26 mmcblk0p58 0 0 0 0 0 0 0 0 0 0 0 0 0 0 0
 259      27 mmcblk0p59 0 0 0 0 0 0 0 0 0 0 0 0 0 0 0
 259      28 mmcblk0p60 0 0 0 0 0 0 0 0 0 0 0 0 0 0 0
 259      29 mmcblk0p61 0 0 0 0 0 0 0 0 0 0 0 0 0 0 0
 259      30 mmcblk0p62 0 0 0 0 0 0 0 0 0 0 0 0 0 0 0
 259      31 mmcblk0p63 0 0 0 0 0 0 0 0 0 0 0 0 0 0 0
 259      32 mmcblk0p64 0 0 0 0 0 0 0 0 0 0 0 0 0 0 0
 259      33 mmcblk0p65 0 0 0 0 0 0 0 0 0 0 0 0 0 0 0
 259      34 mmcblk0p66 0 0 0 0 0 0 0 0 0 0 0 0 0 0 0
 259      35 mmcblk0p67 1851 1758 140712 1643 0 0 0 0 0 1520 360 0 0 0 0
 259      36 mmcblk0p68 1 0 128 1 0 0 0 0 0 4 0 0 0 0 0
 259      37 mmcblk0p69 0 0 0 0 0 0 0 0 0 0 0 0 0 0 0
 259      38 mmcblk0p70 0 0 0 0 0 0 0 0 0 0 0 0 0 0 0
 259      39 mmcblk0p71 0 0 0 0 0 0 0 0 0 0 0 0 0 0 0
 259      40 mmcblk0p72 47 0 2666 36 5 0 40 12 0 64 16 0 0 0 0
 259      41 mmcblk0p73 1 0 128 1 0 0 0 0 0 4 0 0 0 0 0
 259      42 mmcblk0p74 0 0 0 0 0 0 0 0 0 0 0 0 0 0 0
 259      43 mmcblk0p75 0 0 0 0 0 0 0 0 0 0 0 0 0 0 0
 259      44 mmcblk0p76 0 0 0 0 0 0 0 0 0 0 0 0 0 0 0
 259      45 mmcblk0p77 0 0 0 0 0 0 0 0 0 0 0 0 0 0 0
 259      46 mmcblk0p78 0 0 0 0 0 0 0 0 0 0 0 0 0 0 0
 259      47 mmcblk0p79 0 0 0 0 0 0 0 0 0 0 0 0 0 0 0
 259      48 mmcblk0p80 0 0 0 0 0 0 0 0 0 0 0 0 0 0 0
 253       0 dm-0 244 0 2656 388 0 0 0 0 0 212 388 0 0 0 0
 253       1 dm-1 6134 0 829072 14128 0 0 0 0 4 7252 14128 0 0 0 0
 253       2 dm-2 1690 0 113960 1812 0 0 0 0 0 2768 1812 0 0 0 0
 253       3 dm-3 3347 0 405808 6320 0 0 0 0 0 5468 6320 0 0 0 0
 253       4 dm-4 4633 0 817064 19352 0 0 0 0 4 7484 19352 0 0 0 0
 253       5 dm-5 1336 0 111128 2660 0 0 0 0 0 2936 2660 0 0 0 0
 253       6 dm-6 2599 0 399824 9656 0 0 0 0 0 5768 9656 0 0 0 0
 253       7 dm-7 112 0 1600 96 0 0 0 0 0 216 96 0 0 0 0
   7     128 loop16 12 0 144 16 0 0 0 0 0 44 8 0 0 0 0
   7     136 loop17 27 0 216 27 0 0 0 0 0 32 0 0 0 0 0
   7     144 loop18 12 0 120 14 0 0 0 0 0 40 4 0 0 0 0
   7     152 loop19 24 0 192 26 0 0 0 0 0 28 0 0 0 0 0
   7     160 loop20 21 0 312 14 0 0 0 0 0 60 4 0 0 0 0
   7     168 loop21 24 0 1416 15 0 0 0 0 0 72 0 0 0 0 0
   7     176 loop22 15 0 120 7 0 0 0 0 0 48 0 0 0 0 0
   7     184 loop23 94 0 9256 73 0 0 0 0 0 212 0 0 0 0 0
   7     192 loop24 28 1 2112 30 0 0 0 0 0 64 4 0 0 0 0
   7     200 loop25 34 0 1280 15 0 0 0 0 0 76 0 0 0 0 0
   7     208 loop26 14 0 112 6 0 0 0 0 0 32 0 0 0 0 0
   7     216 loop27 9 0 72 4 0 0 0 0 0 20 0 0 0 0 0
   7     224 loop28 18 0 408 8 0 0 0 0 0 64 0 0 0 0 0
   7     232 loop29 85 0 9240 84 0 0 0 0 0 248 0 0 0 0 0
   7     240 loop30 21 0 504 11 0 0 0 0 0 56 0 0 0 0 0
   7     248 loop31 103 1 9368 95 0 0 0 0 0 360 8 0 0 0 0
   7     256 loop32 51 0 6560 51 0 0 0 0 0 120 4 0 0 0 0
   7     264 loop33 83 1 11992 234 0 0 0 0 0 124 124 0 0 0 0
   7     272 loop34 29 0 1368 15 0 0 0 0 0 76 0 0 0 0 0
   7     280 loop35 27 0 1840 19 0 0 0 0 0 56 0 0 0 0 0
   7     288 loop36 72 0 9048 123 0 0 0 0 0 140 44 0 0 0 0
   7     296 loop37 17 0 224 6 0 0 0 0 0 40 0 0 0 0 0
   7     304 loop38 131 1 10952 151 0 0 0 0 0 276 28 0 0 0 0
   7     312 loop39 221 5 19520 187 0 0 0 0 0 716 8 0 0 0 0
 253       8 dm-8 0 0 0 0 0 0 0 0 0 0 0 0 0 0 0
 253       9 dm-9 24 0 1328 24 0 0 0 0 0 76 24 0 0 0 0
 253      10 dm-10 114 0 10808 232 0 0 0 0 0 284 232 0 0 0 0
 253      11 dm-11 465 0 68696 1084 0 0 0 0 0 1116 1084 0 0 0 0
 253      12 dm-12 0 0 0 0 0 0 0 0 0 0 0 0 0 0 0
 253      13 dm-13 67 0 11856 460 0 0 0 0 0 132 460 0 0 0 0
 253      14 dm-14 0 0 0 0 0 0 0 0 0 0 0 0 0 0 0
 253      15 dm-15 22 0 1800 4 0 0 0 0 0 52 4 0 0 0 0
 253      16 dm-16 0 0 0 0 0 0 0 0 0 0 0 0 0 0 0
 253      17 dm-17 0 0 0 0 0 0 0 0 0 0 0 0 0 0 0
 253      18 dm-18 40 0 6472 48 0 0 0 0 0 112 48 0 0 0 0
 253      19 dm-19 69 0 9112 204 0 0 0 0 0 248 204 0 0 0 0
 253      20 dm-20 201 0 19320 508 0 0 0 0 0 768 508 0 0 0 0
 253      21 dm-21 16 0 464 8 0 0 0 0 0 52 8 0 0 0 0
 253      22 dm-22 16 0 392 88 0 0 0 0 0 68 88 0 0 0 0
 253      23 dm-23 0 0 0 0 0 0 0 0 0 0 0 0 0 0 0
 253      24 dm-24 15 0 208 4 0 0 0 0 0 36 4 0 0 0 0
 253      25 dm-25 5 0 40 8 0 0 0 0 0 20 8 0 0 0 0
 253      26 dm-26 10 0 80 16 0 0 0 0 0 32 16 0 0 0 0
 253      27 dm-27 0 0 0 0 0 0 0 0 0 0 0 0 0 0 0
 253      28 dm-28 29 0 1240 20 0 0 0 0 0 72 20 0 0 0 0
 253      29 dm-29 0 0 0 0 0 0 0 0 0 0 0 0 0 0 0
 253      30 dm-30 0 0 0 0 0 0 0 0 0 0 0 0 0 0 0
 253      31 dm-31 0 0 0 0 0 0 0 0 0 0 0 0 0 0 0
 253      32 dm-32 90 0 9256 212 0 0 0 0 0 392 212 0 0 0 0
 253      33 dm-33 0 0 0 0 0 0 0 0 0 0 0 0 0 0 0
 253      34 dm-34 23 0 2064 76 0 0 0 0 0 64 76 0 0 0 0
 253      35 dm-35 11 0 88 28 0 0 0 0 0 44 28 0 0 0 0
 253      36 dm-36 81 0 9152 140 0 0 0 0 0 216 140 0 0 0 0
 253      37 dm-37 0 0 0 0 0 0 0 0 0 0 0 0 0 0 0
 253      38 dm-38 20 0 1384 16 0 0 0 0 0 76 16 0 0 0 0
 253      39 dm-39 17 0 280 20 0 0 0 0 0 60 20 0 0 0 0
 253      40 dm-40 0 0 0 0 0 0 0 0 0 0 0 0 0 0 0
 253      41 dm-41 0 0 0 0 0 0 0 0 0 0 0 0 0 0 0
 253      42 dm-42 0 0 0 0 0 0 0 0 0 0 0 0 0 0 0
 253      43 dm-43 2716 0 175792 4400 570 0 7560 512 0 4216 4912 0 0 0 0

2273
   1       0 ram0 0 0 0 0 0 0 0 0 0 0 0 0 0 0 0
   1       1 ram1 0 0 0 0 0 0 0 0 0 0 0 0 0 0 0
   1       2 ram2 0 0 0 0 0 0 0 0 0 0 0 0 0 0 0
   1       3 ram3 0 0 0 0 0 0 0 0 0 0 0 0 0 0 0
   1       4 ram4 0 0 0 0 0 0 0 0 0 0 0 0 0 0 0
   1       5 ram5 0 0 0 0 0 0 0 0 0 0 0 0 0 0 0
   1       6 ram6 0 0 0 0 0 0 0 0 0 0 0 0 0 0 0
   1       7 ram7 0 0 0 0 0 0 0 0 0 0 0 0 0 0 0
   1       8 ram8 0 0 0 0 0 0 0 0 0 0 0 0 0 0 0
   1       9 ram9 0 0 0 0 0 0 0 0 0 0 0 0 0 0 0
   1      10 ram10 0 0 0 0 0 0 0 0 0 0 0 0 0 0 0
   1      11 ram11 0 0 0 0 0 0 0 0 0 0 0 0 0 0 0
   1      12 ram12 0 0 0 0 0 0 0 0 0 0 0 0 0 0 0
   1      13 ram13 0 0 0 0 0 0 0 0 0 0 0 0 0 0 0
   1      14 ram14 0 0 0 0 0 0 0 0 0 0 0 0 0 0 0
   1      15 ram15 0 0 0 0 0 0 0 0 0 0 0 0 0 0 0
   7       0 loop0 183 0 16168 352 0 0 0 0 0 344 116 0 0 0 0
   7       8 loop1 70 0 9008 122 0 0 0 0 0 136 32 0 0 0 0
   7      16 loop2 27 0 216 13 0 0 0 0 0 32 0 0 0 0 0
   7      24 loop3 12 0 296 8 0 0 0 0 0 32 0 0 0 0 0
   7      32 loop4 36 1 3040 29 0 0 0 0 0 56 0 0 0 0 0
   7      40 loop5 194 1 23984 297 0 0 0 0 0 408 60 0 0 0 0
   7      48 loop6 16 0 712 14 0 0 0 0 0 44 0 0 0 0 0
   7      56 loop7 26 0 1856 23 0 0 0 0 0 96 0 0 0 0 0
   7      64 loop8 25 0 1408 16 0 0 0 0 0 96 0 0 0 0 0
   7      72 loop9 734 6 74712 1830 0 0 0 0 0 2036 744 0 0 0 0
   7      80 loop10 24 0 192 17 0 0 0 0 0 28 0 0 0 0 0
   7      88 loop11 18 0 272 11 0 0 0 0 0 60 0 0 0 0 0
   7      96 loop12 548 3 69384 482 0 0 0 0 0 1040 16 0 0 0 0
   7     104 loop13 27 0 216 48 0 0 0 0 0 44 8 0 0 0 0
   7     112 loop14 12 0 240 7 0 0 0 0 0 36 0 0 0 0 0
   7     120 loop15 52 0 4752 144 0 0 0 0 0 220 76 0 0 0 0
 254       0 zram0 0 0 0 0 0 0 0 0 0 0 0 0 0 0 0
 179       0 mmcblk0 2020 1821 144350 1721 12 0 48 14 0 1592 376 0 0 0 0
 179       1 mmcblk0p1 0 0 0 0 0 0 0 0 0 0 0 0 0 0 0
 179       2 mmcblk0p2 0 0 0 0 0 0 0 0 0 0 0 0 0 0 0
 179       3 mmcblk0p3 0 0 0 0 0 0 0 0 0 0 0 0 0 0 0
 179       4 mmcblk0p4 16 0 146 3 1 0 8 0 0 12 0 0 0 0 0
 179       5 mmcblk0p5 0 0 0 0 0 0 0 0 0 0 0 0 0 0 0
 179       6 mmcblk0p6 0 0 0 0 0 0 0 0 0 0 0 0 0 0 0
 179       7 mmcblk0p7 0 0 0 0 0 0 0 0 0 0 0 0 0 0 0
 179       8 mmcblk0p8 0 0 0 0 0 0 0 0 0 0 0 0 0 0 0
 179       9 mmcblk0p9 0 0 0 0 0 0 0 0 0 0 0 0 0 0 0
 179      10 mmcblk0p10 0 0 0 0 0 0 0 0 0 0 0 0 0 0 0
 179      11 mmcblk0p11 0 0 0 0 0 0 0 0 0 0 0 0 0 0 0
 179      12 mmcblk0p12 0 0 0 0 0 0 0 0 0 0 0 0 0 0 0
 179      13 mmcblk0p13 0 0 0 0 0 0 0 0 0 0 0 0 0 0 0
 179      14 mmcblk0p14 0 0 0 0 0 0 0 0 0 0 0 0 0 0 0
 179      15 mmcblk0p15 0 0 0 0 0 0 0 0 0 0 0 0 0 0 0
 179      16 mmcblk0p16 0 0 0 0 0 0 0 0 0 0 0 0 0 0 0
 179      17 mmcblk0p17 0 0 0 0 0 0 0 0 0 0 0 0 0 0 0
 179      18 mmcblk0p18 0 0 0 0 0 0 0 0 0 0 0 0 0 0 0
 179      19 mmcblk0p19 0 0 0 0 0 0 0 0 0 0 0 0 0 0 0
 179      20 mmcblk0p20 0 0 0 0 0 0 0 0 0 0 0 0 0 0 0
 179      21 mmcblk0p21 54 57 111 17 0 0 0 0 0 28 0 0 0 0 0
 179      22 mmcblk0p22 0 0 0 0 0 0 0 0 0 0 0 0 0 0 0
 179      23 mmcblk0p23 33 6 330 14 0 0 0 0 0 12 0 0 0 0 0
 179      24 mmcblk0p24 0 0 0 0 0 0 0 0 0 0 0 0 0 0 0
 179      25 mmcblk0p25 0 0 0 0 0 0 0 0 0 0 0 0 0 0 0
 179      26 mmcblk0p26 0 0 0 0 0 0 0 0 0 0 0 0 0 0 0
 179      27 mmcblk0p27 0 0 0 0 0 0 0 0 0 0 0 0 0 0 0
 179      28 mmcblk0p28 0 0 0 0 0 0 0 0 0 0 0 0 0 0 0
 179      29 mmcblk0p29 0 0 0 0 0 0 0 0 0 0 0 0 0 0 0
 179      30 mmcblk0p30 0 0 0 0 0 0 0 0 0 0 0 0 0 0 0
 179      31 mmcblk0p31 0 0 0 0 0 0 0 0 0 0 0 0 0 0 0
 259       0 mmcblk0p32 9 0 65 1 0 0 0 0 0 12 0 0 0 0 0
 259       1 mmcblk0p33 0 0 0 0 0 0 0 0 0 0 0 0 0 0 0
 259       2 mmcblk0p34 0 0 0 0 0 0 0 0 0 0 0 0 0 0 0
 259       3 mmcblk0p35 0 0 0 0 0 0 0 0 0 0 0 0 0 0 0
 259       4 mmcblk0p36 0 0 0 0 0 0 0 0 0 0 0 0 0 0 0
 259       5 mmcblk0p37 0 0 0 0 0 0 0 0 0 0 0 0 0 0 0
 259       6 mmcblk0p38 0 0 0 0 0 0 0 0 0 0 0 0 0 0 0
 259       7 mmcblk0p39 0 0 0 0 0 0 0 0 0 0 0 0 0 0 0
 259       8 mmcblk0p40 0 0 0 0 0 0 0 0 0 0 0 0 0 0 0
 259       9 mmcblk0p41 0 0 0 0 0 0 0 0 0 0 0 0 0 0 0
 259      10 mmcblk0p42 0 0 0 0 0 0 0 0 0 0 0 0 0 0 0
 259      11 mmcblk0p43 0 0 0 0 0 0 0 0 0 0 0 0 0 0 0
 259      12 mmcblk0p44 0 0 0 0 0 0 0 0 0 0 0 0 0 0 0
 259      13 mmcblk0p45 0 0 0 0 0 0 0 0 0 0 0 0 0 0 0
 259      14 mmcblk0p46 0 0 0 0 0 0 0 0 0 0 0 0 0 0 0
 259      15 mmcblk0p47 0 0 0 0 0 0 0 0 0 0 0 0 0 0 0
 259      16 mmcblk0p48 0 0 0 0 0 0 0 0 0 0 0 0 0 0 0
 259      17 mmcblk0p49 0 0 0 0 0 0 0 0 0 0 0 0 0 0 0
 259      18 mmcblk0p50 0 0 0 0 0 0 0 0 0 0 0 0 0 0 0
 259      19 mmcblk0p51 0 0 0 0 0 0 0 0 0 0 0 0 0 0 0
 259      20 mmcblk0p52 0 0 0 0 0 0 0 0 0 0 0 0 0 0 0
 259      21 mmcblk0p53 0 0 0 0 0 0 0 0 0 0 0 0 0 0 0
 259      22 mmcblk0p54 0 0 0 0 0 0 0 0 0 0 0 0 0 0 0
 259      23 mmcblk0p55 0 0 0 0 0 0 0 0 0 0 0 0 0 0 0
 259      24 mmcblk0p56 0 0 0 0 0 0 0 0 0 0 0 0 0 0 0
 259      25 mmcblk0p57 0 0 0 0 0 0 0 0 0 0 0 0 0 0 0
 259      26 mmcblk0p58 0 0 0 0 0 0 0 0 0 0 0 0 0 0 0
 259      27 mmcblk0p59 0 0 0 0 0 0 0 0 0 0 0 0 0 0 0
 259      28 mmcblk0p60 0 0 0 0 0 0 0 0 0 0 0 0 0 0 0
 259      29 mmcblk0p61 0 0 0 0 0 0 0 0 0 0 0 0 0 0 0
 259      30 mmcblk0p62 0 0 0 0 0 0 0 0 0 0 0 0 0 0 0
 259      31 mmcblk0p63 0 0 0 0 0 0 0 0 0 0 0 0 0 0 0
 259      32 mmcblk0p64 0 0 0 0 0 0 0 0 0 0 0 0 0 0 0
 259      33 mmcblk0p65 0 0 0 0 0 0 0 0 0 0 0 0 0 0 0
 259      34 mmcblk0p66 0 0 0 0 0 0 0 0 0 0 0 0 0 0 0
 259      35 mmcblk0p67 1851 1758 140712 1643 0 0 0 0 0 1520 360 0 0 0 0
 259      36 mmcblk0p68 1 0 128 1 0 0 0 0 0 4 0 0 0 0 0
 259      37 mmcblk0p69 0 0 0 0 0 0 0 0 0 0 0 0 0 0 0
 259      38 mmcblk0p70 0 0 0 0 0 0 0 0 0 0 0 0 0 0 0
 259      39 mmcblk0p71 0 0 0 0 0 0 0 0 0 0 0 0 0 0 0
 259      40 mmcblk0p72 47 0 2666 36 5 0 40 12 0 64 16 0 0 0 0
 259      41 mmcblk0p73 1 0 128 1 0 0 0 0 0 4 0 0 0 0 0
 259      42 mmcblk0p74 0 0 0 0 0 0 0 0 0 0 0 0 0 0 0
 259      43 mmcblk0p75 0 0 0 0 0 0 0 0 0 0 0 0 0 0 0
 259      44 mmcblk0p76 0 0 0 0 0 0 0 0 0 0 0 0 0 0 0
 259      45 mmcblk0p77 0 0 0 0 0 0 0 0 0 0 0 0 0 0 0
 259      46 mmcblk0p78 0 0 0 0 0 0 0 0 0 0 0 0 0 0 0
 259      47 mmcblk0p79 0 0 0 0 0 0 0 0 0 0 0 0 0 0 0
 259      48 mmcblk0p80 0 0 0 0 0 0 0 0 0 0 0 0 0 0 0
 253       0 dm-0 244 0 2656 388 0 0 0 0 0 212 388 0 0 0 0
 253       1 dm-1 6246 0 853056 14476 0 0 0 0 0 7456 14476 0 0 0 0
 253       2 dm-2 1690 0 113960 1812 0 0 0 0 0 2768 1812 0 0 0 0
 253       3 dm-3 3347 0 405808 6320 0 0 0 0 0 5468 6320 0 0 0 0
 253       4 dm-4 4745 0 841048 19844 0 0 0 0 1 7696 19844 0 0 0 0
 253       5 dm-5 1336 0 111128 2660 0 0 0 0 0 2936 2660 0 0 0 0
 253       6 dm-6 2599 0 399824 9656 0 0 0 0 0 5768 9656 0 0 0 0
 253       7 dm-7 112 0 1600 96 0 0 0 0 0 216 96 0 0 0 0
   7     128 loop16 12 0 144 16 0 0 0 0 0 44 8 0 0 0 0
   7     136 loop17 27 0 216 27 0 0 0 0 0 32 0 0 0 0 0
   7     144 loop18 12 0 120 14 0 0 0 0 0 40 4 0 0 0 0
   7     152 loop19 24 0 192 26 0 0 0 0 0 28 0 0 0 0 0
   7     160 loop20 21 0 312 14 0 0 0 0 0 60 4 0 0 0 0
   7     168 loop21 24 0 1416 15 0 0 0 0 0 72 0 0 0 0 0
   7     176 loop22 15 0 120 7 0 0 0 0 0 48 0 0 0 0 0
   7     184 loop23 94 0 9256 73 0 0 0 0 0 212 0 0 0 0 0
   7     192 loop24 28 1 2112 30 0 0 0 0 0 64 4 0 0 0 0
   7     200 loop25 34 0 1280 15 0 0 0 0 0 76 0 0 0 0 0
   7     208 loop26 14 0 112 6 0 0 0 0 0 32 0 0 0 0 0
   7     216 loop27 9 0 72 4 0 0 0 0 0 20 0 0 0 0 0
   7     224 loop28 18 0 408 8 0 0 0 0 0 64 0 0 0 0 0
   7     232 loop29 85 0 9240 84 0 0 0 0 0 248 0 0 0 0 0
   7     240 loop30 21 0 504 11 0 0 0 0 0 56 0 0 0 0 0
   7     248 loop31 103 1 9368 95 0 0 0 0 0 360 8 0 0 0 0
   7     256 loop32 51 0 6560 51 0 0 0 0 0 120 4 0 0 0 0
   7     264 loop33 83 1 11992 234 0 0 0 0 0 124 124 0 0 0 0
   7     272 loop34 29 0 1368 15 0 0 0 0 0 76 0 0 0 0 0
   7     280 loop35 27 0 1840 19 0 0 0 0 0 56 0 0 0 0 0
   7     288 loop36 72 0 9048 123 0 0 0 0 0 140 44 0 0 0 0
   7     296 loop37 17 0 224 6 0 0 0 0 0 40 0 0 0 0 0
   7     304 loop38 131 1 10952 151 0 0 0 0 0 276 28 0 0 0 0
   7     312 loop39 221 5 19520 187 0 0 0 0 0 716 8 0 0 0 0
 253       8 dm-8 0 0 0 0 0 0 0 0 0 0 0 0 0 0 0
 253       9 dm-9 24 0 1328 24 0 0 0 0 0 76 24 0 0 0 0
 253      10 dm-10 114 0 10808 232 0 0 0 0 0 284 232 0 0 0 0
 253      11 dm-11 465 0 68696 1084 0 0 0 0 0 1116 1084 0 0 0 0
 253      12 dm-12 0 0 0 0 0 0 0 0 0 0 0 0 0 0 0
 253      13 dm-13 67 0 11856 460 0 0 0 0 0 132 460 0 0 0 0
 253      14 dm-14 0 0 0 0 0 0 0 0 0 0 0 0 0 0 0
 253      15 dm-15 22 0 1800 4 0 0 0 0 0 52 4 0 0 0 0
 253      16 dm-16 0 0 0 0 0 0 0 0 0 0 0 0 0 0 0
 253      17 dm-17 0 0 0 0 0 0 0 0 0 0 0 0 0 0 0
 253      18 dm-18 40 0 6472 48 0 0 0 0 0 112 48 0 0 0 0
 253      19 dm-19 69 0 9112 204 0 0 0 0 0 248 204 0 0 0 0
 253      20 dm-20 201 0 19320 508 0 0 0 0 0 768 508 0 0 0 0
 253      21 dm-21 16 0 464 8 0 0 0 0 0 52 8 0 0 0 0
 253      22 dm-22 16 0 392 88 0 0 0 0 0 68 88 0 0 0 0
 253      23 dm-23 0 0 0 0 0 0 0 0 0 0 0 0 0 0 0
 253      24 dm-24 15 0 208 4 0 0 0 0 0 36 4 0 0 0 0
 253      25 dm-25 5 0 40 8 0 0 0 0 0 20 8 0 0 0 0
 253      26 dm-26 10 0 80 16 0 0 0 0 0 32 16 0 0 0 0
 253      27 dm-27 0 0 0 0 0 0 0 0 0 0 0 0 0 0 0
 253      28 dm-28 29 0 1240 20 0 0 0 0 0 72 20 0 0 0 0
 253      29 dm-29 0 0 0 0 0 0 0 0 0 0 0 0 0 0 0
 253      30 dm-30 0 0 0 0 0 0 0 0 0 0 0 0 0 0 0
 253      31 dm-31 0 0 0 0 0 0 0 0 0 0 0 0 0 0 0
 253      32 dm-32 90 0 9256 212 0 0 0 0 0 392 212 0 0 0 0
 253      33 dm-33 0 0 0 0 0 0 0 0 0 0 0 0 0 0 0
 253      34 dm-34 23 0 2064 76 0 0 0 0 0 64 76 0 0 0 0
 253      35 dm-35 11 0 88 28 0 0 0 0 0 44 28 0 0 0 0
 253      36 dm-36 81 0 9152 140 0 0 0 0 0 216 140 0 0 0 0
 253      37 dm-37 0 0 0 0 0 0 0 0 0 0 0 0 0 0 0
 253      38 dm-38 20 0 1384 16 0 0 0 0 0 76 16 0 0 0 0
 253      39 dm-39 17 0 280 20 0 0 0 0 0 60 20 0 0 0 0
 253      40 dm-40 0 0 0 0 0 0 0 0 0 0 0 0 0 0 0
 253      41 dm-41 0 0 0 0 0 0 0 0 0 0 0 0 0 0 0
 253      42 dm-42 0 0 0 0 0 0 0 0 0 0 0 0 0 0 0
 253      43 dm-43 2717 0 175800 4400 570 0 7560 512 0 4220 4912 0 0 0 0

2299
   1       0 ram0 0 0 0 0 0 0 0 0 0 0 0 0 0 0 0
   1       1 ram1 0 0 0 0 0 0 0 0 0 0 0 0 0 0 0
   1       2 ram2 0 0 0 0 0 0 0 0 0 0 0 0 0 0 0
   1       3 ram3 0 0 0 0 0 0 0 0 0 0 0 0 0 0 0
   1       4 ram4 0 0 0 0 0 0 0 0 0 0 0 0 0 0 0
   1       5 ram5 0 0 0 0 0 0 0 0 0 0 0 0 0 0 0
   1       6 ram6 0 0 0 0 0 0 0 0 0 0 0 0 0 0 0
   1       7 ram7 0 0 0 0 0 0 0 0 0 0 0 0 0 0 0
   1       8 ram8 0 0 0 0 0 0 0 0 0 0 0 0 0 0 0
   1       9 ram9 0 0 0 0 0 0 0 0 0 0 0 0 0 0 0
   1      10 ram10 0 0 0 0 0 0 0 0 0 0 0 0 0 0 0
   1      11 ram11 0 0 0 0 0 0 0 0 0 0 0 0 0 0 0
   1      12 ram12 0 0 0 0 0 0 0 0 0 0 0 0 0 0 0
   1      13 ram13 0 0 0 0 0 0 0 0 0 0 0 0 0 0 0
   1      14 ram14 0 0 0 0 0 0 0 0 0 0 0 0 0 0 0
   1      15 ram15 0 0 0 0 0 0 0 0 0 0 0 0 0 0 0
   7       0 loop0 183 0 16168 352 0 0 0 0 0 344 116 0 0 0 0
   7       8 loop1 70 0 9008 122 0 0 0 0 0 136 32 0 0 0 0
   7      16 loop2 27 0 216 13 0 0 0 0 0 32 0 0 0 0 0
   7      24 loop3 12 0 296 8 0 0 0 0 0 32 0 0 0 0 0
   7      32 loop4 36 1 3040 29 0 0 0 0 0 56 0 0 0 0 0
   7      40 loop5 194 1 23984 297 0 0 0 0 0 408 60 0 0 0 0
   7      48 loop6 16 0 712 14 0 0 0 0 0 44 0 0 0 0 0
   7      56 loop7 26 0 1856 23 0 0 0 0 0 96 0 0 0 0 0
   7      64 loop8 25 0 1408 16 0 0 0 0 0 96 0 0 0 0 0
   7      72 loop9 734 6 74712 1830 0 0 0 0 0 2036 744 0 0 0 0
   7      80 loop10 24 0 192 17 0 0 0 0 0 28 0 0 0 0 0
   7      88 loop11 18 0 272 11 0 0 0 0 0 60 0 0 0 0 0
   7      96 loop12 548 3 69384 482 0 0 0 0 0 1040 16 0 0 0 0
   7     104 loop13 27 0 216 48 0 0 0 0 0 44 8 0 0 0 0
   7     112 loop14 12 0 240 7 0 0 0 0 0 36 0 0 0 0 0
   7     120 loop15 52 0 4752 144 0 0 0 0 0 220 76 0 0 0 0
 254       0 zram0 0 0 0 0 0 0 0 0 0 0 0 0 0 0 0
 179       0 mmcblk0 2020 1821 144350 1721 12 0 48 14 0 1592 376 0 0 0 0
 179       1 mmcblk0p1 0 0 0 0 0 0 0 0 0 0 0 0 0 0 0
 179       2 mmcblk0p2 0 0 0 0 0 0 0 0 0 0 0 0 0 0 0
 179       3 mmcblk0p3 0 0 0 0 0 0 0 0 0 0 0 0 0 0 0
 179       4 mmcblk0p4 16 0 146 3 1 0 8 0 0 12 0 0 0 0 0
 179       5 mmcblk0p5 0 0 0 0 0 0 0 0 0 0 0 0 0 0 0
 179       6 mmcblk0p6 0 0 0 0 0 0 0 0 0 0 0 0 0 0 0
 179       7 mmcblk0p7 0 0 0 0 0 0 0 0 0 0 0 0 0 0 0
 179       8 mmcblk0p8 0 0 0 0 0 0 0 0 0 0 0 0 0 0 0
 179       9 mmcblk0p9 0 0 0 0 0 0 0 0 0 0 0 0 0 0 0
 179      10 mmcblk0p10 0 0 0 0 0 0 0 0 0 0 0 0 0 0 0
 179      11 mmcblk0p11 0 0 0 0 0 0 0 0 0 0 0 0 0 0 0
 179      12 mmcblk0p12 0 0 0 0 0 0 0 0 0 0 0 0 0 0 0
 179      13 mmcblk0p13 0 0 0 0 0 0 0 0 0 0 0 0 0 0 0
 179      14 mmcblk0p14 0 0 0 0 0 0 0 0 0 0 0 0 0 0 0
 179      15 mmcblk0p15 0 0 0 0 0 0 0 0 0 0 0 0 0 0 0
 179      16 mmcblk0p16 0 0 0 0 0 0 0 0 0 0 0 0 0 0 0
 179      17 mmcblk0p17 0 0 0 0 0 0 0 0 0 0 0 0 0 0 0
 179      18 mmcblk0p18 0 0 0 0 0 0 0 0 0 0 0 0 0 0 0
 179      19 mmcblk0p19 0 0 0 0 0 0 0 0 0 0 0 0 0 0 0
 179      20 mmcblk0p20 0 0 0 0 0 0 0 0 0 0 0 0 0 0 0
 179      21 mmcblk0p21 54 57 111 17 0 0 0 0 0 28 0 0 0 0 0
 179      22 mmcblk0p22 0 0 0 0 0 0 0 0 0 0 0 0 0 0 0
 179      23 mmcblk0p23 33 6 330 14 0 0 0 0 0 12 0 0 0 0 0
 179      24 mmcblk0p24 0 0 0 0 0 0 0 0 0 0 0 0 0 0 0
 179      25 mmcblk0p25 0 0 0 0 0 0 0 0 0 0 0 0 0 0 0
 179      26 mmcblk0p26 0 0 0 0 0 0 0 0 0 0 0 0 0 0 0
 179      27 mmcblk0p27 0 0 0 0 0 0 0 0 0 0 0 0 0 0 0
 179      28 mmcblk0p28 0 0 0 0 0 0 0 0 0 0 0 0 0 0 0
 179      29 mmcblk0p29 0 0 0 0 0 0 0 0 0 0 0 0 0 0 0
 179      30 mmcblk0p30 0 0 0 0 0 0 0 0 0 0 0 0 0 0 0
 179      31 mmcblk0p31 0 0 0 0 0 0 0 0 0 0 0 0 0 0 0
 259       0 mmcblk0p32 9 0 65 1 0 0 0 0 0 12 0 0 0 0 0
 259       1 mmcblk0p33 0 0 0 0 0 0 0 0 0 0 0 0 0 0 0
 259       2 mmcblk0p34 0 0 0 0 0 0 0 0 0 0 0 0 0 0 0
 259       3 mmcblk0p35 0 0 0 0 0 0 0 0 0 0 0 0 0 0 0
 259       4 mmcblk0p36 0 0 0 0 0 0 0 0 0 0 0 0 0 0 0
 259       5 mmcblk0p37 0 0 0 0 0 0 0 0 0 0 0 0 0 0 0
 259       6 mmcblk0p38 0 0 0 0 0 0 0 0 0 0 0 0 0 0 0
 259       7 mmcblk0p39 0 0 0 0 0 0 0 0 0 0 0 0 0 0 0
 259       8 mmcblk0p40 0 0 0 0 0 0 0 0 0 0 0 0 0 0 0
 259       9 mmcblk0p41 0 0 0 0 0 0 0 0 0 0 0 0 0 0 0
 259      10 mmcblk0p42 0 0 0 0 0 0 0 0 0 0 0 0 0 0 0
 259      11 mmcblk0p43 0 0 0 0 0 0 0 0 0 0 0 0 0 0 0
 259      12 mmcblk0p44 0 0 0 0 0 0 0 0 0 0 0 0 0 0 0
 259      13 mmcblk0p45 0 0 0 0 0 0 0 0 0 0 0 0 0 0 0
 259      14 mmcblk0p46 0 0 0 0 0 0 0 0 0 0 0 0 0 0 0
 259      15 mmcblk0p47 0 0 0 0 0 0 0 0 0 0 0 0 0 0 0
 259      16 mmcblk0p48 0 0 0 0 0 0 0 0 0 0 0 0 0 0 0
 259      17 mmcblk0p49 0 0 0 0 0 0 0 0 0 0 0 0 0 0 0
 259      18 mmcblk0p50 0 0 0 0 0 0 0 0 0 0 0 0 0 0 0
 259      19 mmcblk0p51 0 0 0 0 0 0 0 0 0 0 0 0 0 0 0
 259      20 mmcblk0p52 0 0 0 0 0 0 0 0 0 0 0 0 0 0 0
 259      21 mmcblk0p53 0 0 0 0 0 0 0 0 0 0 0 0 0 0 0
 259      22 mmcblk0p54 0 0 0 0 0 0 0 0 0 0 0 0 0 0 0
 259      23 mmcblk0p55 0 0 0 0 0 0 0 0 0 0 0 0 0 0 0
 259      24 mmcblk0p56 0 0 0 0 0 0 0 0 0 0 0 0 0 0 0
 259      25 mmcblk0p57 0 0 0 0 0 0 0 0 0 0 0 0 0 0 0
 259      26 mmcblk0p58 0 0 0 0 0 0 0 0 0 0 0 0 0 0 0
 259      27 mmcblk0p59 0 0 0 0 0 0 0 0 0 0 0 0 0 0 0
 259      28 mmcblk0p60 0 0 0 0 0 0 0 0 0 0 0 0 0 0 0
 259      29 mmcblk0p61 0 0 0 0 0 0 0 0 0 0 0 0 0 0 0
 259      30 mmcblk0p62 0 0 0 0 0 0 0 0 0 0 0 0 0 0 0
 259      31 mmcblk0p63 0 0 0 0 0 0 0 0 0 0 0 0 0 0 0
 259      32 mmcblk0p64 0 0 0 0 0 0 0 0 0 0 0 0 0 0 0
 259      33 mmcblk0p65 0 0 0 0 0 0 0 0 0 0 0 0 0 0 0
 259      34 mmcblk0p66 0 0 0 0 0 0 0 0 0 0 0 0 0 0 0
 259      35 mmcblk0p67 1851 1758 140712 1643 0 0 0 0 0 1520 360 0 0 0 0
 259      36 mmcblk0p68 1 0 128 1 0 0 0 0 0 4 0 0 0 0 0
 259      37 mmcblk0p69 0 0 0 0 0 0 0 0 0 0 0 0 0 0 0
 259      38 mmcblk0p70 0 0 0 0 0 0 0 0 0 0 0 0 0 0 0
 259      39 mmcblk0p71 0 0 0 0 0 0 0 0 0 0 0 0 0 0 0
 259      40 mmcblk0p72 47 0 2666 36 5 0 40 12 0 64 16 0 0 0 0
 259      41 mmcblk0p73 1 0 128 1 0 0 0 0 0 4 0 0 0 0 0
 259      42 mmcblk0p74 0 0 0 0 0 0 0 0 0 0 0 0 0 0 0
 259      43 mmcblk0p75 0 0 0 0 0 0 0 0 0 0 0 0 0 0 0
 259      44 mmcblk0p76 0 0 0 0 0 0 0 0 0 0 0 0 0 0 0
 259      45 mmcblk0p77 0 0 0 0 0 0 0 0 0 0 0 0 0 0 0
 259      46 mmcblk0p78 0 0 0 0 0 0 0 0 0 0 0 0 0 0 0
 259      47 mmcblk0p79 0 0 0 0 0 0 0 0 0 0 0 0 0 0 0
 259      48 mmcblk0p80 0 0 0 0 0 0 0 0 0 0 0 0 0 0 0
 253       0 dm-0 347 0 27120 516 0 0 0 0 1 332 516 0 0 0 0
 253       1 dm-1 6256 0 856024 14496 0 0 0 0 0 7472 14496 0 0 0 0
 253       2 dm-2 1690 0 113960 1812 0 0 0 0 0 2768 1812 0 0 0 0
 253       3 dm-3 3463 0 420920 6528 0 0 0 0 0 5568 6528 0 0 0 0
 253       4 dm-4 4755 0 844016 19872 0 0 0 0 0 7712 19872 0 0 0 0
 253       5 dm-5 1336 0 111128 2660 0 0 0 0 0 2936 2660 0 0 0 0
 253       6 dm-6 2693 0 414760 9888 0 0 0 0 0 5868 9888 0 0 0 0
 253       7 dm-7 208 0 26008 268 0 0 0 0 1 340 268 0 0 0 0
   7     128 loop16 12 0 144 16 0 0 0 0 0 44 8 0 0 0 0
   7     136 loop17 27 0 216 27 0 0 0 0 0 32 0 0 0 0 0
   7     144 loop18 12 0 120 14 0 0 0 0 0 40 4 0 0 0 0
   7     152 loop19 24 0 192 26 0 0 0 0 0 28 0 0 0 0 0
   7     160 loop20 21 0 312 14 0 0 0 0 0 60 4 0 0 0 0
   7     168 loop21 24 0 1416 15 0 0 0 0 0 72 0 0 0 0 0
   7     176 loop22 15 0 120 7 0 0 0 0 0 48 0 0 0 0 0
   7     184 loop23 94 0 9256 73 0 0 0 0 0 212 0 0 0 0 0
   7     192 loop24 28 1 2112 30 0 0 0 0 0 64 4 0 0 0 0
   7     200 loop25 34 0 1280 15 0 0 0 0 0 76 0 0 0 0 0
   7     208 loop26 14 0 112 6 0 0 0 0 0 32 0 0 0 0 0
   7     216 loop27 9 0 72 4 0 0 0 0 0 20 0 0 0 0 0
   7     224 loop28 18 0 408 8 0 0 0 0 0 64 0 0 0 0 0
   7     232 loop29 85 0 9240 84 0 0 0 0 0 248 0 0 0 0 0
   7     240 loop30 21 0 504 11 0 0 0 0 0 56 0 0 0 0 0
   7     248 loop31 103 1 9368 95 0 0 0 0 0 360 8 0 0 0 0
   7     256 loop32 51 0 6560 51 0 0 0 0 0 120 4 0 0 0 0
   7     264 loop33 83 1 11992 234 0 0 0 0 0 124 124 0 0 0 0
   7     272 loop34 29 0 1368 15 0 0 0 0 0 76 0 0 0 0 0
   7     280 loop35 27 0 1840 19 0 0 0 0 0 56 0 0 0 0 0
   7     288 loop36 72 0 9048 123 0 0 0 0 0 140 44 0 0 0 0
   7     296 loop37 17 0 224 6 0 0 0 0 0 40 0 0 0 0 0
   7     304 loop38 131 1 10952 151 0 0 0 0 0 276 28 0 0 0 0
   7     312 loop39 221 5 19520 187 0 0 0 0 0 716 8 0 0 0 0
 253       8 dm-8 0 0 0 0 0 0 0 0 0 0 0 0 0 0 0
 253       9 dm-9 24 0 1328 24 0 0 0 0 0 76 24 0 0 0 0
 253      10 dm-10 114 0 10808 232 0 0 0 0 0 284 232 0 0 0 0
 253      11 dm-11 465 0 68696 1084 0 0 0 0 0 1116 1084 0 0 0 0
 253      12 dm-12 0 0 0 0 0 0 0 0 0 0 0 0 0 0 0
 253      13 dm-13 67 0 11856 460 0 0 0 0 0 132 460 0 0 0 0
 253      14 dm-14 0 0 0 0 0 0 0 0 0 0 0 0 0 0 0
 253      15 dm-15 22 0 1800 4 0 0 0 0 0 52 4 0 0 0 0
 253      16 dm-16 0 0 0 0 0 0 0 0 0 0 0 0 0 0 0
 253      17 dm-17 0 0 0 0 0 0 0 0 0 0 0 0 0 0 0
 253      18 dm-18 40 0 6472 48 0 0 0 0 0 112 48 0 0 0 0
 253      19 dm-19 69 0 9112 204 0 0 0 0 0 248 204 0 0 0 0
 253      20 dm-20 201 0 19320 508 0 0 0 0 0 768 508 0 0 0 0
 253      21 dm-21 16 0 464 8 0 0 0 0 0 52 8 0 0 0 0
 253      22 dm-22 16 0 392 88 0 0 0 0 0 68 88 0 0 0 0
 253      23 dm-23 0 0 0 0 0 0 0 0 0 0 0 0 0 0 0
 253      24 dm-24 15 0 208 4 0 0 0 0 0 36 4 0 0 0 0
 253      25 dm-25 5 0 40 8 0 0 0 0 0 20 8 0 0 0 0
 253      26 dm-26 10 0 80 16 0 0 0 0 0 32 16 0 0 0 0
 253      27 dm-27 0 0 0 0 0 0 0 0 0 0 0 0 0 0 0
 253      28 dm-28 29 0 1240 20 0 0 0 0 0 72 20 0 0 0 0
 253      29 dm-29 0 0 0 0 0 0 0 0 0 0 0 0 0 0 0
 253      30 dm-30 0 0 0 0 0 0 0 0 0 0 0 0 0 0 0
 253      31 dm-31 0 0 0 0 0 0 0 0 0 0 0 0 0 0 0
 253      32 dm-32 90 0 9256 212 0 0 0 0 0 392 212 0 0 0 0
 253      33 dm-33 0 0 0 0 0 0 0 0 0 0 0 0 0 0 0
 253      34 dm-34 23 0 2064 76 0 0 0 0 0 64 76 0 0 0 0
 253      35 dm-35 11 0 88 28 0 0 0 0 0 44 28 0 0 0 0
 253      36 dm-36 81 0 9152 140 0 0 0 0 0 216 140 0 0 0 0
 253      37 dm-37 0 0 0 0 0 0 0 0 0 0 0 0 0 0 0
 253      38 dm-38 20 0 1384 16 0 0 0 0 0 76 16 0 0 0 0
 253      39 dm-39 17 0 280 20 0 0 0 0 0 60 20 0 0 0 0
 253      40 dm-40 0 0 0 0 0 0 0 0 0 0 0 0 0 0 0
 253      41 dm-41 0 0 0 0 0 0 0 0 0 0 0 0 0 0 0
 253      42 dm-42 0 0 0 0 0 0 0 0 0 0 0 0 0 0 0
 253      43 dm-43 2717 0 175800 4400 570 0 7560 512 0 4220 4912 0 0 0 0

2324
   1       0 ram0 0 0 0 0 0 0 0 0 0 0 0 0 0 0 0
   1       1 ram1 0 0 0 0 0 0 0 0 0 0 0 0 0 0 0
   1       2 ram2 0 0 0 0 0 0 0 0 0 0 0 0 0 0 0
   1       3 ram3 0 0 0 0 0 0 0 0 0 0 0 0 0 0 0
   1       4 ram4 0 0 0 0 0 0 0 0 0 0 0 0 0 0 0
   1       5 ram5 0 0 0 0 0 0 0 0 0 0 0 0 0 0 0
   1       6 ram6 0 0 0 0 0 0 0 0 0 0 0 0 0 0 0
   1       7 ram7 0 0 0 0 0 0 0 0 0 0 0 0 0 0 0
   1       8 ram8 0 0 0 0 0 0 0 0 0 0 0 0 0 0 0
   1       9 ram9 0 0 0 0 0 0 0 0 0 0 0 0 0 0 0
   1      10 ram10 0 0 0 0 0 0 0 0 0 0 0 0 0 0 0
   1      11 ram11 0 0 0 0 0 0 0 0 0 0 0 0 0 0 0
   1      12 ram12 0 0 0 0 0 0 0 0 0 0 0 0 0 0 0
   1      13 ram13 0 0 0 0 0 0 0 0 0 0 0 0 0 0 0
   1      14 ram14 0 0 0 0 0 0 0 0 0 0 0 0 0 0 0
   1      15 ram15 0 0 0 0 0 0 0 0 0 0 0 0 0 0 0
   7       0 loop0 183 0 16168 352 0 0 0 0 0 344 116 0 0 0 0
   7       8 loop1 70 0 9008 122 0 0 0 0 0 136 32 0 0 0 0
   7      16 loop2 27 0 216 13 0 0 0 0 0 32 0 0 0 0 0
   7      24 loop3 12 0 296 8 0 0 0 0 0 32 0 0 0 0 0
   7      32 loop4 36 1 3040 29 0 0 0 0 0 56 0 0 0 0 0
   7      40 loop5 194 1 23984 297 0 0 0 0 0 408 60 0 0 0 0
   7      48 loop6 16 0 712 14 0 0 0 0 0 44 0 0 0 0 0
   7      56 loop7 26 0 1856 23 0 0 0 0 0 96 0 0 0 0 0
   7      64 loop8 25 0 1408 16 0 0 0 0 0 96 0 0 0 0 0
   7      72 loop9 734 6 74712 1830 0 0 0 0 0 2036 744 0 0 0 0
   7      80 loop10 24 0 192 17 0 0 0 0 0 28 0 0 0 0 0
   7      88 loop11 18 0 272 11 0 0 0 0 0 60 0 0 0 0 0
   7      96 loop12 548 3 69384 482 0 0 0 0 0 1040 16 0 0 0 0
   7     104 loop13 27 0 216 48 0 0 0 0 0 44 8 0 0 0 0
   7     112 loop14 12 0 240 7 0 0 0 0 0 36 0 0 0 0 0
   7     120 loop15 52 0 4752 144 0 0 0 0 0 220 76 0 0 0 0
 254       0 zram0 0 0 0 0 0 0 0 0 0 0 0 0 0 0 0
 179       0 mmcblk0 2020 1821 144350 1721 12 0 48 14 0 1592 376 0 0 0 0
 179       1 mmcblk0p1 0 0 0 0 0 0 0 0 0 0 0 0 0 0 0
 179       2 mmcblk0p2 0 0 0 0 0 0 0 0 0 0 0 0 0 0 0
 179       3 mmcblk0p3 0 0 0 0 0 0 0 0 0 0 0 0 0 0 0
 179       4 mmcblk0p4 16 0 146 3 1 0 8 0 0 12 0 0 0 0 0
 179       5 mmcblk0p5 0 0 0 0 0 0 0 0 0 0 0 0 0 0 0
 179       6 mmcblk0p6 0 0 0 0 0 0 0 0 0 0 0 0 0 0 0
 179       7 mmcblk0p7 0 0 0 0 0 0 0 0 0 0 0 0 0 0 0
 179       8 mmcblk0p8 0 0 0 0 0 0 0 0 0 0 0 0 0 0 0
 179       9 mmcblk0p9 0 0 0 0 0 0 0 0 0 0 0 0 0 0 0
 179      10 mmcblk0p10 0 0 0 0 0 0 0 0 0 0 0 0 0 0 0
 179      11 mmcblk0p11 0 0 0 0 0 0 0 0 0 0 0 0 0 0 0
 179      12 mmcblk0p12 0 0 0 0 0 0 0 0 0 0 0 0 0 0 0
 179      13 mmcblk0p13 0 0 0 0 0 0 0 0 0 0 0 0 0 0 0
 179      14 mmcblk0p14 0 0 0 0 0 0 0 0 0 0 0 0 0 0 0
 179      15 mmcblk0p15 0 0 0 0 0 0 0 0 0 0 0 0 0 0 0
 179      16 mmcblk0p16 0 0 0 0 0 0 0 0 0 0 0 0 0 0 0
 179      17 mmcblk0p17 0 0 0 0 0 0 0 0 0 0 0 0 0 0 0
 179      18 mmcblk0p18 0 0 0 0 0 0 0 0 0 0 0 0 0 0 0
 179      19 mmcblk0p19 0 0 0 0 0 0 0 0 0 0 0 0 0 0 0
 179      20 mmcblk0p20 0 0 0 0 0 0 0 0 0 0 0 0 0 0 0
 179      21 mmcblk0p21 54 57 111 17 0 0 0 0 0 28 0 0 0 0 0
 179      22 mmcblk0p22 0 0 0 0 0 0 0 0 0 0 0 0 0 0 0
 179      23 mmcblk0p23 33 6 330 14 0 0 0 0 0 12 0 0 0 0 0
 179      24 mmcblk0p24 0 0 0 0 0 0 0 0 0 0 0 0 0 0 0
 179      25 mmcblk0p25 0 0 0 0 0 0 0 0 0 0 0 0 0 0 0
 179      26 mmcblk0p26 0 0 0 0 0 0 0 0 0 0 0 0 0 0 0
 179      27 mmcblk0p27 0 0 0 0 0 0 0 0 0 0 0 0 0 0 0
 179      28 mmcblk0p28 0 0 0 0 0 0 0 0 0 0 0 0 0 0 0
 179      29 mmcblk0p29 0 0 0 0 0 0 0 0 0 0 0 0 0 0 0
 179      30 mmcblk0p30 0 0 0 0 0 0 0 0 0 0 0 0 0 0 0
 179      31 mmcblk0p31 0 0 0 0 0 0 0 0 0 0 0 0 0 0 0
 259       0 mmcblk0p32 9 0 65 1 0 0 0 0 0 12 0 0 0 0 0
 259       1 mmcblk0p33 0 0 0 0 0 0 0 0 0 0 0 0 0 0 0
 259       2 mmcblk0p34 0 0 0 0 0 0 0 0 0 0 0 0 0 0 0
 259       3 mmcblk0p35 0 0 0 0 0 0 0 0 0 0 0 0 0 0 0
 259       4 mmcblk0p36 0 0 0 0 0 0 0 0 0 0 0 0 0 0 0
 259       5 mmcblk0p37 0 0 0 0 0 0 0 0 0 0 0 0 0 0 0
 259       6 mmcblk0p38 0 0 0 0 0 0 0 0 0 0 0 0 0 0 0
 259       7 mmcblk0p39 0 0 0 0 0 0 0 0 0 0 0 0 0 0 0
 259       8 mmcblk0p40 0 0 0 0 0 0 0 0 0 0 0 0 0 0 0
 259       9 mmcblk0p41 0 0 0 0 0 0 0 0 0 0 0 0 0 0 0
 259      10 mmcblk0p42 0 0 0 0 0 0 0 0 0 0 0 0 0 0 0
 259      11 mmcblk0p43 0 0 0 0 0 0 0 0 0 0 0 0 0 0 0
 259      12 mmcblk0p44 0 0 0 0 0 0 0 0 0 0 0 0 0 0 0
 259      13 mmcblk0p45 0 0 0 0 0 0 0 0 0 0 0 0 0 0 0
 259      14 mmcblk0p46 0 0 0 0 0 0 0 0 0 0 0 0 0 0 0
 259      15 mmcblk0p47 0 0 0 0 0 0 0 0 0 0 0 0 0 0 0
 259      16 mmcblk0p48 0 0 0 0 0 0 0 0 0 0 0 0 0 0 0
 259      17 mmcblk0p49 0 0 0 0 0 0 0 0 0 0 0 0 0 0 0
 259      18 mmcblk0p50 0 0 0 0 0 0 0 0 0 0 0 0 0 0 0
 259      19 mmcblk0p51 0 0 0 0 0 0 0 0 0 0 0 0 0 0 0
 259      20 mmcblk0p52 0 0 0 0 0 0 0 0 0 0 0 0 0 0 0
 259      21 mmcblk0p53 0 0 0 0 0 0 0 0 0 0 0 0 0 0 0
 259      22 mmcblk0p54 0 0 0 0 0 0 0 0 0 0 0 0 0 0 0
 259      23 mmcblk0p55 0 0 0 0 0 0 0 0 0 0 0 0 0 0 0
 259      24 mmcblk0p56 0 0 0 0 0 0 0 0 0 0 0 0 0 0 0
 259      25 mmcblk0p57 0 0 0 0 0 0 0 0 0 0 0 0 0 0 0
 259      26 mmcblk0p58 0 0 0 0 0 0 0 0 0 0 0 0 0 0 0
 259      27 mmcblk0p59 0 0 0 0 0 0 0 0 0 0 0 0 0 0 0
 259      28 mmcblk0p60 0 0 0 0 0 0 0 0 0 0 0 0 0 0 0
 259      29 mmcblk0p61 0 0 0 0 0 0 0 0 0 0 0 0 0 0 0
 259      30 mmcblk0p62 0 0 0 0 0 0 0 0 0 0 0 0 0 0 0
 259      31 mmcblk0p63 0 0 0 0 0 0 0 0 0 0 0 0 0 0 0
 259      32 mmcblk0p64 0 0 0 0 0 0 0 0 0 0 0 0 0 0 0
 259      33 mmcblk0p65 0 0 0 0 0 0 0 0 0 0 0 0 0 0 0
 259      34 mmcblk0p66 0 0 0 0 0 0 0 0 0 0 0 0 0 0 0
 259      35 mmcblk0p67 1851 1758 140712 1643 0 0 0 0 0 1520 360 0 0 0 0
 259      36 mmcblk0p68 1 0 128 1 0 0 0 0 0 4 0 0 0 0 0
 259      37 mmcblk0p69 0 0 0 0 0 0 0 0 0 0 0 0 0 0 0
 259      38 mmcblk0p70 0 0 0 0 0 0 0 0 0 0 0 0 0 0 0
 259      39 mmcblk0p71 0 0 0 0 0 0 0 0 0 0 0 0 0 0 0
 259      40 mmcblk0p72 47 0 2666 36 5 0 40 12 0 64 16 0 0 0 0
 259      41 mmcblk0p73 1 0 128 1 0 0 0 0 0 4 0 0 0 0 0
 259      42 mmcblk0p74 0 0 0 0 0 0 0 0 0 0 0 0 0 0 0
 259      43 mmcblk0p75 0 0 0 0 0 0 0 0 0 0 0 0 0 0 0
 259      44 mmcblk0p76 0 0 0 0 0 0 0 0 0 0 0 0 0 0 0
 259      45 mmcblk0p77 0 0 0 0 0 0 0 0 0 0 0 0 0 0 0
 259      46 mmcblk0p78 0 0 0 0 0 0 0 0 0 0 0 0 0 0 0
 259      47 mmcblk0p79 0 0 0 0 0 0 0 0 0 0 0 0 0 0 0
 259      48 mmcblk0p80 0 0 0 0 0 0 0 0 0 0 0 0 0 0 0
 253       0 dm-0 347 0 27120 516 0 0 0 0 0 332 516 0 0 0 0
 253       1 dm-1 6256 0 856024 14496 0 0 0 0 0 7472 14496 0 0 0 0
 253       2 dm-2 2823 0 185216 3648 0 0 0 0 19 3016 3648 0 0 0 0
 253       3 dm-3 3463 0 420920 6528 0 0 0 0 0 5568 6528 0 0 0 0
 253       4 dm-4 4755 0 844016 19872 0 0 0 0 0 7712 19872 0 0 0 0
 253       5 dm-5 2380 0 181672 4708 0 0 0 0 19 3184 4708 0 0 0 0
 253       6 dm-6 2693 0 414760 9888 0 0 0 0 0 5868 9888 0 0 0 0
 253       7 dm-7 208 0 26008 268 0 0 0 0 0 340 268 0 0 0 0
   7     128 loop16 12 0 144 16 0 0 0 0 0 44 8 0 0 0 0
   7     136 loop17 27 0 216 27 0 0 0 0 0 32 0 0 0 0 0
   7     144 loop18 12 0 120 14 0 0 0 0 0 40 4 0 0 0 0
   7     152 loop19 24 0 192 26 0 0 0 0 0 28 0 0 0 0 0
   7     160 loop20 21 0 312 14 0 0 0 0 0 60 4 0 0 0 0
   7     168 loop21 24 0 1416 15 0 0 0 0 0 72 0 0 0 0 0
   7     176 loop22 15 0 120 7 0 0 0 0 0 48 0 0 0 0 0
   7     184 loop23 94 0 9256 73 0 0 0 0 0 212 0 0 0 0 0
   7     192 loop24 28 1 2112 30 0 0 0 0 0 64 4 0 0 0 0
   7     200 loop25 34 0 1280 15 0 0 0 0 0 76 0 0 0 0 0
   7     208 loop26 14 0 112 6 0 0 0 0 0 32 0 0 0 0 0
   7     216 loop27 9 0 72 4 0 0 0 0 0 20 0 0 0 0 0
   7     224 loop28 18 0 408 8 0 0 0 0 0 64 0 0 0 0 0
   7     232 loop29 85 0 9240 84 0 0 0 0 0 248 0 0 0 0 0
   7     240 loop30 21 0 504 11 0 0 0 0 0 56 0 0 0 0 0
   7     248 loop31 103 1 9368 95 0 0 0 0 0 360 8 0 0 0 0
   7     256 loop32 51 0 6560 51 0 0 0 0 0 120 4 0 0 0 0
   7     264 loop33 83 1 11992 234 0 0 0 0 0 124 124 0 0 0 0
   7     272 loop34 29 0 1368 15 0 0 0 0 0 76 0 0 0 0 0
   7     280 loop35 27 0 1840 19 0 0 0 0 0 56 0 0 0 0 0
   7     288 loop36 72 0 9048 123 0 0 0 0 0 140 44 0 0 0 0
   7     296 loop37 17 0 224 6 0 0 0 0 0 40 0 0 0 0 0
   7     304 loop38 131 1 10952 151 0 0 0 0 0 276 28 0 0 0 0
   7     312 loop39 221 5 19520 187 0 0 0 0 0 716 8 0 0 0 0
 253       8 dm-8 0 0 0 0 0 0 0 0 0 0 0 0 0 0 0
 253       9 dm-9 24 0 1328 24 0 0 0 0 0 76 24 0 0 0 0
 253      10 dm-10 114 0 10808 232 0 0 0 0 0 284 232 0 0 0 0
 253      11 dm-11 465 0 68696 1084 0 0 0 0 0 1116 1084 0 0 0 0
 253      12 dm-12 0 0 0 0 0 0 0 0 0 0 0 0 0 0 0
 253      13 dm-13 67 0 11856 460 0 0 0 0 0 132 460 0 0 0 0
 253      14 dm-14 0 0 0 0 0 0 0 0 0 0 0 0 0 0 0
 253      15 dm-15 22 0 1800 4 0 0 0 0 0 52 4 0 0 0 0
 253      16 dm-16 0 0 0 0 0 0 0 0 0 0 0 0 0 0 0
 253      17 dm-17 0 0 0 0 0 0 0 0 0 0 0 0 0 0 0
 253      18 dm-18 40 0 6472 48 0 0 0 0 0 112 48 0 0 0 0
 253      19 dm-19 69 0 9112 204 0 0 0 0 0 248 204 0 0 0 0
 253      20 dm-20 201 0 19320 508 0 0 0 0 0 768 508 0 0 0 0
 253      21 dm-21 16 0 464 8 0 0 0 0 0 52 8 0 0 0 0
 253      22 dm-22 16 0 392 88 0 0 0 0 0 68 88 0 0 0 0
 253      23 dm-23 0 0 0 0 0 0 0 0 0 0 0 0 0 0 0
 253      24 dm-24 15 0 208 4 0 0 0 0 0 36 4 0 0 0 0
 253      25 dm-25 5 0 40 8 0 0 0 0 0 20 8 0 0 0 0
 253      26 dm-26 10 0 80 16 0 0 0 0 0 32 16 0 0 0 0
 253      27 dm-27 0 0 0 0 0 0 0 0 0 0 0 0 0 0 0
 253      28 dm-28 29 0 1240 20 0 0 0 0 0 72 20 0 0 0 0
 253      29 dm-29 0 0 0 0 0 0 0 0 0 0 0 0 0 0 0
 253      30 dm-30 0 0 0 0 0 0 0 0 0 0 0 0 0 0 0
 253      31 dm-31 0 0 0 0 0 0 0 0 0 0 0 0 0 0 0
 253      32 dm-32 90 0 9256 212 0 0 0 0 0 392 212 0 0 0 0
 253      33 dm-33 0 0 0 0 0 0 0 0 0 0 0 0 0 0 0
 253      34 dm-34 23 0 2064 76 0 0 0 0 0 64 76 0 0 0 0
 253      35 dm-35 11 0 88 28 0 0 0 0 0 44 28 0 0 0 0
 253      36 dm-36 81 0 9152 140 0 0 0 0 0 216 140 0 0 0 0
 253      37 dm-37 0 0 0 0 0 0 0 0 0 0 0 0 0 0 0
 253      38 dm-38 20 0 1384 16 0 0 0 0 0 76 16 0 0 0 0
 253      39 dm-39 17 0 280 20 0 0 0 0 0 60 20 0 0 0 0
 253      40 dm-40 0 0 0 0 0 0 0 0 0 0 0 0 0 0 0
 253      41 dm-41 0 0 0 0 0 0 0 0 0 0 0 0 0 0 0
 253      42 dm-42 0 0 0 0 0 0 0 0 0 0 0 0 0 0 0
 253      43 dm-43 2717 0 175800 4400 570 0 7560 512 0 4220 4912 0 0 0 0

2348
   1       0 ram0 0 0 0 0 0 0 0 0 0 0 0 0 0 0 0
   1       1 ram1 0 0 0 0 0 0 0 0 0 0 0 0 0 0 0
   1       2 ram2 0 0 0 0 0 0 0 0 0 0 0 0 0 0 0
   1       3 ram3 0 0 0 0 0 0 0 0 0 0 0 0 0 0 0
   1       4 ram4 0 0 0 0 0 0 0 0 0 0 0 0 0 0 0
   1       5 ram5 0 0 0 0 0 0 0 0 0 0 0 0 0 0 0
   1       6 ram6 0 0 0 0 0 0 0 0 0 0 0 0 0 0 0
   1       7 ram7 0 0 0 0 0 0 0 0 0 0 0 0 0 0 0
   1       8 ram8 0 0 0 0 0 0 0 0 0 0 0 0 0 0 0
   1       9 ram9 0 0 0 0 0 0 0 0 0 0 0 0 0 0 0
   1      10 ram10 0 0 0 0 0 0 0 0 0 0 0 0 0 0 0
   1      11 ram11 0 0 0 0 0 0 0 0 0 0 0 0 0 0 0
   1      12 ram12 0 0 0 0 0 0 0 0 0 0 0 0 0 0 0
   1      13 ram13 0 0 0 0 0 0 0 0 0 0 0 0 0 0 0
   1      14 ram14 0 0 0 0 0 0 0 0 0 0 0 0 0 0 0
   1      15 ram15 0 0 0 0 0 0 0 0 0 0 0 0 0 0 0
   7       0 loop0 183 0 16168 352 0 0 0 0 0 344 116 0 0 0 0
   7       8 loop1 70 0 9008 122 0 0 0 0 0 136 32 0 0 0 0
   7      16 loop2 27 0 216 13 0 0 0 0 0 32 0 0 0 0 0
   7      24 loop3 12 0 296 8 0 0 0 0 0 32 0 0 0 0 0
   7      32 loop4 36 1 3040 29 0 0 0 0 0 56 0 0 0 0 0
   7      40 loop5 194 1 23984 297 0 0 0 0 0 408 60 0 0 0 0
   7      48 loop6 16 0 712 14 0 0 0 0 0 44 0 0 0 0 0
   7      56 loop7 26 0 1856 23 0 0 0 0 0 96 0 0 0 0 0
   7      64 loop8 25 0 1408 16 0 0 0 0 0 96 0 0 0 0 0
   7      72 loop9 734 6 74712 1830 0 0 0 0 0 2036 744 0 0 0 0
   7      80 loop10 24 0 192 17 0 0 0 0 0 28 0 0 0 0 0
   7      88 loop11 32 0 2400 25 0 0 0 0 0 84 0 0 0 0 0
   7      96 loop12 548 3 69384 482 0 0 0 0 0 1040 16 0 0 0 0
   7     104 loop13 27 0 216 48 0 0 0 0 0 44 8 0 0 0 0
   7     112 loop14 12 0 240 7 0 0 0 0 0 36 0 0 0 0 0
   7     120 loop15 52 0 4752 144 0 0 0 0 0 220 76 0 0 0 0
 254       0 zram0 0 0 0 0 0 0 0 0 0 0 0 0 0 0 0
 179       0 mmcblk0 2020 1821 144350 1721 12 0 48 14 0 1592 376 0 0 0 0
 179       1 mmcblk0p1 0 0 0 0 0 0 0 0 0 0 0 0 0 0 0
 179       2 mmcblk0p2 0 0 0 0 0 0 0 0 0 0 0 0 0 0 0
 179       3 mmcblk0p3 0 0 0 0 0 0 0 0 0 0 0 0 0 0 0
 179       4 mmcblk0p4 16 0 146 3 1 0 8 0 0 12 0 0 0 0 0
 179       5 mmcblk0p5 0 0 0 0 0 0 0 0 0 0 0 0 0 0 0
 179       6 mmcblk0p6 0 0 0 0 0 0 0 0 0 0 0 0 0 0 0
 179       7 mmcblk0p7 0 0 0 0 0 0 0 0 0 0 0 0 0 0 0
 179       8 mmcblk0p8 0 0 0 0 0 0 0 0 0 0 0 0 0 0 0
 179       9 mmcblk0p9 0 0 0 0 0 0 0 0 0 0 0 0 0 0 0
 179      10 mmcblk0p10 0 0 0 0 0 0 0 0 0 0 0 0 0 0 0
 179      11 mmcblk0p11 0 0 0 0 0 0 0 0 0 0 0 0 0 0 0
 179      12 mmcblk0p12 0 0 0 0 0 0 0 0 0 0 0 0 0 0 0
 179      13 mmcblk0p13 0 0 0 0 0 0 0 0 0 0 0 0 0 0 0
 179      14 mmcblk0p14 0 0 0 0 0 0 0 0 0 0 0 0 0 0 0
 179      15 mmcblk0p15 0 0 0 0 0 0 0 0 0 0 0 0 0 0 0
 179      16 mmcblk0p16 0 0 0 0 0 0 0 0 0 0 0 0 0 0 0
 179      17 mmcblk0p17 0 0 0 0 0 0 0 0 0 0 0 0 0 0 0
 179      18 mmcblk0p18 0 0 0 0 0 0 0 0 0 0 0 0 0 0 0
 179      19 mmcblk0p19 0 0 0 0 0 0 0 0 0 0 0 0 0 0 0
 179      20 mmcblk0p20 0 0 0 0 0 0 0 0 0 0 0 0 0 0 0
 179      21 mmcblk0p21 54 57 111 17 0 0 0 0 0 28 0 0 0 0 0
 179      22 mmcblk0p22 0 0 0 0 0 0 0 0 0 0 0 0 0 0 0
 179      23 mmcblk0p23 33 6 330 14 0 0 0 0 0 12 0 0 0 0 0
 179      24 mmcblk0p24 0 0 0 0 0 0 0 0 0 0 0 0 0 0 0
 179      25 mmcblk0p25 0 0 0 0 0 0 0 0 0 0 0 0 0 0 0
 179      26 mmcblk0p26 0 0 0 0 0 0 0 0 0 0 0 0 0 0 0
 179      27 mmcblk0p27 0 0 0 0 0 0 0 0 0 0 0 0 0 0 0
 179      28 mmcblk0p28 0 0 0 0 0 0 0 0 0 0 0 0 0 0 0
 179      29 mmcblk0p29 0 0 0 0 0 0 0 0 0 0 0 0 0 0 0
 179      30 mmcblk0p30 0 0 0 0 0 0 0 0 0 0 0 0 0 0 0
 179      31 mmcblk0p31 0 0 0 0 0 0 0 0 0 0 0 0 0 0 0
 259       0 mmcblk0p32 9 0 65 1 0 0 0 0 0 12 0 0 0 0 0
 259       1 mmcblk0p33 0 0 0 0 0 0 0 0 0 0 0 0 0 0 0
 259       2 mmcblk0p34 0 0 0 0 0 0 0 0 0 0 0 0 0 0 0
 259       3 mmcblk0p35 0 0 0 0 0 0 0 0 0 0 0 0 0 0 0
 259       4 mmcblk0p36 0 0 0 0 0 0 0 0 0 0 0 0 0 0 0
 259       5 mmcblk0p37 0 0 0 0 0 0 0 0 0 0 0 0 0 0 0
 259       6 mmcblk0p38 0 0 0 0 0 0 0 0 0 0 0 0 0 0 0
 259       7 mmcblk0p39 0 0 0 0 0 0 0 0 0 0 0 0 0 0 0
 259       8 mmcblk0p40 0 0 0 0 0 0 0 0 0 0 0 0 0 0 0
 259       9 mmcblk0p41 0 0 0 0 0 0 0 0 0 0 0 0 0 0 0
 259      10 mmcblk0p42 0 0 0 0 0 0 0 0 0 0 0 0 0 0 0
 259      11 mmcblk0p43 0 0 0 0 0 0 0 0 0 0 0 0 0 0 0
 259      12 mmcblk0p44 0 0 0 0 0 0 0 0 0 0 0 0 0 0 0
 259      13 mmcblk0p45 0 0 0 0 0 0 0 0 0 0 0 0 0 0 0
 259      14 mmcblk0p46 0 0 0 0 0 0 0 0 0 0 0 0 0 0 0
 259      15 mmcblk0p47 0 0 0 0 0 0 0 0 0 0 0 0 0 0 0
 259      16 mmcblk0p48 0 0 0 0 0 0 0 0 0 0 0 0 0 0 0
 259      17 mmcblk0p49 0 0 0 0 0 0 0 0 0 0 0 0 0 0 0
 259      18 mmcblk0p50 0 0 0 0 0 0 0 0 0 0 0 0 0 0 0
 259      19 mmcblk0p51 0 0 0 0 0 0 0 0 0 0 0 0 0 0 0
 259      20 mmcblk0p52 0 0 0 0 0 0 0 0 0 0 0 0 0 0 0
 259      21 mmcblk0p53 0 0 0 0 0 0 0 0 0 0 0 0 0 0 0
 259      22 mmcblk0p54 0 0 0 0 0 0 0 0 0 0 0 0 0 0 0
 259      23 mmcblk0p55 0 0 0 0 0 0 0 0 0 0 0 0 0 0 0
 259      24 mmcblk0p56 0 0 0 0 0 0 0 0 0 0 0 0 0 0 0
 259      25 mmcblk0p57 0 0 0 0 0 0 0 0 0 0 0 0 0 0 0
 259      26 mmcblk0p58 0 0 0 0 0 0 0 0 0 0 0 0 0 0 0
 259      27 mmcblk0p59 0 0 0 0 0 0 0 0 0 0 0 0 0 0 0
 259      28 mmcblk0p60 0 0 0 0 0 0 0 0 0 0 0 0 0 0 0
 259      29 mmcblk0p61 0 0 0 0 0 0 0 0 0 0 0 0 0 0 0
 259      30 mmcblk0p62 0 0 0 0 0 0 0 0 0 0 0 0 0 0 0
 259      31 mmcblk0p63 0 0 0 0 0 0 0 0 0 0 0 0 0 0 0
 259      32 mmcblk0p64 0 0 0 0 0 0 0 0 0 0 0 0 0 0 0
 259      33 mmcblk0p65 0 0 0 0 0 0 0 0 0 0 0 0 0 0 0
 259      34 mmcblk0p66 0 0 0 0 0 0 0 0 0 0 0 0 0 0 0
 259      35 mmcblk0p67 1851 1758 140712 1643 0 0 0 0 0 1520 360 0 0 0 0
 259      36 mmcblk0p68 1 0 128 1 0 0 0 0 0 4 0 0 0 0 0
 259      37 mmcblk0p69 0 0 0 0 0 0 0 0 0 0 0 0 0 0 0
 259      38 mmcblk0p70 0 0 0 0 0 0 0 0 0 0 0 0 0 0 0
 259      39 mmcblk0p71 0 0 0 0 0 0 0 0 0 0 0 0 0 0 0
 259      40 mmcblk0p72 47 0 2666 36 5 0 40 12 0 64 16 0 0 0 0
 259      41 mmcblk0p73 1 0 128 1 0 0 0 0 0 4 0 0 0 0 0
 259      42 mmcblk0p74 0 0 0 0 0 0 0 0 0 0 0 0 0 0 0
 259      43 mmcblk0p75 0 0 0 0 0 0 0 0 0 0 0 0 0 0 0
 259      44 mmcblk0p76 0 0 0 0 0 0 0 0 0 0 0 0 0 0 0
 259      45 mmcblk0p77 0 0 0 0 0 0 0 0 0 0 0 0 0 0 0
 259      46 mmcblk0p78 0 0 0 0 0 0 0 0 0 0 0 0 0 0 0
 259      47 mmcblk0p79 0 0 0 0 0 0 0 0 0 0 0 0 0 0 0
 259      48 mmcblk0p80 0 0 0 0 0 0 0 0 0 0 0 0 0 0 0
 253       0 dm-0 347 0 27120 516 0 0 0 0 0 332 516 0 0 0 0
 253       1 dm-1 6280 0 858568 14520 0 0 0 0 0 7504 14520 0 0 0 0
 253       2 dm-2 3081 0 199544 3972 0 0 0 0 0 3096 3972 0 0 0 0
 253       3 dm-3 3464 0 421232 6528 0 0 0 0 0 5572 6528 0 0 0 0
 253       4 dm-4 4776 0 846536 19900 0 0 0 0 0 7748 19900 0 0 0 0
 253       5 dm-5 2625 0 195896 5080 0 0 0 0 0 3268 5080 0 0 0 0
 253       6 dm-6 2694 0 415072 9892 0 0 0 0 0 5876 9892 0 0 0 0
 253       7 dm-7 208 0 26008 268 0 0 0 0 0 340 268 0 0 0 0
   7     128 loop16 19 0 536 21 0 0 0 0 0 56 8 0 0 0 0
   7     136 loop17 27 0 216 27 0 0 0 0 0 32 0 0 0 0 0
   7     144 loop18 12 0 120 14 0 0 0 0 0 40 4 0 0 0 0
   7     152 loop19 24 0 192 26 0 0 0 0 0 28 0 0 0 0 0
   7     160 loop20 42 0 3016 28 0 0 0 0 0 80 4 0 0 0 0
   7     168 loop21 24 0 1416 15 0 0 0 0 0 72 0 0 0 0 0
   7     176 loop22 25 0 640 13 0 0 0 0 2 56 0 0 0 0 0
   7     184 loop23 94 0 9256 73 0 0 0 0 0 212 0 0 0 0 0
   7     192 loop24 31 1 2168 31 0 0 0 0 0 72 4 0 0 0 0
   7     200 loop25 34 0 1280 15 0 0 0 0 0 76 0 0 0 0 0
   7     208 loop26 14 0 112 6 0 0 0 0 0 32 0 0 0 0 0
   7     216 loop27 9 0 72 4 0 0 0 0 0 20 0 0 0 0 0
   7     224 loop28 18 0 408 8 0 0 0 0 0 64 0 0 0 0 0
   7     232 loop29 85 0 9240 84 0 0 0 0 0 248 0 0 0 0 0
   7     240 loop30 21 0 504 11 0 0 0 0 0 56 0 0 0 0 0
   7     248 loop31 103 1 9368 95 0 0 0 0 0 360 8 0 0 0 0
   7     256 loop32 51 0 6560 51 0 0 0 0 0 120 4 0 0 0 0
   7     264 loop33 83 1 11992 234 0 0 0 0 0 124 124 0 0 0 0
   7     272 loop34 29 0 1368 15 0 0 0 0 0 76 0 0 0 0 0
   7     280 loop35 27 0 1840 19 0 0 0 0 0 56 0 0 0 0 0
   7     288 loop36 72 0 9048 123 0 0 0 0 0 140 44 0 0 0 0
   7     296 loop37 17 0 224 6 0 0 0 0 0 40 0 0 0 0 0
   7     304 loop38 131 1 10952 151 0 0 0 0 0 276 28 0 0 0 0
   7     312 loop39 221 5 19520 187 0 0 0 0 0 716 8 0 0 0 0
 253       8 dm-8 0 0 0 0 0 0 0 0 0 0 0 0 0 0 0
 253       9 dm-9 24 0 1328 24 0 0 0 0 0 76 24 0 0 0 0
 253      10 dm-10 114 0 10808 232 0 0 0 0 0 284 232 0 0 0 0
 253      11 dm-11 465 0 68696 1084 0 0 0 0 0 1116 1084 0 0 0 0
 253      12 dm-12 0 0 0 0 0 0 0 0 0 0 0 0 0 0 0
 253      13 dm-13 67 0 11856 460 0 0 0 0 0 132 460 0 0 0 0
 253      14 dm-14 0 0 0 0 0 0 0 0 0 0 0 0 0 0 0
 253      15 dm-15 22 0 1800 4 0 0 0 0 0 52 4 0 0 0 0
 253      16 dm-16 0 0 0 0 0 0 0 0 0 0 0 0 0 0 0
 253      17 dm-17 0 0 0 0 0 0 0 0 0 0 0 0 0 0 0
 253      18 dm-18 40 0 6472 48 0 0 0 0 0 112 48 0 0 0 0
 253      19 dm-19 69 0 9112 204 0 0 0 0 0 248 204 0 0 0 0
 253      20 dm-20 201 0 19320 508 0 0 0 0 0 768 508 0 0 0 0
 253      21 dm-21 16 0 464 8 0 0 0 0 0 52 8 0 0 0 0
 253      22 dm-22 16 0 392 88 0 0 0 0 0 68 88 0 0 0 0
 253      23 dm-23 0 0 0 0 0 0 0 0 0 0 0 0 0 0 0
 253      24 dm-24 15 0 208 4 0 0 0 0 0 36 4 0 0 0 0
 253      25 dm-25 5 0 40 8 0 0 0 0 0 20 8 0 0 0 0
 253      26 dm-26 10 0 80 16 0 0 0 0 0 32 16 0 0 0 0
 253      27 dm-27 0 0 0 0 0 0 0 0 0 0 0 0 0 0 0
 253      28 dm-28 29 0 1240 20 0 0 0 0 0 72 20 0 0 0 0
 253      29 dm-29 0 0 0 0 0 0 0 0 0 0 0 0 0 0 0
 253      30 dm-30 0 0 0 0 0 0 0 0 0 0 0 0 0 0 0
 253      31 dm-31 0 0 0 0 0 0 0 0 0 0 0 0 0 0 0
 253      32 dm-32 90 0 9256 212 0 0 0 0 0 392 212 0 0 0 0
 253      33 dm-33 0 0 0 0 0 0 0 0 0 0 0 0 0 0 0
 253      34 dm-34 26 0 2120 76 0 0 0 0 0 72 76 0 0 0 0
 253      35 dm-35 21 0 744 36 0 0 0 0 2 52 36 0 0 0 0
 253      36 dm-36 81 0 9152 140 0 0 0 0 0 216 140 0 0 0 0
 253      37 dm-37 0 0 0 0 0 0 0 0 0 0 0 0 0 0 0
 253      38 dm-38 20 0 1384 16 0 0 0 0 0 76 16 0 0 0 0
 253      39 dm-39 34 0 2952 36 0 0 0 0 0 84 36 0 0 0 0
 253      40 dm-40 0 0 0 0 0 0 0 0 0 0 0 0 0 0 0
 253      41 dm-41 0 0 0 0 0 0 0 0 0 0 0 0 0 0 0
 253      42 dm-42 0 0 0 0 0 0 0 0 0 0 0 0 0 0 0
 253      43 dm-43 2753 0 179232 4412 570 0 7560 512 1 4256 4924 0 0 0 0

2373
   1       0 ram0 0 0 0 0 0 0 0 0 0 0 0 0 0 0 0
   1       1 ram1 0 0 0 0 0 0 0 0 0 0 0 0 0 0 0
   1       2 ram2 0 0 0 0 0 0 0 0 0 0 0 0 0 0 0
   1       3 ram3 0 0 0 0 0 0 0 0 0 0 0 0 0 0 0
   1       4 ram4 0 0 0 0 0 0 0 0 0 0 0 0 0 0 0
   1       5 ram5 0 0 0 0 0 0 0 0 0 0 0 0 0 0 0
   1       6 ram6 0 0 0 0 0 0 0 0 0 0 0 0 0 0 0
   1       7 ram7 0 0 0 0 0 0 0 0 0 0 0 0 0 0 0
   1       8 ram8 0 0 0 0 0 0 0 0 0 0 0 0 0 0 0
   1       9 ram9 0 0 0 0 0 0 0 0 0 0 0 0 0 0 0
   1      10 ram10 0 0 0 0 0 0 0 0 0 0 0 0 0 0 0
   1      11 ram11 0 0 0 0 0 0 0 0 0 0 0 0 0 0 0
   1      12 ram12 0 0 0 0 0 0 0 0 0 0 0 0 0 0 0
   1      13 ram13 0 0 0 0 0 0 0 0 0 0 0 0 0 0 0
   1      14 ram14 0 0 0 0 0 0 0 0 0 0 0 0 0 0 0
   1      15 ram15 0 0 0 0 0 0 0 0 0 0 0 0 0 0 0
   7       0 loop0 183 0 16168 352 0 0 0 0 0 344 116 0 0 0 0
   7       8 loop1 70 0 9008 122 0 0 0 0 0 136 32 0 0 0 0
   7      16 loop2 27 0 216 13 0 0 0 0 0 32 0 0 0 0 0
   7      24 loop3 12 0 296 8 0 0 0 0 0 32 0 0 0 0 0
   7      32 loop4 36 1 3040 29 0 0 0 0 0 56 0 0 0 0 0
   7      40 loop5 194 1 23984 297 0 0 0 0 0 408 60 0 0 0 0
   7      48 loop6 16 0 712 14 0 0 0 0 0 44 0 0 0 0 0
   7      56 loop7 26 0 1856 23 0 0 0 0 0 96 0 0 0 0 0
   7      64 loop8 25 0 1408 16 0 0 0 0 0 96 0 0 0 0 0
   7      72 loop9 734 6 74712 1830 0 0 0 0 0 2036 744 0 0 0 0
   7      80 loop10 24 0 192 17 0 0 0 0 0 28 0 0 0 0 0
   7      88 loop11 32 0 2400 25 0 0 0 0 0 84 0 0 0 0 0
   7      96 loop12 548 3 69384 482 0 0 0 0 0 1040 16 0 0 0 0
   7     104 loop13 27 0 216 48 0 0 0 0 0 44 8 0 0 0 0
   7     112 loop14 15 0 280 9 0 0 0 0 0 40 0 0 0 0 0
   7     120 loop15 52 0 4752 144 0 0 0 0 0 220 76 0 0 0 0
 254       0 zram0 0 0 0 0 0 0 0 0 0 0 0 0 0 0 0
 179       0 mmcblk0 2020 1821 144350 1721 12 0 48 14 0 1592 376 0 0 0 0
 179       1 mmcblk0p1 0 0 0 0 0 0 0 0 0 0 0 0 0 0 0
 179       2 mmcblk0p2 0 0 0 0 0 0 0 0 0 0 0 0 0 0 0
 179       3 mmcblk0p3 0 0 0 0 0 0 0 0 0 0 0 0 0 0 0
 179       4 mmcblk0p4 16 0 146 3 1 0 8 0 0 12 0 0 0 0 0
 179       5 mmcblk0p5 0 0 0 0 0 0 0 0 0 0 0 0 0 0 0
 179       6 mmcblk0p6 0 0 0 0 0 0 0 0 0 0 0 0 0 0 0
 179       7 mmcblk0p7 0 0 0 0 0 0 0 0 0 0 0 0 0 0 0
 179       8 mmcblk0p8 0 0 0 0 0 0 0 0 0 0 0 0 0 0 0
 179       9 mmcblk0p9 0 0 0 0 0 0 0 0 0 0 0 0 0 0 0
 179      10 mmcblk0p10 0 0 0 0 0 0 0 0 0 0 0 0 0 0 0
 179      11 mmcblk0p11 0 0 0 0 0 0 0 0 0 0 0 0 0 0 0
 179      12 mmcblk0p12 0 0 0 0 0 0 0 0 0 0 0 0 0 0 0
 179      13 mmcblk0p13 0 0 0 0 0 0 0 0 0 0 0 0 0 0 0
 179      14 mmcblk0p14 0 0 0 0 0 0 0 0 0 0 0 0 0 0 0
 179      15 mmcblk0p15 0 0 0 0 0 0 0 0 0 0 0 0 0 0 0
 179      16 mmcblk0p16 0 0 0 0 0 0 0 0 0 0 0 0 0 0 0
 179      17 mmcblk0p17 0 0 0 0 0 0 0 0 0 0 0 0 0 0 0
 179      18 mmcblk0p18 0 0 0 0 0 0 0 0 0 0 0 0 0 0 0
 179      19 mmcblk0p19 0 0 0 0 0 0 0 0 0 0 0 0 0 0 0
 179      20 mmcblk0p20 0 0 0 0 0 0 0 0 0 0 0 0 0 0 0
 179      21 mmcblk0p21 54 57 111 17 0 0 0 0 0 28 0 0 0 0 0
 179      22 mmcblk0p22 0 0 0 0 0 0 0 0 0 0 0 0 0 0 0
 179      23 mmcblk0p23 33 6 330 14 0 0 0 0 0 12 0 0 0 0 0
 179      24 mmcblk0p24 0 0 0 0 0 0 0 0 0 0 0 0 0 0 0
 179      25 mmcblk0p25 0 0 0 0 0 0 0 0 0 0 0 0 0 0 0
 179      26 mmcblk0p26 0 0 0 0 0 0 0 0 0 0 0 0 0 0 0
 179      27 mmcblk0p27 0 0 0 0 0 0 0 0 0 0 0 0 0 0 0
 179      28 mmcblk0p28 0 0 0 0 0 0 0 0 0 0 0 0 0 0 0
 179      29 mmcblk0p29 0 0 0 0 0 0 0 0 0 0 0 0 0 0 0
 179      30 mmcblk0p30 0 0 0 0 0 0 0 0 0 0 0 0 0 0 0
 179      31 mmcblk0p31 0 0 0 0 0 0 0 0 0 0 0 0 0 0 0
 259       0 mmcblk0p32 9 0 65 1 0 0 0 0 0 12 0 0 0 0 0
 259       1 mmcblk0p33 0 0 0 0 0 0 0 0 0 0 0 0 0 0 0
 259       2 mmcblk0p34 0 0 0 0 0 0 0 0 0 0 0 0 0 0 0
 259       3 mmcblk0p35 0 0 0 0 0 0 0 0 0 0 0 0 0 0 0
 259       4 mmcblk0p36 0 0 0 0 0 0 0 0 0 0 0 0 0 0 0
 259       5 mmcblk0p37 0 0 0 0 0 0 0 0 0 0 0 0 0 0 0
 259       6 mmcblk0p38 0 0 0 0 0 0 0 0 0 0 0 0 0 0 0
 259       7 mmcblk0p39 0 0 0 0 0 0 0 0 0 0 0 0 0 0 0
 259       8 mmcblk0p40 0 0 0 0 0 0 0 0 0 0 0 0 0 0 0
 259       9 mmcblk0p41 0 0 0 0 0 0 0 0 0 0 0 0 0 0 0
 259      10 mmcblk0p42 0 0 0 0 0 0 0 0 0 0 0 0 0 0 0
 259      11 mmcblk0p43 0 0 0 0 0 0 0 0 0 0 0 0 0 0 0
 259      12 mmcblk0p44 0 0 0 0 0 0 0 0 0 0 0 0 0 0 0
 259      13 mmcblk0p45 0 0 0 0 0 0 0 0 0 0 0 0 0 0 0
 259      14 mmcblk0p46 0 0 0 0 0 0 0 0 0 0 0 0 0 0 0
 259      15 mmcblk0p47 0 0 0 0 0 0 0 0 0 0 0 0 0 0 0
 259      16 mmcblk0p48 0 0 0 0 0 0 0 0 0 0 0 0 0 0 0
 259      17 mmcblk0p49 0 0 0 0 0 0 0 0 0 0 0 0 0 0 0
 259      18 mmcblk0p50 0 0 0 0 0 0 0 0 0 0 0 0 0 0 0
 259      19 mmcblk0p51 0 0 0 0 0 0 0 0 0 0 0 0 0 0 0
 259      20 mmcblk0p52 0 0 0 0 0 0 0 0 0 0 0 0 0 0 0
 259      21 mmcblk0p53 0 0 0 0 0 0 0 0 0 0 0 0 0 0 0
 259      22 mmcblk0p54 0 0 0 0 0 0 0 0 0 0 0 0 0 0 0
 259      23 mmcblk0p55 0 0 0 0 0 0 0 0 0 0 0 0 0 0 0
 259      24 mmcblk0p56 0 0 0 0 0 0 0 0 0 0 0 0 0 0 0
 259      25 mmcblk0p57 0 0 0 0 0 0 0 0 0 0 0 0 0 0 0
 259      26 mmcblk0p58 0 0 0 0 0 0 0 0 0 0 0 0 0 0 0
 259      27 mmcblk0p59 0 0 0 0 0 0 0 0 0 0 0 0 0 0 0
 259      28 mmcblk0p60 0 0 0 0 0 0 0 0 0 0 0 0 0 0 0
 259      29 mmcblk0p61 0 0 0 0 0 0 0 0 0 0 0 0 0 0 0
 259      30 mmcblk0p62 0 0 0 0 0 0 0 0 0 0 0 0 0 0 0
 259      31 mmcblk0p63 0 0 0 0 0 0 0 0 0 0 0 0 0 0 0
 259      32 mmcblk0p64 0 0 0 0 0 0 0 0 0 0 0 0 0 0 0
 259      33 mmcblk0p65 0 0 0 0 0 0 0 0 0 0 0 0 0 0 0
 259      34 mmcblk0p66 0 0 0 0 0 0 0 0 0 0 0 0 0 0 0
 259      35 mmcblk0p67 1851 1758 140712 1643 0 0 0 0 0 1520 360 0 0 0 0
 259      36 mmcblk0p68 1 0 128 1 0 0 0 0 0 4 0 0 0 0 0
 259      37 mmcblk0p69 0 0 0 0 0 0 0 0 0 0 0 0 0 0 0
 259      38 mmcblk0p70 0 0 0 0 0 0 0 0 0 0 0 0 0 0 0
 259      39 mmcblk0p71 0 0 0 0 0 0 0 0 0 0 0 0 0 0 0
 259      40 mmcblk0p72 47 0 2666 36 5 0 40 12 0 64 16 0 0 0 0
 259      41 mmcblk0p73 1 0 128 1 0 0 0 0 0 4 0 0 0 0 0
 259      42 mmcblk0p74 0 0 0 0 0 0 0 0 0 0 0 0 0 0 0
 259      43 mmcblk0p75 0 0 0 0 0 0 0 0 0 0 0 0 0 0 0
 259      44 mmcblk0p76 0 0 0 0 0 0 0 0 0 0 0 0 0 0 0
 259      45 mmcblk0p77 0 0 0 0 0 0 0 0 0 0 0 0 0 0 0
 259      46 mmcblk0p78 0 0 0 0 0 0 0 0 0 0 0 0 0 0 0
 259      47 mmcblk0p79 0 0 0 0 0 0 0 0 0 0 0 0 0 0 0
 259      48 mmcblk0p80 0 0 0 0 0 0 0 0 0 0 0 0 0 0 0
 253       0 dm-0 347 0 27120 516 0 0 0 0 0 332 516 0 0 0 0
 253       1 dm-1 6286 0 858696 14524 0 0 0 0 0 7520 14524 0 0 0 0
 253       2 dm-2 3081 0 199544 3972 0 0 0 0 0 3096 3972 0 0 0 0
 253       3 dm-3 3464 0 421232 6528 0 0 0 0 0 5572 6528 0 0 0 0
 253       4 dm-4 4782 0 846664 19904 0 0 0 0 0 7764 19904 0 0 0 0
 253       5 dm-5 2625 0 195896 5080 0 0 0 0 0 3268 5080 0 0 0 0
 253       6 dm-6 2694 0 415072 9892 0 0 0 0 0 5876 9892 0 0 0 0
 253       7 dm-7 208 0 26008 268 0 0 0 0 0 340 268 0 0 0 0
   7     128 loop16 19 0 536 21 0 0 0 0 0 56 8 0 0 0 0
   7     136 loop17 27 0 216 27 0 0 0 0 0 32 0 0 0 0 0
   7     144 loop18 15 0 208 16 0 0 0 0 0 52 4 0 0 0 0
   7     152 loop19 24 0 192 26 0 0 0 0 0 28 0 0 0 0 0
   7     160 loop20 42 0 3016 28 0 0 0 0 0 80 4 0 0 0 0
   7     168 loop21 24 0 1416 15 0 0 0 0 0 72 0 0 0 0 0
   7     176 loop22 63 0 5960 44 0 0 0 0 0 100 0 0 0 0 0
   7     184 loop23 94 0 9256 73 0 0 0 0 0 212 0 0 0 0 0
   7     192 loop24 31 1 2168 31 0 0 0 0 0 72 4 0 0 0 0
   7     200 loop25 34 0 1280 15 0 0 0 0 0 76 0 0 0 0 0
   7     208 loop26 14 0 112 6 0 0 0 0 0 32 0 0 0 0 0
   7     216 loop27 9 0 72 4 0 0 0 0 0 20 0 0 0 0 0
   7     224 loop28 18 0 408 8 0 0 0 0 0 64 0 0 0 0 0
   7     232 loop29 85 0 9240 84 0 0 0 0 0 248 0 0 0 0 0
   7     240 loop30 21 0 504 11 0 0 0 0 0 56 0 0 0 0 0
   7     248 loop31 103 1 9368 95 0 0 0 0 0 360 8 0 0 0 0
   7     256 loop32 51 0 6560 51 0 0 0 0 0 120 4 0 0 0 0
   7     264 loop33 109 1 14504 252 0 0 0 0 0 148 124 0 0 0 0
   7     272 loop34 106 5 11816 79 0 0 0 0 0 152 0 0 0 0 0
   7     280 loop35 27 0 1840 19 0 0 0 0 0 56 0 0 0 0 0
   7     288 loop36 72 0 9048 123 0 0 0 0 0 140 44 0 0 0 0
   7     296 loop37 17 0 224 6 0 0 0 0 0 40 0 0 0 0 0
   7     304 loop38 158 1 13760 169 0 0 0 0 0 304 28 0 0 0 0
   7     312 loop39 221 5 19520 187 0 0 0 0 0 716 8 0 0 0 0
 253       8 dm-8 0 0 0 0 0 0 0 0 0 0 0 0 0 0 0
 253       9 dm-9 92 0 11664 68 0 0 0 0 0 152 68 0 0 0 0
 253      10 dm-10 137 0 13584 252 0 0 0 0 0 316 252 0 0 0 0
 253      11 dm-11 465 0 68696 1084 0 0 0 0 0 1116 1084 0 0 0 0
 253      12 dm-12 0 0 0 0 0 0 0 0 0 0 0 0 0 0 0
 253      13 dm-13 92 0 14408 476 0 0 0 0 1 156 476 0 0 0 0
 253      14 dm-14 0 0 0 0 0 0 0 0 0 0 0 0 0 0 0
 253      15 dm-15 22 0 1800 4 0 0 0 0 0 52 4 0 0 0 0
 253      16 dm-16 0 0 0 0 0 0 0 0 0 0 0 0 0 0 0
 253      17 dm-17 0 0 0 0 0 0 0 0 0 0 0 0 0 0 0
 253      18 dm-18 40 0 6472 48 0 0 0 0 0 112 48 0 0 0 0
 253      19 dm-19 69 0 9112 204 0 0 0 0 0 248 204 0 0 0 0
 253      20 dm-20 201 0 19320 508 0 0 0 0 0 768 508 0 0 0 0
 253      21 dm-21 16 0 464 8 0 0 0 0 0 52 8 0 0 0 0
 253      22 dm-22 16 0 392 88 0 0 0 0 0 68 88 0 0 0 0
 253      23 dm-23 0 0 0 0 0 0 0 0 0 0 0 0 0 0 0
 253      24 dm-24 15 0 208 4 0 0 0 0 0 36 4 0 0 0 0
 253      25 dm-25 5 0 40 8 0 0 0 0 0 20 8 0 0 0 0
 253      26 dm-26 10 0 80 16 0 0 0 0 0 32 16 0 0 0 0
 253      27 dm-27 0 0 0 0 0 0 0 0 0 0 0 0 0 0 0
 253      28 dm-28 29 0 1240 20 0 0 0 0 0 72 20 0 0 0 0
 253      29 dm-29 0 0 0 0 0 0 0 0 0 0 0 0 0 0 0
 253      30 dm-30 0 0 0 0 0 0 0 0 0 0 0 0 0 0 0
 253      31 dm-31 0 0 0 0 0 0 0 0 0 0 0 0 0 0 0
 253      32 dm-32 90 0 9256 212 0 0 0 0 0 392 212 0 0 0 0
 253      33 dm-33 0 0 0 0 0 0 0 0 0 0 0 0 0 0 0
 253      34 dm-34 26 0 2120 76 0 0 0 0 0 72 76 0 0 0 0
 253      35 dm-35 48 0 5840 72 0 0 0 0 0 100 72 0 0 0 0
 253      36 dm-36 81 0 9152 140 0 0 0 0 0 216 140 0 0 0 0
 253      37 dm-37 0 0 0 0 0 0 0 0 0 0 0 0 0 0 0
 253      38 dm-38 20 0 1384 16 0 0 0 0 0 76 16 0 0 0 0
 253      39 dm-39 34 0 2952 36 0 0 0 0 0 84 36 0 0 0 0
 253      40 dm-40 0 0 0 0 0 0 0 0 0 0 0 0 0 0 0
 253      41 dm-41 0 0 0 0 0 0 0 0 0 0 0 0 0 0 0
 253      42 dm-42 0 0 0 0 0 0 0 0 0 0 0 0 0 0 0
 253      43 dm-43 2920 0 200224 4476 570 0 7560 512 1 4424 4988 0 0 0 0

2397
   1       0 ram0 0 0 0 0 0 0 0 0 0 0 0 0 0 0 0
   1       1 ram1 0 0 0 0 0 0 0 0 0 0 0 0 0 0 0
   1       2 ram2 0 0 0 0 0 0 0 0 0 0 0 0 0 0 0
   1       3 ram3 0 0 0 0 0 0 0 0 0 0 0 0 0 0 0
   1       4 ram4 0 0 0 0 0 0 0 0 0 0 0 0 0 0 0
   1       5 ram5 0 0 0 0 0 0 0 0 0 0 0 0 0 0 0
   1       6 ram6 0 0 0 0 0 0 0 0 0 0 0 0 0 0 0
   1       7 ram7 0 0 0 0 0 0 0 0 0 0 0 0 0 0 0
   1       8 ram8 0 0 0 0 0 0 0 0 0 0 0 0 0 0 0
   1       9 ram9 0 0 0 0 0 0 0 0 0 0 0 0 0 0 0
   1      10 ram10 0 0 0 0 0 0 0 0 0 0 0 0 0 0 0
   1      11 ram11 0 0 0 0 0 0 0 0 0 0 0 0 0 0 0
   1      12 ram12 0 0 0 0 0 0 0 0 0 0 0 0 0 0 0
   1      13 ram13 0 0 0 0 0 0 0 0 0 0 0 0 0 0 0
   1      14 ram14 0 0 0 0 0 0 0 0 0 0 0 0 0 0 0
   1      15 ram15 0 0 0 0 0 0 0 0 0 0 0 0 0 0 0
   7       0 loop0 183 0 16168 352 0 0 0 0 0 344 116 0 0 0 0
   7       8 loop1 70 0 9008 122 0 0 0 0 0 136 32 0 0 0 0
   7      16 loop2 27 0 216 13 0 0 0 0 0 32 0 0 0 0 0
   7      24 loop3 12 0 296 8 0 0 0 0 0 32 0 0 0 0 0
   7      32 loop4 36 1 3040 29 0 0 0 0 0 56 0 0 0 0 0
   7      40 loop5 194 1 23984 297 0 0 0 0 0 408 60 0 0 0 0
   7      48 loop6 16 0 712 14 0 0 0 0 0 44 0 0 0 0 0
   7      56 loop7 61 0 6856 58 0 0 0 0 0 148 0 0 0 0 0
   7      64 loop8 25 0 1408 16 0 0 0 0 0 96 0 0 0 0 0
   7      72 loop9 734 6 74712 1830 0 0 0 0 0 2036 744 0 0 0 0
   7      80 loop10 24 0 192 17 0 0 0 0 0 28 0 0 0 0 0
   7      88 loop11 32 0 2400 25 0 0 0 0 0 84 0 0 0 0 0
   7      96 loop12 548 3 69384 482 0 0 0 0 0 1040 16 0 0 0 0
   7     104 loop13 27 0 216 48 0 0 0 0 0 44 8 0 0 0 0
   7     112 loop14 15 0 280 9 0 0 0 0 0 40 0 0 0 0 0
   7     120 loop15 52 0 4752 144 0 0 0 0 0 220 76 0 0 0 0
 254       0 zram0 0 0 0 0 0 0 0 0 0 0 0 0 0 0 0
 179       0 mmcblk0 2020 1821 144350 1721 12 0 48 14 0 1592 376 0 0 0 0
 179       1 mmcblk0p1 0 0 0 0 0 0 0 0 0 0 0 0 0 0 0
 179       2 mmcblk0p2 0 0 0 0 0 0 0 0 0 0 0 0 0 0 0
 179       3 mmcblk0p3 0 0 0 0 0 0 0 0 0 0 0 0 0 0 0
 179       4 mmcblk0p4 16 0 146 3 1 0 8 0 0 12 0 0 0 0 0
 179       5 mmcblk0p5 0 0 0 0 0 0 0 0 0 0 0 0 0 0 0
 179       6 mmcblk0p6 0 0 0 0 0 0 0 0 0 0 0 0 0 0 0
 179       7 mmcblk0p7 0 0 0 0 0 0 0 0 0 0 0 0 0 0 0
 179       8 mmcblk0p8 0 0 0 0 0 0 0 0 0 0 0 0 0 0 0
 179       9 mmcblk0p9 0 0 0 0 0 0 0 0 0 0 0 0 0 0 0
 179      10 mmcblk0p10 0 0 0 0 0 0 0 0 0 0 0 0 0 0 0
 179      11 mmcblk0p11 0 0 0 0 0 0 0 0 0 0 0 0 0 0 0
 179      12 mmcblk0p12 0 0 0 0 0 0 0 0 0 0 0 0 0 0 0
 179      13 mmcblk0p13 0 0 0 0 0 0 0 0 0 0 0 0 0 0 0
 179      14 mmcblk0p14 0 0 0 0 0 0 0 0 0 0 0 0 0 0 0
 179      15 mmcblk0p15 0 0 0 0 0 0 0 0 0 0 0 0 0 0 0
 179      16 mmcblk0p16 0 0 0 0 0 0 0 0 0 0 0 0 0 0 0
 179      17 mmcblk0p17 0 0 0 0 0 0 0 0 0 0 0 0 0 0 0
 179      18 mmcblk0p18 0 0 0 0 0 0 0 0 0 0 0 0 0 0 0
 179      19 mmcblk0p19 0 0 0 0 0 0 0 0 0 0 0 0 0 0 0
 179      20 mmcblk0p20 0 0 0 0 0 0 0 0 0 0 0 0 0 0 0
 179      21 mmcblk0p21 54 57 111 17 0 0 0 0 0 28 0 0 0 0 0
 179      22 mmcblk0p22 0 0 0 0 0 0 0 0 0 0 0 0 0 0 0
 179      23 mmcblk0p23 33 6 330 14 0 0 0 0 0 12 0 0 0 0 0
 179      24 mmcblk0p24 0 0 0 0 0 0 0 0 0 0 0 0 0 0 0
 179      25 mmcblk0p25 0 0 0 0 0 0 0 0 0 0 0 0 0 0 0
 179      26 mmcblk0p26 0 0 0 0 0 0 0 0 0 0 0 0 0 0 0
 179      27 mmcblk0p27 0 0 0 0 0 0 0 0 0 0 0 0 0 0 0
 179      28 mmcblk0p28 0 0 0 0 0 0 0 0 0 0 0 0 0 0 0
 179      29 mmcblk0p29 0 0 0 0 0 0 0 0 0 0 0 0 0 0 0
 179      30 mmcblk0p30 0 0 0 0 0 0 0 0 0 0 0 0 0 0 0
 179      31 mmcblk0p31 0 0 0 0 0 0 0 0 0 0 0 0 0 0 0
 259       0 mmcblk0p32 9 0 65 1 0 0 0 0 0 12 0 0 0 0 0
 259       1 mmcblk0p33 0 0 0 0 0 0 0 0 0 0 0 0 0 0 0
 259       2 mmcblk0p34 0 0 0 0 0 0 0 0 0 0 0 0 0 0 0
 259       3 mmcblk0p35 0 0 0 0 0 0 0 0 0 0 0 0 0 0 0
 259       4 mmcblk0p36 0 0 0 0 0 0 0 0 0 0 0 0 0 0 0
 259       5 mmcblk0p37 0 0 0 0 0 0 0 0 0 0 0 0 0 0 0
 259       6 mmcblk0p38 0 0 0 0 0 0 0 0 0 0 0 0 0 0 0
 259       7 mmcblk0p39 0 0 0 0 0 0 0 0 0 0 0 0 0 0 0
 259       8 mmcblk0p40 0 0 0 0 0 0 0 0 0 0 0 0 0 0 0
 259       9 mmcblk0p41 0 0 0 0 0 0 0 0 0 0 0 0 0 0 0
 259      10 mmcblk0p42 0 0 0 0 0 0 0 0 0 0 0 0 0 0 0
 259      11 mmcblk0p43 0 0 0 0 0 0 0 0 0 0 0 0 0 0 0
 259      12 mmcblk0p44 0 0 0 0 0 0 0 0 0 0 0 0 0 0 0
 259      13 mmcblk0p45 0 0 0 0 0 0 0 0 0 0 0 0 0 0 0
 259      14 mmcblk0p46 0 0 0 0 0 0 0 0 0 0 0 0 0 0 0
 259      15 mmcblk0p47 0 0 0 0 0 0 0 0 0 0 0 0 0 0 0
 259      16 mmcblk0p48 0 0 0 0 0 0 0 0 0 0 0 0 0 0 0
 259      17 mmcblk0p49 0 0 0 0 0 0 0 0 0 0 0 0 0 0 0
 259      18 mmcblk0p50 0 0 0 0 0 0 0 0 0 0 0 0 0 0 0
 259      19 mmcblk0p51 0 0 0 0 0 0 0 0 0 0 0 0 0 0 0
 259      20 mmcblk0p52 0 0 0 0 0 0 0 0 0 0 0 0 0 0 0
 259      21 mmcblk0p53 0 0 0 0 0 0 0 0 0 0 0 0 0 0 0
 259      22 mmcblk0p54 0 0 0 0 0 0 0 0 0 0 0 0 0 0 0
 259      23 mmcblk0p55 0 0 0 0 0 0 0 0 0 0 0 0 0 0 0
 259      24 mmcblk0p56 0 0 0 0 0 0 0 0 0 0 0 0 0 0 0
 259      25 mmcblk0p57 0 0 0 0 0 0 0 0 0 0 0 0 0 0 0
 259      26 mmcblk0p58 0 0 0 0 0 0 0 0 0 0 0 0 0 0 0
 259      27 mmcblk0p59 0 0 0 0 0 0 0 0 0 0 0 0 0 0 0
 259      28 mmcblk0p60 0 0 0 0 0 0 0 0 0 0 0 0 0 0 0
 259      29 mmcblk0p61 0 0 0 0 0 0 0 0 0 0 0 0 0 0 0
 259      30 mmcblk0p62 0 0 0 0 0 0 0 0 0 0 0 0 0 0 0
 259      31 mmcblk0p63 0 0 0 0 0 0 0 0 0 0 0 0 0 0 0
 259      32 mmcblk0p64 0 0 0 0 0 0 0 0 0 0 0 0 0 0 0
 259      33 mmcblk0p65 0 0 0 0 0 0 0 0 0 0 0 0 0 0 0
 259      34 mmcblk0p66 0 0 0 0 0 0 0 0 0 0 0 0 0 0 0
 259      35 mmcblk0p67 1851 1758 140712 1643 0 0 0 0 0 1520 360 0 0 0 0
 259      36 mmcblk0p68 1 0 128 1 0 0 0 0 0 4 0 0 0 0 0
 259      37 mmcblk0p69 0 0 0 0 0 0 0 0 0 0 0 0 0 0 0
 259      38 mmcblk0p70 0 0 0 0 0 0 0 0 0 0 0 0 0 0 0
 259      39 mmcblk0p71 0 0 0 0 0 0 0 0 0 0 0 0 0 0 0
 259      40 mmcblk0p72 47 0 2666 36 5 0 40 12 0 64 16 0 0 0 0
 259      41 mmcblk0p73 1 0 128 1 0 0 0 0 0 4 0 0 0 0 0
 259      42 mmcblk0p74 0 0 0 0 0 0 0 0 0 0 0 0 0 0 0
 259      43 mmcblk0p75 0 0 0 0 0 0 0 0 0 0 0 0 0 0 0
 259      44 mmcblk0p76 0 0 0 0 0 0 0 0 0 0 0 0 0 0 0
 259      45 mmcblk0p77 0 0 0 0 0 0 0 0 0 0 0 0 0 0 0
 259      46 mmcblk0p78 0 0 0 0 0 0 0 0 0 0 0 0 0 0 0
 259      47 mmcblk0p79 0 0 0 0 0 0 0 0 0 0 0 0 0 0 0
 259      48 mmcblk0p80 0 0 0 0 0 0 0 0 0 0 0 0 0 0 0
 253       0 dm-0 347 0 27120 516 0 0 0 0 0 332 516 0 0 0 0
 253       1 dm-1 6328 0 863752 14544 0 0 0 0 0 7572 14544 0 0 0 0
 253       2 dm-2 3081 0 199544 3972 0 0 0 0 0 3096 3972 0 0 0 0
 253       3 dm-3 3464 0 421232 6528 0 0 0 0 0 5572 6528 0 0 0 0
 253       4 dm-4 4817 0 851664 19928 0 0 0 0 0 7816 19928 0 0 0 0
 253       5 dm-5 2625 0 195896 5080 0 0 0 0 0 3268 5080 0 0 0 0
 253       6 dm-6 2694 0 415072 9892 0 0 0 0 0 5876 9892 0 0 0 0
 253       7 dm-7 208 0 26008 268 0 0 0 0 0 340 268 0 0 0 0
   7     128 loop16 19 0 536 21 0 0 0 0 0 56 8 0 0 0 0
   7     136 loop17 27 0 216 27 0 0 0 0 0 32 0 0 0 0 0
   7     144 loop18 15 0 208 16 0 0 0 0 0 52 4 0 0 0 0
   7     152 loop19 24 0 192 26 0 0 0 0 0 28 0 0 0 0 0
   7     160 loop20 42 0 3016 28 0 0 0 0 0 80 4 0 0 0 0
   7     168 loop21 24 0 1416 15 0 0 0 0 0 72 0 0 0 0 0
   7     176 loop22 63 0 5960 44 0 0 0 0 0 100 0 0 0 0 0
   7     184 loop23 94 0 9256 73 0 0 0 0 0 212 0 0 0 0 0
   7     192 loop24 31 1 2168 31 0 0 0 0 0 72 4 0 0 0 0
   7     200 loop25 1360 0 13784 1417 0 0 0 0 0 220 0 0 0 0 0
   7     208 loop26 14 0 112 6 0 0 0 0 0 32 0 0 0 0 0
   7     216 loop27 9 0 72 4 0 0 0 0 0 20 0 0 0 0 0
   7     224 loop28 18 0 408 8 0 0 0 0 0 64 0 0 0 0 0
   7     232 loop29 85 0 9240 84 0 0 0 0 0 248 0 0 0 0 0
   7     240 loop30 28 0 864 15 0 0 0 0 0 64 0 0 0 0 0
   7     248 loop31 103 1 9368 95 0 0 0 0 0 360 8 0 0 0 0
   7     256 loop32 51 0 6560 51 0 0 0 0 0 120 4 0 0 0 0
   7     264 loop33 110 1 14560 252 0 0 0 0 0 148 124 0 0 0 0
   7     272 loop34 106 5 11816 79 0 0 0 0 0 152 0 0 0 0 0
   7     280 loop35 27 0 1840 19 0 0 0 0 0 56 0 0 0 0 0
   7     288 loop36 72 0 9048 123 0 0 0 0 0 140 44 0 0 0 0
   7     296 loop37 17 0 224 6 0 0 0 0 0 40 0 0 0 0 0
   7     304 loop38 158 1 13760 169 0 0 0 0 0 304 28 0 0 0 0
   7     312 loop39 221 5 19520 187 0 0 0 0 0 716 8 0 0 0 0
 253       8 dm-8 0 0 0 0 0 0 0 0 0 0 0 0 0 0 0
 253       9 dm-9 92 0 11664 68 0 0 0 0 0 152 68 0 0 0 0
 253      10 dm-10 137 0 13584 252 0 0 0 0 0 316 252 0 0 0 0
 253      11 dm-11 465 0 68696 1084 0 0 0 0 0 1116 1084 0 0 0 0
 253      12 dm-12 0 0 0 0 0 0 0 0 0 0 0 0 0 0 0
 253      13 dm-13 92 0 14408 480 0 0 0 0 0 160 480 0 0 0 0
 253      14 dm-14 0 0 0 0 0 0 0 0 0 0 0 0 0 0 0
 253      15 dm-15 22 0 1800 4 0 0 0 0 0 52 4 0 0 0 0
 253      16 dm-16 0 0 0 0 0 0 0 0 0 0 0 0 0 0 0
 253      17 dm-17 0 0 0 0 0 0 0 0 0 0 0 0 0 0 0
 253      18 dm-18 40 0 6472 48 0 0 0 0 0 112 48 0 0 0 0
 253      19 dm-19 69 0 9112 204 0 0 0 0 0 248 204 0 0 0 0
 253      20 dm-20 201 0 19320 508 0 0 0 0 0 768 508 0 0 0 0
 253      21 dm-21 23 0 824 8 0 0 0 0 0 60 8 0 0 0 0
 253      22 dm-22 16 0 392 88 0 0 0 0 0 68 88 0 0 0 0
 253      23 dm-23 0 0 0 0 0 0 0 0 0 0 0 0 0 0 0
 253      24 dm-24 15 0 208 4 0 0 0 0 0 36 4 0 0 0 0
 253      25 dm-25 5 0 40 8 0 0 0 0 0 20 8 0 0 0 0
 253      26 dm-26 10 0 80 16 0 0 0 0 0 32 16 0 0 0 0
 253      27 dm-27 0 0 0 0 0 0 0 0 0 0 0 0 0 0 0
 253      28 dm-28 1350 0 13704 1600 0 0 0 0 1 216 1600 0 0 0 0
 253      29 dm-29 0 0 0 0 0 0 0 0 0 0 0 0 0 0 0
 253      30 dm-30 0 0 0 0 0 0 0 0 0 0 0 0 0 0 0
 253      31 dm-31 0 0 0 0 0 0 0 0 0 0 0 0 0 0 0
 253      32 dm-32 90 0 9256 212 0 0 0 0 0 392 212 0 0 0 0
 253      33 dm-33 0 0 0 0 0 0 0 0 0 0 0 0 0 0 0
 253      34 dm-34 26 0 2120 76 0 0 0 0 0 72 76 0 0 0 0
 253      35 dm-35 48 0 5840 72 0 0 0 0 0 100 72 0 0 0 0
 253      36 dm-36 81 0 9152 140 0 0 0 0 0 216 140 0 0 0 0
 253      37 dm-37 0 0 0 0 0 0 0 0 0 0 0 0 0 0 0
 253      38 dm-38 20 0 1384 16 0 0 0 0 0 76 16 0 0 0 0
 253      39 dm-39 34 0 2952 36 0 0 0 0 0 84 36 0 0 0 0
 253      40 dm-40 0 0 0 0 0 0 0 0 0 0 0 0 0 0 0
 253      41 dm-41 0 0 0 0 0 0 0 0 0 0 0 0 0 0 0
 253      42 dm-42 0 0 0 0 0 0 0 0 0 0 0 0 0 0 0
 253      43 dm-43 4253 0 213088 5160 570 0 7560 512 0 4576 5672 0 0 0 0

2426
   1       0 ram0 0 0 0 0 0 0 0 0 0 0 0 0 0 0 0
   1       1 ram1 0 0 0 0 0 0 0 0 0 0 0 0 0 0 0
   1       2 ram2 0 0 0 0 0 0 0 0 0 0 0 0 0 0 0
   1       3 ram3 0 0 0 0 0 0 0 0 0 0 0 0 0 0 0
   1       4 ram4 0 0 0 0 0 0 0 0 0 0 0 0 0 0 0
   1       5 ram5 0 0 0 0 0 0 0 0 0 0 0 0 0 0 0
   1       6 ram6 0 0 0 0 0 0 0 0 0 0 0 0 0 0 0
   1       7 ram7 0 0 0 0 0 0 0 0 0 0 0 0 0 0 0
   1       8 ram8 0 0 0 0 0 0 0 0 0 0 0 0 0 0 0
   1       9 ram9 0 0 0 0 0 0 0 0 0 0 0 0 0 0 0
   1      10 ram10 0 0 0 0 0 0 0 0 0 0 0 0 0 0 0
   1      11 ram11 0 0 0 0 0 0 0 0 0 0 0 0 0 0 0
   1      12 ram12 0 0 0 0 0 0 0 0 0 0 0 0 0 0 0
   1      13 ram13 0 0 0 0 0 0 0 0 0 0 0 0 0 0 0
   1      14 ram14 0 0 0 0 0 0 0 0 0 0 0 0 0 0 0
   1      15 ram15 0 0 0 0 0 0 0 0 0 0 0 0 0 0 0
   7       0 loop0 183 0 16168 352 0 0 0 0 0 344 116 0 0 0 0
   7       8 loop1 70 0 9008 122 0 0 0 0 0 136 32 0 0 0 0
   7      16 loop2 27 0 216 13 0 0 0 0 0 32 0 0 0 0 0
   7      24 loop3 12 0 296 8 0 0 0 0 0 32 0 0 0 0 0
   7      32 loop4 36 1 3040 29 0 0 0 0 0 56 0 0 0 0 0
   7      40 loop5 194 1 23984 297 0 0 0 0 0 408 60 0 0 0 0
   7      48 loop6 16 0 712 14 0 0 0 0 0 44 0 0 0 0 0
   7      56 loop7 61 0 6856 58 0 0 0 0 0 148 0 0 0 0 0
   7      64 loop8 25 0 1408 16 0 0 0 0 0 96 0 0 0 0 0
   7      72 loop9 734 6 74712 1830 0 0 0 0 0 2036 744 0 0 0 0
   7      80 loop10 24 0 192 17 0 0 0 0 0 28 0 0 0 0 0
   7      88 loop11 32 0 2400 25 0 0 0 0 0 84 0 0 0 0 0
   7      96 loop12 548 3 69384 482 0 0 0 0 0 1040 16 0 0 0 0
   7     104 loop13 27 0 216 48 0 0 0 0 0 44 8 0 0 0 0
   7     112 loop14 15 0 280 9 0 0 0 0 0 40 0 0 0 0 0
   7     120 loop15 52 0 4752 144 0 0 0 0 0 220 76 0 0 0 0
 254       0 zram0 0 0 0 0 0 0 0 0 0 0 0 0 0 0 0
 179       0 mmcblk0 2020 1821 144350 1721 12 0 48 14 0 1592 376 0 0 0 0
 179       1 mmcblk0p1 0 0 0 0 0 0 0 0 0 0 0 0 0 0 0
 179       2 mmcblk0p2 0 0 0 0 0 0 0 0 0 0 0 0 0 0 0
 179       3 mmcblk0p3 0 0 0 0 0 0 0 0 0 0 0 0 0 0 0
 179       4 mmcblk0p4 16 0 146 3 1 0 8 0 0 12 0 0 0 0 0
 179       5 mmcblk0p5 0 0 0 0 0 0 0 0 0 0 0 0 0 0 0
 179       6 mmcblk0p6 0 0 0 0 0 0 0 0 0 0 0 0 0 0 0
 179       7 mmcblk0p7 0 0 0 0 0 0 0 0 0 0 0 0 0 0 0
 179       8 mmcblk0p8 0 0 0 0 0 0 0 0 0 0 0 0 0 0 0
 179       9 mmcblk0p9 0 0 0 0 0 0 0 0 0 0 0 0 0 0 0
 179      10 mmcblk0p10 0 0 0 0 0 0 0 0 0 0 0 0 0 0 0
 179      11 mmcblk0p11 0 0 0 0 0 0 0 0 0 0 0 0 0 0 0
 179      12 mmcblk0p12 0 0 0 0 0 0 0 0 0 0 0 0 0 0 0
 179      13 mmcblk0p13 0 0 0 0 0 0 0 0 0 0 0 0 0 0 0
 179      14 mmcblk0p14 0 0 0 0 0 0 0 0 0 0 0 0 0 0 0
 179      15 mmcblk0p15 0 0 0 0 0 0 0 0 0 0 0 0 0 0 0
 179      16 mmcblk0p16 0 0 0 0 0 0 0 0 0 0 0 0 0 0 0
 179      17 mmcblk0p17 0 0 0 0 0 0 0 0 0 0 0 0 0 0 0
 179      18 mmcblk0p18 0 0 0 0 0 0 0 0 0 0 0 0 0 0 0
 179      19 mmcblk0p19 0 0 0 0 0 0 0 0 0 0 0 0 0 0 0
 179      20 mmcblk0p20 0 0 0 0 0 0 0 0 0 0 0 0 0 0 0
 179      21 mmcblk0p21 54 57 111 17 0 0 0 0 0 28 0 0 0 0 0
 179      22 mmcblk0p22 0 0 0 0 0 0 0 0 0 0 0 0 0 0 0
 179      23 mmcblk0p23 33 6 330 14 0 0 0 0 0 12 0 0 0 0 0
 179      24 mmcblk0p24 0 0 0 0 0 0 0 0 0 0 0 0 0 0 0
 179      25 mmcblk0p25 0 0 0 0 0 0 0 0 0 0 0 0 0 0 0
 179      26 mmcblk0p26 0 0 0 0 0 0 0 0 0 0 0 0 0 0 0
 179      27 mmcblk0p27 0 0 0 0 0 0 0 0 0 0 0 0 0 0 0
 179      28 mmcblk0p28 0 0 0 0 0 0 0 0 0 0 0 0 0 0 0
 179      29 mmcblk0p29 0 0 0 0 0 0 0 0 0 0 0 0 0 0 0
 179      30 mmcblk0p30 0 0 0 0 0 0 0 0 0 0 0 0 0 0 0
 179      31 mmcblk0p31 0 0 0 0 0 0 0 0 0 0 0 0 0 0 0
 259       0 mmcblk0p32 9 0 65 1 0 0 0 0 0 12 0 0 0 0 0
 259       1 mmcblk0p33 0 0 0 0 0 0 0 0 0 0 0 0 0 0 0
 259       2 mmcblk0p34 0 0 0 0 0 0 0 0 0 0 0 0 0 0 0
 259       3 mmcblk0p35 0 0 0 0 0 0 0 0 0 0 0 0 0 0 0
 259       4 mmcblk0p36 0 0 0 0 0 0 0 0 0 0 0 0 0 0 0
 259       5 mmcblk0p37 0 0 0 0 0 0 0 0 0 0 0 0 0 0 0
 259       6 mmcblk0p38 0 0 0 0 0 0 0 0 0 0 0 0 0 0 0
 259       7 mmcblk0p39 0 0 0 0 0 0 0 0 0 0 0 0 0 0 0
 259       8 mmcblk0p40 0 0 0 0 0 0 0 0 0 0 0 0 0 0 0
 259       9 mmcblk0p41 0 0 0 0 0 0 0 0 0 0 0 0 0 0 0
 259      10 mmcblk0p42 0 0 0 0 0 0 0 0 0 0 0 0 0 0 0
 259      11 mmcblk0p43 0 0 0 0 0 0 0 0 0 0 0 0 0 0 0
 259      12 mmcblk0p44 0 0 0 0 0 0 0 0 0 0 0 0 0 0 0
 259      13 mmcblk0p45 0 0 0 0 0 0 0 0 0 0 0 0 0 0 0
 259      14 mmcblk0p46 0 0 0 0 0 0 0 0 0 0 0 0 0 0 0
 259      15 mmcblk0p47 0 0 0 0 0 0 0 0 0 0 0 0 0 0 0
 259      16 mmcblk0p48 0 0 0 0 0 0 0 0 0 0 0 0 0 0 0
 259      17 mmcblk0p49 0 0 0 0 0 0 0 0 0 0 0 0 0 0 0
 259      18 mmcblk0p50 0 0 0 0 0 0 0 0 0 0 0 0 0 0 0
 259      19 mmcblk0p51 0 0 0 0 0 0 0 0 0 0 0 0 0 0 0
 259      20 mmcblk0p52 0 0 0 0 0 0 0 0 0 0 0 0 0 0 0
 259      21 mmcblk0p53 0 0 0 0 0 0 0 0 0 0 0 0 0 0 0
 259      22 mmcblk0p54 0 0 0 0 0 0 0 0 0 0 0 0 0 0 0
 259      23 mmcblk0p55 0 0 0 0 0 0 0 0 0 0 0 0 0 0 0
 259      24 mmcblk0p56 0 0 0 0 0 0 0 0 0 0 0 0 0 0 0
 259      25 mmcblk0p57 0 0 0 0 0 0 0 0 0 0 0 0 0 0 0
 259      26 mmcblk0p58 0 0 0 0 0 0 0 0 0 0 0 0 0 0 0
 259      27 mmcblk0p59 0 0 0 0 0 0 0 0 0 0 0 0 0 0 0
 259      28 mmcblk0p60 0 0 0 0 0 0 0 0 0 0 0 0 0 0 0
 259      29 mmcblk0p61 0 0 0 0 0 0 0 0 0 0 0 0 0 0 0
 259      30 mmcblk0p62 0 0 0 0 0 0 0 0 0 0 0 0 0 0 0
 259      31 mmcblk0p63 0 0 0 0 0 0 0 0 0 0 0 0 0 0 0
 259      32 mmcblk0p64 0 0 0 0 0 0 0 0 0 0 0 0 0 0 0
 259      33 mmcblk0p65 0 0 0 0 0 0 0 0 0 0 0 0 0 0 0
 259      34 mmcblk0p66 0 0 0 0 0 0 0 0 0 0 0 0 0 0 0
 259      35 mmcblk0p67 1851 1758 140712 1643 0 0 0 0 0 1520 360 0 0 0 0
 259      36 mmcblk0p68 1 0 128 1 0 0 0 0 0 4 0 0 0 0 0
 259      37 mmcblk0p69 0 0 0 0 0 0 0 0 0 0 0 0 0 0 0
 259      38 mmcblk0p70 0 0 0 0 0 0 0 0 0 0 0 0 0 0 0
 259      39 mmcblk0p71 0 0 0 0 0 0 0 0 0 0 0 0 0 0 0
 259      40 mmcblk0p72 47 0 2666 36 5 0 40 12 0 64 16 0 0 0 0
 259      41 mmcblk0p73 1 0 128 1 0 0 0 0 0 4 0 0 0 0 0
 259      42 mmcblk0p74 0 0 0 0 0 0 0 0 0 0 0 0 0 0 0
 259      43 mmcblk0p75 0 0 0 0 0 0 0 0 0 0 0 0 0 0 0
 259      44 mmcblk0p76 0 0 0 0 0 0 0 0 0 0 0 0 0 0 0
 259      45 mmcblk0p77 0 0 0 0 0 0 0 0 0 0 0 0 0 0 0
 259      46 mmcblk0p78 0 0 0 0 0 0 0 0 0 0 0 0 0 0 0
 259      47 mmcblk0p79 0 0 0 0 0 0 0 0 0 0 0 0 0 0 0
 259      48 mmcblk0p80 0 0 0 0 0 0 0 0 0 0 0 0 0 0 0
 253       0 dm-0 347 0 27120 516 0 0 0 0 0 332 516 0 0 0 0
 253       1 dm-1 6328 0 863752 14544 0 0 0 0 0 7572 14544 0 0 0 0
 253       2 dm-2 3081 0 199544 3972 0 0 0 0 0 3096 3972 0 0 0 0
 253       3 dm-3 3473 0 422760 6532 0 0 0 0 0 5584 6532 0 0 0 0
 253       4 dm-4 4817 0 851664 19928 0 0 0 0 0 7816 19928 0 0 0 0
 253       5 dm-5 2625 0 195896 5080 0 0 0 0 0 3268 5080 0 0 0 0
 253       6 dm-6 2701 0 416584 9900 0 0 0 0 0 5888 9900 0 0 0 0
 253       7 dm-7 208 0 26008 268 0 0 0 0 0 340 268 0 0 0 0
   7     128 loop16 19 0 536 21 0 0 0 0 0 56 8 0 0 0 0
   7     136 loop17 27 0 216 27 0 0 0 0 0 32 0 0 0 0 0
   7     144 loop18 15 0 208 16 0 0 0 0 0 52 4 0 0 0 0
   7     152 loop19 24 0 192 26 0 0 0 0 0 28 0 0 0 0 0
   7     160 loop20 42 0 3016 28 0 0 0 0 0 80 4 0 0 0 0
   7     168 loop21 24 0 1416 15 0 0 0 0 0 72 0 0 0 0 0
   7     176 loop22 63 0 5960 44 0 0 0 0 0 100 0 0 0 0 0
   7     184 loop23 94 0 9256 73 0 0 0 0 0 212 0 0 0 0 0
   7     192 loop24 31 1 2168 31 0 0 0 0 0 72 4 0 0 0 0
   7     200 loop25 2565 0 26056 2730 0 0 0 0 0 356 0 0 0 0 0
   7     208 loop26 106 0 17080 84 0 0 0 0 0 108 0 0 0 0 0
   7     216 loop27 9 0 72 4 0 0 0 0 0 20 0 0 0 0 0
   7     224 loop28 18 0 408 8 0 0 0 0 0 64 0 0 0 0 0
   7     232 loop29 85 0 9240 84 0 0 0 0 0 248 0 0 0 0 0
   7     240 loop30 28 0 864 15 0 0 0 0 0 64 0 0 0 0 0
   7     248 loop31 103 1 9368 95 0 0 0 0 0 360 8 0 0 0 0
   7     256 loop32 51 0 6560 51 0 0 0 0 0 120 4 0 0 0 0
   7     264 loop33 110 1 14560 252 0 0 0 0 0 148 124 0 0 0 0
   7     272 loop34 106 5 11816 79 0 0 0 0 0 152 0 0 0 0 0
   7     280 loop35 27 0 1840 19 0 0 0 0 0 56 0 0 0 0 0
   7     288 loop36 72 0 9048 123 0 0 0 0 0 140 44 0 0 0 0
   7     296 loop37 17 0 224 6 0 0 0 0 0 40 0 0 0 0 0
   7     304 loop38 158 1 13760 169 0 0 0 0 0 304 28 0 0 0 0
   7     312 loop39 221 5 19520 187 0 0 0 0 0 716 8 0 0 0 0
 253       8 dm-8 0 0 0 0 0 0 0 0 0 0 0 0 0 0 0
 253       9 dm-9 92 0 11664 68 0 0 0 0 0 152 68 0 0 0 0
 253      10 dm-10 137 0 13584 252 0 0 0 0 0 316 252 0 0 0 0
 253      11 dm-11 465 0 68696 1084 0 0 0 0 0 1116 1084 0 0 0 0
 253      12 dm-12 0 0 0 0 0 0 0 0 0 0 0 0 0 0 0
 253      13 dm-13 92 0 14408 480 0 0 0 0 0 160 480 0 0 0 0
 253      14 dm-14 0 0 0 0 0 0 0 0 0 0 0 0 0 0 0
 253      15 dm-15 22 0 1800 4 0 0 0 0 0 52 4 0 0 0 0
 253      16 dm-16 0 0 0 0 0 0 0 0 0 0 0 0 0 0 0
 253      17 dm-17 0 0 0 0 0 0 0 0 0 0 0 0 0 0 0
 253      18 dm-18 40 0 6472 48 0 0 0 0 0 112 48 0 0 0 0
 253      19 dm-19 69 0 9112 204 0 0 0 0 0 248 204 0 0 0 0
 253      20 dm-20 201 0 19320 508 0 0 0 0 0 768 508 0 0 0 0
 253      21 dm-21 23 0 824 8 0 0 0 0 0 60 8 0 0 0 0
 253      22 dm-22 16 0 392 88 0 0 0 0 0 68 88 0 0 0 0
 253      23 dm-23 0 0 0 0 0 0 0 0 0 0 0 0 0 0 0
 253      24 dm-24 15 0 208 4 0 0 0 0 0 36 4 0 0 0 0
 253      25 dm-25 5 0 40 8 0 0 0 0 0 20 8 0 0 0 0
 253      26 dm-26 84 0 16904 108 0 0 0 0 0 112 108 0 0 0 0
 253      27 dm-27 0 0 0 0 0 0 0 0 0 0 0 0 0 0 0
 253      28 dm-28 2552 0 25952 3048 0 0 0 0 0 352 3048 0 0 0 0
 253      29 dm-29 0 0 0 0 0 0 0 0 0 0 0 0 0 0 0
 253      30 dm-30 0 0 0 0 0 0 0 0 0 0 0 0 0 0 0
 253      31 dm-31 0 0 0 0 0 0 0 0 0 0 0 0 0 0 0
 253      32 dm-32 90 0 9256 212 0 0 0 0 0 392 212 0 0 0 0
 253      33 dm-33 0 0 0 0 0 0 0 0 0 0 0 0 0 0 0
 253      34 dm-34 26 0 2120 76 0 0 0 0 0 72 76 0 0 0 0
 253      35 dm-35 48 0 5840 72 0 0 0 0 0 100 72 0 0 0 0
 253      36 dm-36 81 0 9152 140 0 0 0 0 0 216 140 0 0 0 0
 253      37 dm-37 0 0 0 0 0 0 0 0 0 0 0 0 0 0 0
 253      38 dm-38 20 0 1384 16 0 0 0 0 0 76 16 0 0 0 0
 253      39 dm-39 34 0 2952 36 0 0 0 0 0 84 36 0 0 0 0
 253      40 dm-40 0 0 0 0 0 0 0 0 0 0 0 0 0 0 0
 253      41 dm-41 0 0 0 0 0 0 0 0 0 0 0 0 0 0 0
 253      42 dm-42 0 0 0 0 0 0 0 0 0 0 0 0 0 0 0
 253      43 dm-43 5550 0 242328 6028 588 0 7656 520 0 4804 6548 0 0 0 0

2452
   1       0 ram0 0 0 0 0 0 0 0 0 0 0 0 0 0 0 0
   1       1 ram1 0 0 0 0 0 0 0 0 0 0 0 0 0 0 0
   1       2 ram2 0 0 0 0 0 0 0 0 0 0 0 0 0 0 0
   1       3 ram3 0 0 0 0 0 0 0 0 0 0 0 0 0 0 0
   1       4 ram4 0 0 0 0 0 0 0 0 0 0 0 0 0 0 0
   1       5 ram5 0 0 0 0 0 0 0 0 0 0 0 0 0 0 0
   1       6 ram6 0 0 0 0 0 0 0 0 0 0 0 0 0 0 0
   1       7 ram7 0 0 0 0 0 0 0 0 0 0 0 0 0 0 0
   1       8 ram8 0 0 0 0 0 0 0 0 0 0 0 0 0 0 0
   1       9 ram9 0 0 0 0 0 0 0 0 0 0 0 0 0 0 0
   1      10 ram10 0 0 0 0 0 0 0 0 0 0 0 0 0 0 0
   1      11 ram11 0 0 0 0 0 0 0 0 0 0 0 0 0 0 0
   1      12 ram12 0 0 0 0 0 0 0 0 0 0 0 0 0 0 0
   1      13 ram13 0 0 0 0 0 0 0 0 0 0 0 0 0 0 0
   1      14 ram14 0 0 0 0 0 0 0 0 0 0 0 0 0 0 0
   1      15 ram15 0 0 0 0 0 0 0 0 0 0 0 0 0 0 0
   7       0 loop0 183 0 16168 352 0 0 0 0 0 344 116 0 0 0 0
   7       8 loop1 70 0 9008 122 0 0 0 0 0 136 32 0 0 0 0
   7      16 loop2 27 0 216 13 0 0 0 0 0 32 0 0 0 0 0
   7      24 loop3 12 0 296 8 0 0 0 0 0 32 0 0 0 0 0
   7      32 loop4 36 1 3040 29 0 0 0 0 0 56 0 0 0 0 0
   7      40 loop5 194 1 23984 297 0 0 0 0 0 408 60 0 0 0 0
   7      48 loop6 16 0 712 14 0 0 0 0 0 44 0 0 0 0 0
   7      56 loop7 61 0 6856 58 0 0 0 0 0 148 0 0 0 0 0
   7      64 loop8 25 0 1408 16 0 0 0 0 0 96 0 0 0 0 0
   7      72 loop9 734 6 74712 1830 0 0 0 0 0 2036 744 0 0 0 0
   7      80 loop10 24 0 192 17 0 0 0 0 0 28 0 0 0 0 0
   7      88 loop11 32 0 2400 25 0 0 0 0 0 84 0 0 0 0 0
   7      96 loop12 548 3 69384 482 0 0 0 0 0 1040 16 0 0 0 0
   7     104 loop13 27 0 216 48 0 0 0 0 0 44 8 0 0 0 0
   7     112 loop14 15 0 280 9 0 0 0 0 0 40 0 0 0 0 0
   7     120 loop15 52 0 4752 144 0 0 0 0 0 220 76 0 0 0 0
 254       0 zram0 0 0 0 0 0 0 0 0 0 0 0 0 0 0 0
 179       0 mmcblk0 2020 1821 144350 1721 12 0 48 14 0 1592 376 0 0 0 0
 179       1 mmcblk0p1 0 0 0 0 0 0 0 0 0 0 0 0 0 0 0
 179       2 mmcblk0p2 0 0 0 0 0 0 0 0 0 0 0 0 0 0 0
 179       3 mmcblk0p3 0 0 0 0 0 0 0 0 0 0 0 0 0 0 0
 179       4 mmcblk0p4 16 0 146 3 1 0 8 0 0 12 0 0 0 0 0
 179       5 mmcblk0p5 0 0 0 0 0 0 0 0 0 0 0 0 0 0 0
 179       6 mmcblk0p6 0 0 0 0 0 0 0 0 0 0 0 0 0 0 0
 179       7 mmcblk0p7 0 0 0 0 0 0 0 0 0 0 0 0 0 0 0
 179       8 mmcblk0p8 0 0 0 0 0 0 0 0 0 0 0 0 0 0 0
 179       9 mmcblk0p9 0 0 0 0 0 0 0 0 0 0 0 0 0 0 0
 179      10 mmcblk0p10 0 0 0 0 0 0 0 0 0 0 0 0 0 0 0
 179      11 mmcblk0p11 0 0 0 0 0 0 0 0 0 0 0 0 0 0 0
 179      12 mmcblk0p12 0 0 0 0 0 0 0 0 0 0 0 0 0 0 0
 179      13 mmcblk0p13 0 0 0 0 0 0 0 0 0 0 0 0 0 0 0
 179      14 mmcblk0p14 0 0 0 0 0 0 0 0 0 0 0 0 0 0 0
 179      15 mmcblk0p15 0 0 0 0 0 0 0 0 0 0 0 0 0 0 0
 179      16 mmcblk0p16 0 0 0 0 0 0 0 0 0 0 0 0 0 0 0
 179      17 mmcblk0p17 0 0 0 0 0 0 0 0 0 0 0 0 0 0 0
 179      18 mmcblk0p18 0 0 0 0 0 0 0 0 0 0 0 0 0 0 0
 179      19 mmcblk0p19 0 0 0 0 0 0 0 0 0 0 0 0 0 0 0
 179      20 mmcblk0p20 0 0 0 0 0 0 0 0 0 0 0 0 0 0 0
 179      21 mmcblk0p21 54 57 111 17 0 0 0 0 0 28 0 0 0 0 0
 179      22 mmcblk0p22 0 0 0 0 0 0 0 0 0 0 0 0 0 0 0
 179      23 mmcblk0p23 33 6 330 14 0 0 0 0 0 12 0 0 0 0 0
 179      24 mmcblk0p24 0 0 0 0 0 0 0 0 0 0 0 0 0 0 0
 179      25 mmcblk0p25 0 0 0 0 0 0 0 0 0 0 0 0 0 0 0
 179      26 mmcblk0p26 0 0 0 0 0 0 0 0 0 0 0 0 0 0 0
 179      27 mmcblk0p27 0 0 0 0 0 0 0 0 0 0 0 0 0 0 0
 179      28 mmcblk0p28 0 0 0 0 0 0 0 0 0 0 0 0 0 0 0
 179      29 mmcblk0p29 0 0 0 0 0 0 0 0 0 0 0 0 0 0 0
 179      30 mmcblk0p30 0 0 0 0 0 0 0 0 0 0 0 0 0 0 0
 179      31 mmcblk0p31 0 0 0 0 0 0 0 0 0 0 0 0 0 0 0
 259       0 mmcblk0p32 9 0 65 1 0 0 0 0 0 12 0 0 0 0 0
 259       1 mmcblk0p33 0 0 0 0 0 0 0 0 0 0 0 0 0 0 0
 259       2 mmcblk0p34 0 0 0 0 0 0 0 0 0 0 0 0 0 0 0
 259       3 mmcblk0p35 0 0 0 0 0 0 0 0 0 0 0 0 0 0 0
 259       4 mmcblk0p36 0 0 0 0 0 0 0 0 0 0 0 0 0 0 0
 259       5 mmcblk0p37 0 0 0 0 0 0 0 0 0 0 0 0 0 0 0
 259       6 mmcblk0p38 0 0 0 0 0 0 0 0 0 0 0 0 0 0 0
 259       7 mmcblk0p39 0 0 0 0 0 0 0 0 0 0 0 0 0 0 0
 259       8 mmcblk0p40 0 0 0 0 0 0 0 0 0 0 0 0 0 0 0
 259       9 mmcblk0p41 0 0 0 0 0 0 0 0 0 0 0 0 0 0 0
 259      10 mmcblk0p42 0 0 0 0 0 0 0 0 0 0 0 0 0 0 0
 259      11 mmcblk0p43 0 0 0 0 0 0 0 0 0 0 0 0 0 0 0
 259      12 mmcblk0p44 0 0 0 0 0 0 0 0 0 0 0 0 0 0 0
 259      13 mmcblk0p45 0 0 0 0 0 0 0 0 0 0 0 0 0 0 0
 259      14 mmcblk0p46 0 0 0 0 0 0 0 0 0 0 0 0 0 0 0
 259      15 mmcblk0p47 0 0 0 0 0 0 0 0 0 0 0 0 0 0 0
 259      16 mmcblk0p48 0 0 0 0 0 0 0 0 0 0 0 0 0 0 0
 259      17 mmcblk0p49 0 0 0 0 0 0 0 0 0 0 0 0 0 0 0
 259      18 mmcblk0p50 0 0 0 0 0 0 0 0 0 0 0 0 0 0 0
 259      19 mmcblk0p51 0 0 0 0 0 0 0 0 0 0 0 0 0 0 0
 259      20 mmcblk0p52 0 0 0 0 0 0 0 0 0 0 0 0 0 0 0
 259      21 mmcblk0p53 0 0 0 0 0 0 0 0 0 0 0 0 0 0 0
 259      22 mmcblk0p54 0 0 0 0 0 0 0 0 0 0 0 0 0 0 0
 259      23 mmcblk0p55 0 0 0 0 0 0 0 0 0 0 0 0 0 0 0
 259      24 mmcblk0p56 0 0 0 0 0 0 0 0 0 0 0 0 0 0 0
 259      25 mmcblk0p57 0 0 0 0 0 0 0 0 0 0 0 0 0 0 0
 259      26 mmcblk0p58 0 0 0 0 0 0 0 0 0 0 0 0 0 0 0
 259      27 mmcblk0p59 0 0 0 0 0 0 0 0 0 0 0 0 0 0 0
 259      28 mmcblk0p60 0 0 0 0 0 0 0 0 0 0 0 0 0 0 0
 259      29 mmcblk0p61 0 0 0 0 0 0 0 0 0 0 0 0 0 0 0
 259      30 mmcblk0p62 0 0 0 0 0 0 0 0 0 0 0 0 0 0 0
 259      31 mmcblk0p63 0 0 0 0 0 0 0 0 0 0 0 0 0 0 0
 259      32 mmcblk0p64 0 0 0 0 0 0 0 0 0 0 0 0 0 0 0
 259      33 mmcblk0p65 0 0 0 0 0 0 0 0 0 0 0 0 0 0 0
 259      34 mmcblk0p66 0 0 0 0 0 0 0 0 0 0 0 0 0 0 0
 259      35 mmcblk0p67 1851 1758 140712 1643 0 0 0 0 0 1520 360 0 0 0 0
 259      36 mmcblk0p68 1 0 128 1 0 0 0 0 0 4 0 0 0 0 0
 259      37 mmcblk0p69 0 0 0 0 0 0 0 0 0 0 0 0 0 0 0
 259      38 mmcblk0p70 0 0 0 0 0 0 0 0 0 0 0 0 0 0 0
 259      39 mmcblk0p71 0 0 0 0 0 0 0 0 0 0 0 0 0 0 0
 259      40 mmcblk0p72 47 0 2666 36 5 0 40 12 0 64 16 0 0 0 0
 259      41 mmcblk0p73 1 0 128 1 0 0 0 0 0 4 0 0 0 0 0
 259      42 mmcblk0p74 0 0 0 0 0 0 0 0 0 0 0 0 0 0 0
 259      43 mmcblk0p75 0 0 0 0 0 0 0 0 0 0 0 0 0 0 0
 259      44 mmcblk0p76 0 0 0 0 0 0 0 0 0 0 0 0 0 0 0
 259      45 mmcblk0p77 0 0 0 0 0 0 0 0 0 0 0 0 0 0 0
 259      46 mmcblk0p78 0 0 0 0 0 0 0 0 0 0 0 0 0 0 0
 259      47 mmcblk0p79 0 0 0 0 0 0 0 0 0 0 0 0 0 0 0
 259      48 mmcblk0p80 0 0 0 0 0 0 0 0 0 0 0 0 0 0 0
 253       0 dm-0 347 0 27120 516 0 0 0 0 0 332 516 0 0 0 0
 253       1 dm-1 6328 0 863752 14544 0 0 0 0 0 7572 14544 0 0 0 0
 253       2 dm-2 3081 0 199544 3972 0 0 0 0 0 3096 3972 0 0 0 0
 253       3 dm-3 3555 0 433848 6572 0 0 0 0 0 5736 6572 0 0 0 0
 253       4 dm-4 4817 0 851664 19928 0 0 0 0 0 7816 19928 0 0 0 0
 253       5 dm-5 2625 0 195896 5080 0 0 0 0 0 3268 5080 0 0 0 0
 253       6 dm-6 2764 0 427520 9968 0 0 0 0 0 6048 9968 0 0 0 0
 253       7 dm-7 208 0 26008 268 0 0 0 0 0 340 268 0 0 0 0
   7     128 loop16 19 0 536 21 0 0 0 0 0 56 8 0 0 0 0
   7     136 loop17 27 0 216 27 0 0 0 0 0 32 0 0 0 0 0
   7     144 loop18 15 0 208 16 0 0 0 0 0 52 4 0 0 0 0
   7     152 loop19 24 0 192 26 0 0 0 0 0 28 0 0 0 0 0
   7     160 loop20 42 0 3016 28 0 0 0 0 0 80 4 0 0 0 0
   7     168 loop21 24 0 1416 15 0 0 0 0 0 72 0 0 0 0 0
   7     176 loop22 63 0 5960 44 0 0 0 0 0 100 0 0 0 0 0
   7     184 loop23 94 0 9256 73 0 0 0 0 0 212 0 0 0 0 0
   7     192 loop24 31 1 2168 31 0 0 0 0 0 72 4 0 0 0 0
   7     200 loop25 2565 0 26056 2730 0 0 0 0 0 356 0 0 0 0 0
   7     208 loop26 106 0 17080 84 0 0 0 0 0 108 0 0 0 0 0
   7     216 loop27 9 0 72 4 0 0 0 0 0 20 0 0 0 0 0
   7     224 loop28 18 0 408 8 0 0 0 0 0 64 0 0 0 0 0
   7     232 loop29 85 0 9240 84 0 0 0 0 0 248 0 0 0 0 0
   7     240 loop30 28 0 864 15 0 0 0 0 0 64 0 0 0 0 0
   7     248 loop31 103 1 9368 95 0 0 0 0 0 360 8 0 0 0 0
   7     256 loop32 51 0 6560 51 0 0 0 0 0 120 4 0 0 0 0
   7     264 loop33 110 1 14560 252 0 0 0 0 0 148 124 0 0 0 0
   7     272 loop34 106 5 11816 79 0 0 0 0 0 152 0 0 0 0 0
   7     280 loop35 27 0 1840 19 0 0 0 0 0 56 0 0 0 0 0
   7     288 loop36 72 0 9048 123 0 0 0 0 0 140 44 0 0 0 0
   7     296 loop37 17 0 224 6 0 0 0 0 0 40 0 0 0 0 0
   7     304 loop38 158 1 13760 169 0 0 0 0 0 304 28 0 0 0 0
   7     312 loop39 221 5 19520 187 0 0 0 0 0 716 8 0 0 0 0
 253       8 dm-8 0 0 0 0 0 0 0 0 0 0 0 0 0 0 0
 253       9 dm-9 92 0 11664 68 0 0 0 0 0 152 68 0 0 0 0
 253      10 dm-10 137 0 13584 252 0 0 0 0 0 316 252 0 0 0 0
 253      11 dm-11 465 0 68696 1084 0 0 0 0 0 1116 1084 0 0 0 0
 253      12 dm-12 0 0 0 0 0 0 0 0 0 0 0 0 0 0 0
 253      13 dm-13 92 0 14408 480 0 0 0 0 0 160 480 0 0 0 0
 253      14 dm-14 0 0 0 0 0 0 0 0 0 0 0 0 0 0 0
 253      15 dm-15 22 0 1800 4 0 0 0 0 0 52 4 0 0 0 0
 253      16 dm-16 0 0 0 0 0 0 0 0 0 0 0 0 0 0 0
 253      17 dm-17 0 0 0 0 0 0 0 0 0 0 0 0 0 0 0
 253      18 dm-18 40 0 6472 48 0 0 0 0 0 112 48 0 0 0 0
 253      19 dm-19 69 0 9112 204 0 0 0 0 0 248 204 0 0 0 0
 253      20 dm-20 201 0 19320 508 0 0 0 0 0 768 508 0 0 0 0
 253      21 dm-21 23 0 824 8 0 0 0 0 0 60 8 0 0 0 0
 253      22 dm-22 16 0 392 88 0 0 0 0 0 68 88 0 0 0 0
 253      23 dm-23 0 0 0 0 0 0 0 0 0 0 0 0 0 0 0
 253      24 dm-24 15 0 208 4 0 0 0 0 0 36 4 0 0 0 0
 253      25 dm-25 5 0 40 8 0 0 0 0 0 20 8 0 0 0 0
 253      26 dm-26 84 0 16904 108 0 0 0 0 0 112 108 0 0 0 0
 253      27 dm-27 0 0 0 0 0 0 0 0 0 0 0 0 0 0 0
 253      28 dm-28 2552 0 25952 3048 0 0 0 0 0 352 3048 0 0 0 0
 253      29 dm-29 0 0 0 0 0 0 0 0 0 0 0 0 0 0 0
 253      30 dm-30 0 0 0 0 0 0 0 0 0 0 0 0 0 0 0
 253      31 dm-31 0 0 0 0 0 0 0 0 0 0 0 0 0 0 0
 253      32 dm-32 90 0 9256 212 0 0 0 0 0 392 212 0 0 0 0
 253      33 dm-33 0 0 0 0 0 0 0 0 0 0 0 0 0 0 0
 253      34 dm-34 26 0 2120 76 0 0 0 0 0 72 76 0 0 0 0
 253      35 dm-35 48 0 5840 72 0 0 0 0 0 100 72 0 0 0 0
 253      36 dm-36 81 0 9152 140 0 0 0 0 0 216 140 0 0 0 0
 253      37 dm-37 0 0 0 0 0 0 0 0 0 0 0 0 0 0 0
 253      38 dm-38 20 0 1384 16 0 0 0 0 0 76 16 0 0 0 0
 253      39 dm-39 34 0 2952 36 0 0 0 0 0 84 36 0 0 0 0
 253      40 dm-40 0 0 0 0 0 0 0 0 0 0 0 0 0 0 0
 253      41 dm-41 0 0 0 0 0 0 0 0 0 0 0 0 0 0 0
 253      42 dm-42 0 0 0 0 0 0 0 0 0 0 0 0 0 0 0
 253      43 dm-43 5796 0 244320 6156 603 0 8760 608 0 5040 6764 0 0 0 0

2481
   1       0 ram0 0 0 0 0 0 0 0 0 0 0 0 0 0 0 0
   1       1 ram1 0 0 0 0 0 0 0 0 0 0 0 0 0 0 0
   1       2 ram2 0 0 0 0 0 0 0 0 0 0 0 0 0 0 0
   1       3 ram3 0 0 0 0 0 0 0 0 0 0 0 0 0 0 0
   1       4 ram4 0 0 0 0 0 0 0 0 0 0 0 0 0 0 0
   1       5 ram5 0 0 0 0 0 0 0 0 0 0 0 0 0 0 0
   1       6 ram6 0 0 0 0 0 0 0 0 0 0 0 0 0 0 0
   1       7 ram7 0 0 0 0 0 0 0 0 0 0 0 0 0 0 0
   1       8 ram8 0 0 0 0 0 0 0 0 0 0 0 0 0 0 0
   1       9 ram9 0 0 0 0 0 0 0 0 0 0 0 0 0 0 0
   1      10 ram10 0 0 0 0 0 0 0 0 0 0 0 0 0 0 0
   1      11 ram11 0 0 0 0 0 0 0 0 0 0 0 0 0 0 0
   1      12 ram12 0 0 0 0 0 0 0 0 0 0 0 0 0 0 0
   1      13 ram13 0 0 0 0 0 0 0 0 0 0 0 0 0 0 0
   1      14 ram14 0 0 0 0 0 0 0 0 0 0 0 0 0 0 0
   1      15 ram15 0 0 0 0 0 0 0 0 0 0 0 0 0 0 0
   7       0 loop0 183 0 16168 352 0 0 0 0 0 344 116 0 0 0 0
   7       8 loop1 70 0 9008 122 0 0 0 0 0 136 32 0 0 0 0
   7      16 loop2 27 0 216 13 0 0 0 0 0 32 0 0 0 0 0
   7      24 loop3 12 0 296 8 0 0 0 0 0 32 0 0 0 0 0
   7      32 loop4 36 1 3040 29 0 0 0 0 0 56 0 0 0 0 0
   7      40 loop5 194 1 23984 297 0 0 0 0 0 408 60 0 0 0 0
   7      48 loop6 16 0 712 14 0 0 0 0 0 44 0 0 0 0 0
   7      56 loop7 61 0 6856 58 0 0 0 0 0 148 0 0 0 0 0
   7      64 loop8 25 0 1408 16 0 0 0 0 0 96 0 0 0 0 0
   7      72 loop9 734 6 74712 1830 0 0 0 0 0 2036 744 0 0 0 0
   7      80 loop10 24 0 192 17 0 0 0 0 0 28 0 0 0 0 0
   7      88 loop11 32 0 2400 25 0 0 0 0 0 84 0 0 0 0 0
   7      96 loop12 548 3 69384 482 0 0 0 0 0 1040 16 0 0 0 0
   7     104 loop13 27 0 216 48 0 0 0 0 0 44 8 0 0 0 0
   7     112 loop14 15 0 280 9 0 0 0 0 0 40 0 0 0 0 0
   7     120 loop15 52 0 4752 144 0 0 0 0 0 220 76 0 0 0 0
 254       0 zram0 0 0 0 0 0 0 0 0 0 0 0 0 0 0 0
 179       0 mmcblk0 2020 1821 144350 1721 12 0 48 14 0 1592 376 0 0 0 0
 179       1 mmcblk0p1 0 0 0 0 0 0 0 0 0 0 0 0 0 0 0
 179       2 mmcblk0p2 0 0 0 0 0 0 0 0 0 0 0 0 0 0 0
 179       3 mmcblk0p3 0 0 0 0 0 0 0 0 0 0 0 0 0 0 0
 179       4 mmcblk0p4 16 0 146 3 1 0 8 0 0 12 0 0 0 0 0
 179       5 mmcblk0p5 0 0 0 0 0 0 0 0 0 0 0 0 0 0 0
 179       6 mmcblk0p6 0 0 0 0 0 0 0 0 0 0 0 0 0 0 0
 179       7 mmcblk0p7 0 0 0 0 0 0 0 0 0 0 0 0 0 0 0
 179       8 mmcblk0p8 0 0 0 0 0 0 0 0 0 0 0 0 0 0 0
 179       9 mmcblk0p9 0 0 0 0 0 0 0 0 0 0 0 0 0 0 0
 179      10 mmcblk0p10 0 0 0 0 0 0 0 0 0 0 0 0 0 0 0
 179      11 mmcblk0p11 0 0 0 0 0 0 0 0 0 0 0 0 0 0 0
 179      12 mmcblk0p12 0 0 0 0 0 0 0 0 0 0 0 0 0 0 0
 179      13 mmcblk0p13 0 0 0 0 0 0 0 0 0 0 0 0 0 0 0
 179      14 mmcblk0p14 0 0 0 0 0 0 0 0 0 0 0 0 0 0 0
 179      15 mmcblk0p15 0 0 0 0 0 0 0 0 0 0 0 0 0 0 0
 179      16 mmcblk0p16 0 0 0 0 0 0 0 0 0 0 0 0 0 0 0
 179      17 mmcblk0p17 0 0 0 0 0 0 0 0 0 0 0 0 0 0 0
 179      18 mmcblk0p18 0 0 0 0 0 0 0 0 0 0 0 0 0 0 0
 179      19 mmcblk0p19 0 0 0 0 0 0 0 0 0 0 0 0 0 0 0
 179      20 mmcblk0p20 0 0 0 0 0 0 0 0 0 0 0 0 0 0 0
 179      21 mmcblk0p21 54 57 111 17 0 0 0 0 0 28 0 0 0 0 0
 179      22 mmcblk0p22 0 0 0 0 0 0 0 0 0 0 0 0 0 0 0
 179      23 mmcblk0p23 33 6 330 14 0 0 0 0 0 12 0 0 0 0 0
 179      24 mmcblk0p24 0 0 0 0 0 0 0 0 0 0 0 0 0 0 0
 179      25 mmcblk0p25 0 0 0 0 0 0 0 0 0 0 0 0 0 0 0
 179      26 mmcblk0p26 0 0 0 0 0 0 0 0 0 0 0 0 0 0 0
 179      27 mmcblk0p27 0 0 0 0 0 0 0 0 0 0 0 0 0 0 0
 179      28 mmcblk0p28 0 0 0 0 0 0 0 0 0 0 0 0 0 0 0
 179      29 mmcblk0p29 0 0 0 0 0 0 0 0 0 0 0 0 0 0 0
 179      30 mmcblk0p30 0 0 0 0 0 0 0 0 0 0 0 0 0 0 0
 179      31 mmcblk0p31 0 0 0 0 0 0 0 0 0 0 0 0 0 0 0
 259       0 mmcblk0p32 9 0 65 1 0 0 0 0 0 12 0 0 0 0 0
 259       1 mmcblk0p33 0 0 0 0 0 0 0 0 0 0 0 0 0 0 0
 259       2 mmcblk0p34 0 0 0 0 0 0 0 0 0 0 0 0 0 0 0
 259       3 mmcblk0p35 0 0 0 0 0 0 0 0 0 0 0 0 0 0 0
 259       4 mmcblk0p36 0 0 0 0 0 0 0 0 0 0 0 0 0 0 0
 259       5 mmcblk0p37 0 0 0 0 0 0 0 0 0 0 0 0 0 0 0
 259       6 mmcblk0p38 0 0 0 0 0 0 0 0 0 0 0 0 0 0 0
 259       7 mmcblk0p39 0 0 0 0 0 0 0 0 0 0 0 0 0 0 0
 259       8 mmcblk0p40 0 0 0 0 0 0 0 0 0 0 0 0 0 0 0
 259       9 mmcblk0p41 0 0 0 0 0 0 0 0 0 0 0 0 0 0 0
 259      10 mmcblk0p42 0 0 0 0 0 0 0 0 0 0 0 0 0 0 0
 259      11 mmcblk0p43 0 0 0 0 0 0 0 0 0 0 0 0 0 0 0
 259      12 mmcblk0p44 0 0 0 0 0 0 0 0 0 0 0 0 0 0 0
 259      13 mmcblk0p45 0 0 0 0 0 0 0 0 0 0 0 0 0 0 0
 259      14 mmcblk0p46 0 0 0 0 0 0 0 0 0 0 0 0 0 0 0
 259      15 mmcblk0p47 0 0 0 0 0 0 0 0 0 0 0 0 0 0 0
 259      16 mmcblk0p48 0 0 0 0 0 0 0 0 0 0 0 0 0 0 0
 259      17 mmcblk0p49 0 0 0 0 0 0 0 0 0 0 0 0 0 0 0
 259      18 mmcblk0p50 0 0 0 0 0 0 0 0 0 0 0 0 0 0 0
 259      19 mmcblk0p51 0 0 0 0 0 0 0 0 0 0 0 0 0 0 0
 259      20 mmcblk0p52 0 0 0 0 0 0 0 0 0 0 0 0 0 0 0
 259      21 mmcblk0p53 0 0 0 0 0 0 0 0 0 0 0 0 0 0 0
 259      22 mmcblk0p54 0 0 0 0 0 0 0 0 0 0 0 0 0 0 0
 259      23 mmcblk0p55 0 0 0 0 0 0 0 0 0 0 0 0 0 0 0
 259      24 mmcblk0p56 0 0 0 0 0 0 0 0 0 0 0 0 0 0 0
 259      25 mmcblk0p57 0 0 0 0 0 0 0 0 0 0 0 0 0 0 0
 259      26 mmcblk0p58 0 0 0 0 0 0 0 0 0 0 0 0 0 0 0
 259      27 mmcblk0p59 0 0 0 0 0 0 0 0 0 0 0 0 0 0 0
 259      28 mmcblk0p60 0 0 0 0 0 0 0 0 0 0 0 0 0 0 0
 259      29 mmcblk0p61 0 0 0 0 0 0 0 0 0 0 0 0 0 0 0
 259      30 mmcblk0p62 0 0 0 0 0 0 0 0 0 0 0 0 0 0 0
 259      31 mmcblk0p63 0 0 0 0 0 0 0 0 0 0 0 0 0 0 0
 259      32 mmcblk0p64 0 0 0 0 0 0 0 0 0 0 0 0 0 0 0
 259      33 mmcblk0p65 0 0 0 0 0 0 0 0 0 0 0 0 0 0 0
 259      34 mmcblk0p66 0 0 0 0 0 0 0 0 0 0 0 0 0 0 0
 259      35 mmcblk0p67 1851 1758 140712 1643 0 0 0 0 0 1520 360 0 0 0 0
 259      36 mmcblk0p68 1 0 128 1 0 0 0 0 0 4 0 0 0 0 0
 259      37 mmcblk0p69 0 0 0 0 0 0 0 0 0 0 0 0 0 0 0
 259      38 mmcblk0p70 0 0 0 0 0 0 0 0 0 0 0 0 0 0 0
 259      39 mmcblk0p71 0 0 0 0 0 0 0 0 0 0 0 0 0 0 0
 259      40 mmcblk0p72 47 0 2666 36 5 0 40 12 0 64 16 0 0 0 0
 259      41 mmcblk0p73 1 0 128 1 0 0 0 0 0 4 0 0 0 0 0
 259      42 mmcblk0p74 0 0 0 0 0 0 0 0 0 0 0 0 0 0 0
 259      43 mmcblk0p75 0 0 0 0 0 0 0 0 0 0 0 0 0 0 0
 259      44 mmcblk0p76 0 0 0 0 0 0 0 0 0 0 0 0 0 0 0
 259      45 mmcblk0p77 0 0 0 0 0 0 0 0 0 0 0 0 0 0 0
 259      46 mmcblk0p78 0 0 0 0 0 0 0 0 0 0 0 0 0 0 0
 259      47 mmcblk0p79 0 0 0 0 0 0 0 0 0 0 0 0 0 0 0
 259      48 mmcblk0p80 0 0 0 0 0 0 0 0 0 0 0 0 0 0 0
 253       0 dm-0 347 0 27120 516 0 0 0 0 0 332 516 0 0 0 0
 253       1 dm-1 6329 0 864016 14544 0 0 0 0 0 7576 14544 0 0 0 0
 253       2 dm-2 3081 0 199544 3972 0 0 0 0 0 3096 3972 0 0 0 0
 253       3 dm-3 3569 0 436280 6576 0 0 0 0 0 5772 6576 0 0 0 0
 253       4 dm-4 4818 0 851928 19928 0 0 0 0 0 7820 19928 0 0 0 0
 253       5 dm-5 2625 0 195896 5080 0 0 0 0 0 3268 5080 0 0 0 0
 253       6 dm-6 2777 0 429944 9976 0 0 0 0 0 6084 9976 0 0 0 0
 253       7 dm-7 208 0 26008 268 0 0 0 0 0 340 268 0 0 0 0
   7     128 loop16 19 0 536 21 0 0 0 0 0 56 8 0 0 0 0
   7     136 loop17 27 0 216 27 0 0 0 0 0 32 0 0 0 0 0
   7     144 loop18 15 0 208 16 0 0 0 0 0 52 4 0 0 0 0
   7     152 loop19 24 0 192 26 0 0 0 0 0 28 0 0 0 0 0
   7     160 loop20 42 0 3016 28 0 0 0 0 0 80 4 0 0 0 0
   7     168 loop21 24 0 1416 15 0 0 0 0 0 72 0 0 0 0 0
   7     176 loop22 63 0 5960 44 0 0 0 0 0 100 0 0 0 0 0
   7     184 loop23 94 0 9256 73 0 0 0 0 0 212 0 0 0 0 0
   7     192 loop24 31 1 2168 31 0 0 0 0 0 72 4 0 0 0 0
   7     200 loop25 2565 0 26056 2730 0 0 0 0 0 356 0 0 0 0 0
   7     208 loop26 106 0 17080 84 0 0 0 0 0 108 0 0 0 0 0
   7     216 loop27 9 0 72 4 0 0 0 0 0 20 0 0 0 0 0
   7     224 loop28 18 0 408 8 0 0 0 0 0 64 0 0 0 0 0
   7     232 loop29 85 0 9240 84 0 0 0 0 0 248 0 0 0 0 0
   7     240 loop30 28 0 864 15 0 0 0 0 0 64 0 0 0 0 0
   7     248 loop31 103 1 9368 95 0 0 0 0 0 360 8 0 0 0 0
   7     256 loop32 51 0 6560 51 0 0 0 0 0 120 4 0 0 0 0
   7     264 loop33 110 1 14560 252 0 0 0 0 0 148 124 0 0 0 0
   7     272 loop34 106 5 11816 79 0 0 0 0 0 152 0 0 0 0 0
   7     280 loop35 27 0 1840 19 0 0 0 0 0 56 0 0 0 0 0
   7     288 loop36 72 0 9048 123 0 0 0 0 0 140 44 0 0 0 0
   7     296 loop37 17 0 224 6 0 0 0 0 0 40 0 0 0 0 0
   7     304 loop38 158 1 13760 169 0 0 0 0 0 304 28 0 0 0 0
   7     312 loop39 221 5 19520 187 0 0 0 0 0 716 8 0 0 0 0
 253       8 dm-8 0 0 0 0 0 0 0 0 0 0 0 0 0 0 0
 253       9 dm-9 92 0 11664 68 0 0 0 0 0 152 68 0 0 0 0
 253      10 dm-10 137 0 13584 252 0 0 0 0 0 316 252 0 0 0 0
 253      11 dm-11 465 0 68696 1084 0 0 0 0 0 1116 1084 0 0 0 0
 253      12 dm-12 0 0 0 0 0 0 0 0 0 0 0 0 0 0 0
 253      13 dm-13 92 0 14408 480 0 0 0 0 0 160 480 0 0 0 0
 253      14 dm-14 0 0 0 0 0 0 0 0 0 0 0 0 0 0 0
 253      15 dm-15 22 0 1800 4 0 0 0 0 0 52 4 0 0 0 0
 253      16 dm-16 0 0 0 0 0 0 0 0 0 0 0 0 0 0 0
 253      17 dm-17 0 0 0 0 0 0 0 0 0 0 0 0 0 0 0
 253      18 dm-18 40 0 6472 48 0 0 0 0 0 112 48 0 0 0 0
 253      19 dm-19 69 0 9112 204 0 0 0 0 0 248 204 0 0 0 0
 253      20 dm-20 201 0 19320 508 0 0 0 0 0 768 508 0 0 0 0
 253      21 dm-21 23 0 824 8 0 0 0 0 0 60 8 0 0 0 0
 253      22 dm-22 16 0 392 88 0 0 0 0 0 68 88 0 0 0 0
 253      23 dm-23 0 0 0 0 0 0 0 0 0 0 0 0 0 0 0
 253      24 dm-24 15 0 208 4 0 0 0 0 0 36 4 0 0 0 0
 253      25 dm-25 5 0 40 8 0 0 0 0 0 20 8 0 0 0 0
 253      26 dm-26 84 0 16904 108 0 0 0 0 0 112 108 0 0 0 0
 253      27 dm-27 0 0 0 0 0 0 0 0 0 0 0 0 0 0 0
 253      28 dm-28 2552 0 25952 3048 0 0 0 0 0 352 3048 0 0 0 0
 253      29 dm-29 0 0 0 0 0 0 0 0 0 0 0 0 0 0 0
 253      30 dm-30 0 0 0 0 0 0 0 0 0 0 0 0 0 0 0
 253      31 dm-31 0 0 0 0 0 0 0 0 0 0 0 0 0 0 0
 253      32 dm-32 90 0 9256 212 0 0 0 0 0 392 212 0 0 0 0
 253      33 dm-33 0 0 0 0 0 0 0 0 0 0 0 0 0 0 0
 253      34 dm-34 26 0 2120 76 0 0 0 0 0 72 76 0 0 0 0
 253      35 dm-35 48 0 5840 72 0 0 0 0 0 100 72 0 0 0 0
 253      36 dm-36 81 0 9152 140 0 0 0 0 0 216 140 0 0 0 0
 253      37 dm-37 0 0 0 0 0 0 0 0 0 0 0 0 0 0 0
 253      38 dm-38 20 0 1384 16 0 0 0 0 0 76 16 0 0 0 0
 253      39 dm-39 34 0 2952 36 0 0 0 0 0 84 36 0 0 0 0
 253      40 dm-40 0 0 0 0 0 0 0 0 0 0 0 0 0 0 0
 253      41 dm-41 0 0 0 0 0 0 0 0 0 0 0 0 0 0 0
 253      42 dm-42 0 0 0 0 0 0 0 0 0 0 0 0 0 0 0
 253      43 dm-43 6327 0 248592 6476 622 0 9656 628 0 5292 7104 0 0 0 0

2507
   1       0 ram0 0 0 0 0 0 0 0 0 0 0 0 0 0 0 0
   1       1 ram1 0 0 0 0 0 0 0 0 0 0 0 0 0 0 0
   1       2 ram2 0 0 0 0 0 0 0 0 0 0 0 0 0 0 0
   1       3 ram3 0 0 0 0 0 0 0 0 0 0 0 0 0 0 0
   1       4 ram4 0 0 0 0 0 0 0 0 0 0 0 0 0 0 0
   1       5 ram5 0 0 0 0 0 0 0 0 0 0 0 0 0 0 0
   1       6 ram6 0 0 0 0 0 0 0 0 0 0 0 0 0 0 0
   1       7 ram7 0 0 0 0 0 0 0 0 0 0 0 0 0 0 0
   1       8 ram8 0 0 0 0 0 0 0 0 0 0 0 0 0 0 0
   1       9 ram9 0 0 0 0 0 0 0 0 0 0 0 0 0 0 0
   1      10 ram10 0 0 0 0 0 0 0 0 0 0 0 0 0 0 0
   1      11 ram11 0 0 0 0 0 0 0 0 0 0 0 0 0 0 0
   1      12 ram12 0 0 0 0 0 0 0 0 0 0 0 0 0 0 0
   1      13 ram13 0 0 0 0 0 0 0 0 0 0 0 0 0 0 0
   1      14 ram14 0 0 0 0 0 0 0 0 0 0 0 0 0 0 0
   1      15 ram15 0 0 0 0 0 0 0 0 0 0 0 0 0 0 0
   7       0 loop0 183 0 16168 352 0 0 0 0 0 344 116 0 0 0 0
   7       8 loop1 70 0 9008 122 0 0 0 0 0 136 32 0 0 0 0
   7      16 loop2 27 0 216 13 0 0 0 0 0 32 0 0 0 0 0
   7      24 loop3 12 0 296 8 0 0 0 0 0 32 0 0 0 0 0
   7      32 loop4 36 1 3040 29 0 0 0 0 0 56 0 0 0 0 0
   7      40 loop5 194 1 23984 297 0 0 0 0 0 408 60 0 0 0 0
   7      48 loop6 16 0 712 14 0 0 0 0 0 44 0 0 0 0 0
   7      56 loop7 61 0 6856 58 0 0 0 0 0 148 0 0 0 0 0
   7      64 loop8 25 0 1408 16 0 0 0 0 0 96 0 0 0 0 0
   7      72 loop9 734 6 74712 1830 0 0 0 0 0 2036 744 0 0 0 0
   7      80 loop10 24 0 192 17 0 0 0 0 0 28 0 0 0 0 0
   7      88 loop11 32 0 2400 25 0 0 0 0 0 84 0 0 0 0 0
   7      96 loop12 548 3 69384 482 0 0 0 0 0 1040 16 0 0 0 0
   7     104 loop13 27 0 216 48 0 0 0 0 0 44 8 0 0 0 0
   7     112 loop14 15 0 280 9 0 0 0 0 0 40 0 0 0 0 0
   7     120 loop15 52 0 4752 144 0 0 0 0 0 220 76 0 0 0 0
 254       0 zram0 0 0 0 0 0 0 0 0 0 0 0 0 0 0 0
 179       0 mmcblk0 2020 1821 144350 1721 12 0 48 14 0 1592 376 0 0 0 0
 179       1 mmcblk0p1 0 0 0 0 0 0 0 0 0 0 0 0 0 0 0
 179       2 mmcblk0p2 0 0 0 0 0 0 0 0 0 0 0 0 0 0 0
 179       3 mmcblk0p3 0 0 0 0 0 0 0 0 0 0 0 0 0 0 0
 179       4 mmcblk0p4 16 0 146 3 1 0 8 0 0 12 0 0 0 0 0
 179       5 mmcblk0p5 0 0 0 0 0 0 0 0 0 0 0 0 0 0 0
 179       6 mmcblk0p6 0 0 0 0 0 0 0 0 0 0 0 0 0 0 0
 179       7 mmcblk0p7 0 0 0 0 0 0 0 0 0 0 0 0 0 0 0
 179       8 mmcblk0p8 0 0 0 0 0 0 0 0 0 0 0 0 0 0 0
 179       9 mmcblk0p9 0 0 0 0 0 0 0 0 0 0 0 0 0 0 0
 179      10 mmcblk0p10 0 0 0 0 0 0 0 0 0 0 0 0 0 0 0
 179      11 mmcblk0p11 0 0 0 0 0 0 0 0 0 0 0 0 0 0 0
 179      12 mmcblk0p12 0 0 0 0 0 0 0 0 0 0 0 0 0 0 0
 179      13 mmcblk0p13 0 0 0 0 0 0 0 0 0 0 0 0 0 0 0
 179      14 mmcblk0p14 0 0 0 0 0 0 0 0 0 0 0 0 0 0 0
 179      15 mmcblk0p15 0 0 0 0 0 0 0 0 0 0 0 0 0 0 0
 179      16 mmcblk0p16 0 0 0 0 0 0 0 0 0 0 0 0 0 0 0
 179      17 mmcblk0p17 0 0 0 0 0 0 0 0 0 0 0 0 0 0 0
 179      18 mmcblk0p18 0 0 0 0 0 0 0 0 0 0 0 0 0 0 0
 179      19 mmcblk0p19 0 0 0 0 0 0 0 0 0 0 0 0 0 0 0
 179      20 mmcblk0p20 0 0 0 0 0 0 0 0 0 0 0 0 0 0 0
 179      21 mmcblk0p21 54 57 111 17 0 0 0 0 0 28 0 0 0 0 0
 179      22 mmcblk0p22 0 0 0 0 0 0 0 0 0 0 0 0 0 0 0
 179      23 mmcblk0p23 33 6 330 14 0 0 0 0 0 12 0 0 0 0 0
 179      24 mmcblk0p24 0 0 0 0 0 0 0 0 0 0 0 0 0 0 0
 179      25 mmcblk0p25 0 0 0 0 0 0 0 0 0 0 0 0 0 0 0
 179      26 mmcblk0p26 0 0 0 0 0 0 0 0 0 0 0 0 0 0 0
 179      27 mmcblk0p27 0 0 0 0 0 0 0 0 0 0 0 0 0 0 0
 179      28 mmcblk0p28 0 0 0 0 0 0 0 0 0 0 0 0 0 0 0
 179      29 mmcblk0p29 0 0 0 0 0 0 0 0 0 0 0 0 0 0 0
 179      30 mmcblk0p30 0 0 0 0 0 0 0 0 0 0 0 0 0 0 0
 179      31 mmcblk0p31 0 0 0 0 0 0 0 0 0 0 0 0 0 0 0
 259       0 mmcblk0p32 9 0 65 1 0 0 0 0 0 12 0 0 0 0 0
 259       1 mmcblk0p33 0 0 0 0 0 0 0 0 0 0 0 0 0 0 0
 259       2 mmcblk0p34 0 0 0 0 0 0 0 0 0 0 0 0 0 0 0
 259       3 mmcblk0p35 0 0 0 0 0 0 0 0 0 0 0 0 0 0 0
 259       4 mmcblk0p36 0 0 0 0 0 0 0 0 0 0 0 0 0 0 0
 259       5 mmcblk0p37 0 0 0 0 0 0 0 0 0 0 0 0 0 0 0
 259       6 mmcblk0p38 0 0 0 0 0 0 0 0 0 0 0 0 0 0 0
 259       7 mmcblk0p39 0 0 0 0 0 0 0 0 0 0 0 0 0 0 0
 259       8 mmcblk0p40 0 0 0 0 0 0 0 0 0 0 0 0 0 0 0
 259       9 mmcblk0p41 0 0 0 0 0 0 0 0 0 0 0 0 0 0 0
 259      10 mmcblk0p42 0 0 0 0 0 0 0 0 0 0 0 0 0 0 0
 259      11 mmcblk0p43 0 0 0 0 0 0 0 0 0 0 0 0 0 0 0
 259      12 mmcblk0p44 0 0 0 0 0 0 0 0 0 0 0 0 0 0 0
 259      13 mmcblk0p45 0 0 0 0 0 0 0 0 0 0 0 0 0 0 0
 259      14 mmcblk0p46 0 0 0 0 0 0 0 0 0 0 0 0 0 0 0
 259      15 mmcblk0p47 0 0 0 0 0 0 0 0 0 0 0 0 0 0 0
 259      16 mmcblk0p48 0 0 0 0 0 0 0 0 0 0 0 0 0 0 0
 259      17 mmcblk0p49 0 0 0 0 0 0 0 0 0 0 0 0 0 0 0
 259      18 mmcblk0p50 0 0 0 0 0 0 0 0 0 0 0 0 0 0 0
 259      19 mmcblk0p51 0 0 0 0 0 0 0 0 0 0 0 0 0 0 0
 259      20 mmcblk0p52 0 0 0 0 0 0 0 0 0 0 0 0 0 0 0
 259      21 mmcblk0p53 0 0 0 0 0 0 0 0 0 0 0 0 0 0 0
 259      22 mmcblk0p54 0 0 0 0 0 0 0 0 0 0 0 0 0 0 0
 259      23 mmcblk0p55 0 0 0 0 0 0 0 0 0 0 0 0 0 0 0
 259      24 mmcblk0p56 0 0 0 0 0 0 0 0 0 0 0 0 0 0 0
 259      25 mmcblk0p57 0 0 0 0 0 0 0 0 0 0 0 0 0 0 0
 259      26 mmcblk0p58 0 0 0 0 0 0 0 0 0 0 0 0 0 0 0
 259      27 mmcblk0p59 0 0 0 0 0 0 0 0 0 0 0 0 0 0 0
 259      28 mmcblk0p60 0 0 0 0 0 0 0 0 0 0 0 0 0 0 0
 259      29 mmcblk0p61 0 0 0 0 0 0 0 0 0 0 0 0 0 0 0
 259      30 mmcblk0p62 0 0 0 0 0 0 0 0 0 0 0 0 0 0 0
 259      31 mmcblk0p63 0 0 0 0 0 0 0 0 0 0 0 0 0 0 0
 259      32 mmcblk0p64 0 0 0 0 0 0 0 0 0 0 0 0 0 0 0
 259      33 mmcblk0p65 0 0 0 0 0 0 0 0 0 0 0 0 0 0 0
 259      34 mmcblk0p66 0 0 0 0 0 0 0 0 0 0 0 0 0 0 0
 259      35 mmcblk0p67 1851 1758 140712 1643 0 0 0 0 0 1520 360 0 0 0 0
 259      36 mmcblk0p68 1 0 128 1 0 0 0 0 0 4 0 0 0 0 0
 259      37 mmcblk0p69 0 0 0 0 0 0 0 0 0 0 0 0 0 0 0
 259      38 mmcblk0p70 0 0 0 0 0 0 0 0 0 0 0 0 0 0 0
 259      39 mmcblk0p71 0 0 0 0 0 0 0 0 0 0 0 0 0 0 0
 259      40 mmcblk0p72 47 0 2666 36 5 0 40 12 0 64 16 0 0 0 0
 259      41 mmcblk0p73 1 0 128 1 0 0 0 0 0 4 0 0 0 0 0
 259      42 mmcblk0p74 0 0 0 0 0 0 0 0 0 0 0 0 0 0 0
 259      43 mmcblk0p75 0 0 0 0 0 0 0 0 0 0 0 0 0 0 0
 259      44 mmcblk0p76 0 0 0 0 0 0 0 0 0 0 0 0 0 0 0
 259      45 mmcblk0p77 0 0 0 0 0 0 0 0 0 0 0 0 0 0 0
 259      46 mmcblk0p78 0 0 0 0 0 0 0 0 0 0 0 0 0 0 0
 259      47 mmcblk0p79 0 0 0 0 0 0 0 0 0 0 0 0 0 0 0
 259      48 mmcblk0p80 0 0 0 0 0 0 0 0 0 0 0 0 0 0 0
 253       0 dm-0 347 0 27120 516 0 0 0 0 0 332 516 0 0 0 0
 253       1 dm-1 6329 0 864016 14544 0 0 0 0 0 7576 14544 0 0 0 0
 253       2 dm-2 3081 0 199544 3972 0 0 0 0 0 3096 3972 0 0 0 0
 253       3 dm-3 3585 0 440360 6580 0 0 0 0 0 5812 6580 0 0 0 0
 253       4 dm-4 4818 0 851928 19928 0 0 0 0 0 7820 19928 0 0 0 0
 253       5 dm-5 2625 0 195896 5080 0 0 0 0 0 3268 5080 0 0 0 0
 253       6 dm-6 2789 0 433992 9992 0 0 0 0 0 6128 9992 0 0 0 0
 253       7 dm-7 208 0 26008 268 0 0 0 0 0 340 268 0 0 0 0
   7     128 loop16 19 0 536 21 0 0 0 0 0 56 8 0 0 0 0
   7     136 loop17 27 0 216 27 0 0 0 0 0 32 0 0 0 0 0
   7     144 loop18 15 0 208 16 0 0 0 0 0 52 4 0 0 0 0
   7     152 loop19 24 0 192 26 0 0 0 0 0 28 0 0 0 0 0
   7     160 loop20 42 0 3016 28 0 0 0 0 0 80 4 0 0 0 0
   7     168 loop21 24 0 1416 15 0 0 0 0 0 72 0 0 0 0 0
   7     176 loop22 63 0 5960 44 0 0 0 0 0 100 0 0 0 0 0
   7     184 loop23 94 0 9256 73 0 0 0 0 0 212 0 0 0 0 0
   7     192 loop24 31 1 2168 31 0 0 0 0 0 72 4 0 0 0 0
   7     200 loop25 2565 0 26056 2730 0 0 0 0 0 356 0 0 0 0 0
   7     208 loop26 106 0 17080 84 0 0 0 0 0 108 0 0 0 0 0
   7     216 loop27 9 0 72 4 0 0 0 0 0 20 0 0 0 0 0
   7     224 loop28 18 0 408 8 0 0 0 0 0 64 0 0 0 0 0
   7     232 loop29 85 0 9240 84 0 0 0 0 0 248 0 0 0 0 0
   7     240 loop30 28 0 864 15 0 0 0 0 0 64 0 0 0 0 0
   7     248 loop31 103 1 9368 95 0 0 0 0 0 360 8 0 0 0 0
   7     256 loop32 51 0 6560 51 0 0 0 0 0 120 4 0 0 0 0
   7     264 loop33 110 1 14560 252 0 0 0 0 0 148 124 0 0 0 0
   7     272 loop34 106 5 11816 79 0 0 0 0 0 152 0 0 0 0 0
   7     280 loop35 27 0 1840 19 0 0 0 0 0 56 0 0 0 0 0
   7     288 loop36 72 0 9048 123 0 0 0 0 0 140 44 0 0 0 0
   7     296 loop37 17 0 224 6 0 0 0 0 0 40 0 0 0 0 0
   7     304 loop38 158 1 13760 169 0 0 0 0 0 304 28 0 0 0 0
   7     312 loop39 221 5 19520 187 0 0 0 0 0 716 8 0 0 0 0
 253       8 dm-8 0 0 0 0 0 0 0 0 0 0 0 0 0 0 0
 253       9 dm-9 92 0 11664 68 0 0 0 0 0 152 68 0 0 0 0
 253      10 dm-10 137 0 13584 252 0 0 0 0 0 316 252 0 0 0 0
 253      11 dm-11 465 0 68696 1084 0 0 0 0 0 1116 1084 0 0 0 0
 253      12 dm-12 0 0 0 0 0 0 0 0 0 0 0 0 0 0 0
 253      13 dm-13 92 0 14408 480 0 0 0 0 0 160 480 0 0 0 0
 253      14 dm-14 0 0 0 0 0 0 0 0 0 0 0 0 0 0 0
 253      15 dm-15 22 0 1800 4 0 0 0 0 0 52 4 0 0 0 0
 253      16 dm-16 0 0 0 0 0 0 0 0 0 0 0 0 0 0 0
 253      17 dm-17 0 0 0 0 0 0 0 0 0 0 0 0 0 0 0
 253      18 dm-18 40 0 6472 48 0 0 0 0 0 112 48 0 0 0 0
 253      19 dm-19 69 0 9112 204 0 0 0 0 0 248 204 0 0 0 0
 253      20 dm-20 201 0 19320 508 0 0 0 0 0 768 508 0 0 0 0
 253      21 dm-21 23 0 824 8 0 0 0 0 0 60 8 0 0 0 0
 253      22 dm-22 16 0 392 88 0 0 0 0 0 68 88 0 0 0 0
 253      23 dm-23 0 0 0 0 0 0 0 0 0 0 0 0 0 0 0
 253      24 dm-24 15 0 208 4 0 0 0 0 0 36 4 0 0 0 0
 253      25 dm-25 5 0 40 8 0 0 0 0 0 20 8 0 0 0 0
 253      26 dm-26 84 0 16904 108 0 0 0 0 0 112 108 0 0 0 0
 253      27 dm-27 0 0 0 0 0 0 0 0 0 0 0 0 0 0 0
 253      28 dm-28 2552 0 25952 3048 0 0 0 0 0 352 3048 0 0 0 0
 253      29 dm-29 0 0 0 0 0 0 0 0 0 0 0 0 0 0 0
 253      30 dm-30 0 0 0 0 0 0 0 0 0 0 0 0 0 0 0
 253      31 dm-31 0 0 0 0 0 0 0 0 0 0 0 0 0 0 0
 253      32 dm-32 90 0 9256 212 0 0 0 0 0 392 212 0 0 0 0
 253      33 dm-33 0 0 0 0 0 0 0 0 0 0 0 0 0 0 0
 253      34 dm-34 26 0 2120 76 0 0 0 0 0 72 76 0 0 0 0
 253      35 dm-35 48 0 5840 72 0 0 0 0 0 100 72 0 0 0 0
 253      36 dm-36 81 0 9152 140 0 0 0 0 0 216 140 0 0 0 0
 253      37 dm-37 0 0 0 0 0 0 0 0 0 0 0 0 0 0 0
 253      38 dm-38 20 0 1384 16 0 0 0 0 0 76 16 0 0 0 0
 253      39 dm-39 34 0 2952 36 0 0 0 0 0 84 36 0 0 0 0
 253      40 dm-40 0 0 0 0 0 0 0 0 0 0 0 0 0 0 0
 253      41 dm-41 0 0 0 0 0 0 0 0 0 0 0 0 0 0 0
 253      42 dm-42 0 0 0 0 0 0 0 0 0 0 0 0 0 0 0
 253      43 dm-43 6536 0 250280 6536 634 0 9728 640 0 5536 7176 0 0 0 0

2532
   1       0 ram0 0 0 0 0 0 0 0 0 0 0 0 0 0 0 0
   1       1 ram1 0 0 0 0 0 0 0 0 0 0 0 0 0 0 0
   1       2 ram2 0 0 0 0 0 0 0 0 0 0 0 0 0 0 0
   1       3 ram3 0 0 0 0 0 0 0 0 0 0 0 0 0 0 0
   1       4 ram4 0 0 0 0 0 0 0 0 0 0 0 0 0 0 0
   1       5 ram5 0 0 0 0 0 0 0 0 0 0 0 0 0 0 0
   1       6 ram6 0 0 0 0 0 0 0 0 0 0 0 0 0 0 0
   1       7 ram7 0 0 0 0 0 0 0 0 0 0 0 0 0 0 0
   1       8 ram8 0 0 0 0 0 0 0 0 0 0 0 0 0 0 0
   1       9 ram9 0 0 0 0 0 0 0 0 0 0 0 0 0 0 0
   1      10 ram10 0 0 0 0 0 0 0 0 0 0 0 0 0 0 0
   1      11 ram11 0 0 0 0 0 0 0 0 0 0 0 0 0 0 0
   1      12 ram12 0 0 0 0 0 0 0 0 0 0 0 0 0 0 0
   1      13 ram13 0 0 0 0 0 0 0 0 0 0 0 0 0 0 0
   1      14 ram14 0 0 0 0 0 0 0 0 0 0 0 0 0 0 0
   1      15 ram15 0 0 0 0 0 0 0 0 0 0 0 0 0 0 0
   7       0 loop0 183 0 16168 352 0 0 0 0 0 344 116 0 0 0 0
   7       8 loop1 70 0 9008 122 0 0 0 0 0 136 32 0 0 0 0
   7      16 loop2 27 0 216 13 0 0 0 0 0 32 0 0 0 0 0
   7      24 loop3 12 0 296 8 0 0 0 0 0 32 0 0 0 0 0
   7      32 loop4 36 1 3040 29 0 0 0 0 0 56 0 0 0 0 0
   7      40 loop5 194 1 23984 297 0 0 0 0 0 408 60 0 0 0 0
   7      48 loop6 16 0 712 14 0 0 0 0 0 44 0 0 0 0 0
   7      56 loop7 61 0 6856 58 0 0 0 0 0 148 0 0 0 0 0
   7      64 loop8 25 0 1408 16 0 0 0 0 0 96 0 0 0 0 0
   7      72 loop9 734 6 74712 1830 0 0 0 0 0 2036 744 0 0 0 0
   7      80 loop10 24 0 192 17 0 0 0 0 0 28 0 0 0 0 0
   7      88 loop11 32 0 2400 25 0 0 0 0 0 84 0 0 0 0 0
   7      96 loop12 557 3 70200 489 0 0 0 0 0 1056 16 0 0 0 0
   7     104 loop13 27 0 216 48 0 0 0 0 0 44 8 0 0 0 0
   7     112 loop14 15 0 280 9 0 0 0 0 0 40 0 0 0 0 0
   7     120 loop15 52 0 4752 144 0 0 0 0 0 220 76 0 0 0 0
 254       0 zram0 0 0 0 0 0 0 0 0 0 0 0 0 0 0 0
 179       0 mmcblk0 2020 1821 144350 1721 12 0 48 14 0 1592 376 0 0 0 0
 179       1 mmcblk0p1 0 0 0 0 0 0 0 0 0 0 0 0 0 0 0
 179       2 mmcblk0p2 0 0 0 0 0 0 0 0 0 0 0 0 0 0 0
 179       3 mmcblk0p3 0 0 0 0 0 0 0 0 0 0 0 0 0 0 0
 179       4 mmcblk0p4 16 0 146 3 1 0 8 0 0 12 0 0 0 0 0
 179       5 mmcblk0p5 0 0 0 0 0 0 0 0 0 0 0 0 0 0 0
 179       6 mmcblk0p6 0 0 0 0 0 0 0 0 0 0 0 0 0 0 0
 179       7 mmcblk0p7 0 0 0 0 0 0 0 0 0 0 0 0 0 0 0
 179       8 mmcblk0p8 0 0 0 0 0 0 0 0 0 0 0 0 0 0 0
 179       9 mmcblk0p9 0 0 0 0 0 0 0 0 0 0 0 0 0 0 0
 179      10 mmcblk0p10 0 0 0 0 0 0 0 0 0 0 0 0 0 0 0
 179      11 mmcblk0p11 0 0 0 0 0 0 0 0 0 0 0 0 0 0 0
 179      12 mmcblk0p12 0 0 0 0 0 0 0 0 0 0 0 0 0 0 0
 179      13 mmcblk0p13 0 0 0 0 0 0 0 0 0 0 0 0 0 0 0
 179      14 mmcblk0p14 0 0 0 0 0 0 0 0 0 0 0 0 0 0 0
 179      15 mmcblk0p15 0 0 0 0 0 0 0 0 0 0 0 0 0 0 0
 179      16 mmcblk0p16 0 0 0 0 0 0 0 0 0 0 0 0 0 0 0
 179      17 mmcblk0p17 0 0 0 0 0 0 0 0 0 0 0 0 0 0 0
 179      18 mmcblk0p18 0 0 0 0 0 0 0 0 0 0 0 0 0 0 0
 179      19 mmcblk0p19 0 0 0 0 0 0 0 0 0 0 0 0 0 0 0
 179      20 mmcblk0p20 0 0 0 0 0 0 0 0 0 0 0 0 0 0 0
 179      21 mmcblk0p21 54 57 111 17 0 0 0 0 0 28 0 0 0 0 0
 179      22 mmcblk0p22 0 0 0 0 0 0 0 0 0 0 0 0 0 0 0
 179      23 mmcblk0p23 33 6 330 14 0 0 0 0 0 12 0 0 0 0 0
 179      24 mmcblk0p24 0 0 0 0 0 0 0 0 0 0 0 0 0 0 0
 179      25 mmcblk0p25 0 0 0 0 0 0 0 0 0 0 0 0 0 0 0
 179      26 mmcblk0p26 0 0 0 0 0 0 0 0 0 0 0 0 0 0 0
 179      27 mmcblk0p27 0 0 0 0 0 0 0 0 0 0 0 0 0 0 0
 179      28 mmcblk0p28 0 0 0 0 0 0 0 0 0 0 0 0 0 0 0
 179      29 mmcblk0p29 0 0 0 0 0 0 0 0 0 0 0 0 0 0 0
 179      30 mmcblk0p30 0 0 0 0 0 0 0 0 0 0 0 0 0 0 0
 179      31 mmcblk0p31 0 0 0 0 0 0 0 0 0 0 0 0 0 0 0
 259       0 mmcblk0p32 9 0 65 1 0 0 0 0 0 12 0 0 0 0 0
 259       1 mmcblk0p33 0 0 0 0 0 0 0 0 0 0 0 0 0 0 0
 259       2 mmcblk0p34 0 0 0 0 0 0 0 0 0 0 0 0 0 0 0
 259       3 mmcblk0p35 0 0 0 0 0 0 0 0 0 0 0 0 0 0 0
 259       4 mmcblk0p36 0 0 0 0 0 0 0 0 0 0 0 0 0 0 0
 259       5 mmcblk0p37 0 0 0 0 0 0 0 0 0 0 0 0 0 0 0
 259       6 mmcblk0p38 0 0 0 0 0 0 0 0 0 0 0 0 0 0 0
 259       7 mmcblk0p39 0 0 0 0 0 0 0 0 0 0 0 0 0 0 0
 259       8 mmcblk0p40 0 0 0 0 0 0 0 0 0 0 0 0 0 0 0
 259       9 mmcblk0p41 0 0 0 0 0 0 0 0 0 0 0 0 0 0 0
 259      10 mmcblk0p42 0 0 0 0 0 0 0 0 0 0 0 0 0 0 0
 259      11 mmcblk0p43 0 0 0 0 0 0 0 0 0 0 0 0 0 0 0
 259      12 mmcblk0p44 0 0 0 0 0 0 0 0 0 0 0 0 0 0 0
 259      13 mmcblk0p45 0 0 0 0 0 0 0 0 0 0 0 0 0 0 0
 259      14 mmcblk0p46 0 0 0 0 0 0 0 0 0 0 0 0 0 0 0
 259      15 mmcblk0p47 0 0 0 0 0 0 0 0 0 0 0 0 0 0 0
 259      16 mmcblk0p48 0 0 0 0 0 0 0 0 0 0 0 0 0 0 0
 259      17 mmcblk0p49 0 0 0 0 0 0 0 0 0 0 0 0 0 0 0
 259      18 mmcblk0p50 0 0 0 0 0 0 0 0 0 0 0 0 0 0 0
 259      19 mmcblk0p51 0 0 0 0 0 0 0 0 0 0 0 0 0 0 0
 259      20 mmcblk0p52 0 0 0 0 0 0 0 0 0 0 0 0 0 0 0
 259      21 mmcblk0p53 0 0 0 0 0 0 0 0 0 0 0 0 0 0 0
 259      22 mmcblk0p54 0 0 0 0 0 0 0 0 0 0 0 0 0 0 0
 259      23 mmcblk0p55 0 0 0 0 0 0 0 0 0 0 0 0 0 0 0
 259      24 mmcblk0p56 0 0 0 0 0 0 0 0 0 0 0 0 0 0 0
 259      25 mmcblk0p57 0 0 0 0 0 0 0 0 0 0 0 0 0 0 0
 259      26 mmcblk0p58 0 0 0 0 0 0 0 0 0 0 0 0 0 0 0
 259      27 mmcblk0p59 0 0 0 0 0 0 0 0 0 0 0 0 0 0 0
 259      28 mmcblk0p60 0 0 0 0 0 0 0 0 0 0 0 0 0 0 0
 259      29 mmcblk0p61 0 0 0 0 0 0 0 0 0 0 0 0 0 0 0
 259      30 mmcblk0p62 0 0 0 0 0 0 0 0 0 0 0 0 0 0 0
 259      31 mmcblk0p63 0 0 0 0 0 0 0 0 0 0 0 0 0 0 0
 259      32 mmcblk0p64 0 0 0 0 0 0 0 0 0 0 0 0 0 0 0
 259      33 mmcblk0p65 0 0 0 0 0 0 0 0 0 0 0 0 0 0 0
 259      34 mmcblk0p66 0 0 0 0 0 0 0 0 0 0 0 0 0 0 0
 259      35 mmcblk0p67 1851 1758 140712 1643 0 0 0 0 0 1520 360 0 0 0 0
 259      36 mmcblk0p68 1 0 128 1 0 0 0 0 0 4 0 0 0 0 0
 259      37 mmcblk0p69 0 0 0 0 0 0 0 0 0 0 0 0 0 0 0
 259      38 mmcblk0p70 0 0 0 0 0 0 0 0 0 0 0 0 0 0 0
 259      39 mmcblk0p71 0 0 0 0 0 0 0 0 0 0 0 0 0 0 0
 259      40 mmcblk0p72 47 0 2666 36 5 0 40 12 0 64 16 0 0 0 0
 259      41 mmcblk0p73 1 0 128 1 0 0 0 0 0 4 0 0 0 0 0
 259      42 mmcblk0p74 0 0 0 0 0 0 0 0 0 0 0 0 0 0 0
 259      43 mmcblk0p75 0 0 0 0 0 0 0 0 0 0 0 0 0 0 0
 259      44 mmcblk0p76 0 0 0 0 0 0 0 0 0 0 0 0 0 0 0
 259      45 mmcblk0p77 0 0 0 0 0 0 0 0 0 0 0 0 0 0 0
 259      46 mmcblk0p78 0 0 0 0 0 0 0 0 0 0 0 0 0 0 0
 259      47 mmcblk0p79 0 0 0 0 0 0 0 0 0 0 0 0 0 0 0
 259      48 mmcblk0p80 0 0 0 0 0 0 0 0 0 0 0 0 0 0 0
 253       0 dm-0 347 0 27120 516 0 0 0 0 0 332 516 0 0 0 0
 253       1 dm-1 6339 0 865536 14544 0 0 0 0 0 7600 14544 0 0 0 0
 253       2 dm-2 3081 0 199544 3972 0 0 0 0 0 3096 3972 0 0 0 0
 253       3 dm-3 3597 0 441968 6592 0 0 0 0 0 5840 6592 0 0 0 0
 253       4 dm-4 4828 0 853448 19936 0 0 0 0 0 7848 19936 0 0 0 0
 253       5 dm-5 2625 0 195896 5080 0 0 0 0 0 3268 5080 0 0 0 0
 253       6 dm-6 2800 0 435592 10004 0 0 0 0 0 6156 10004 0 0 0 0
 253       7 dm-7 208 0 26008 268 0 0 0 0 0 340 268 0 0 0 0
   7     128 loop16 19 0 536 21 0 0 0 0 0 56 8 0 0 0 0
   7     136 loop17 27 0 216 27 0 0 0 0 0 32 0 0 0 0 0
   7     144 loop18 15 0 208 16 0 0 0 0 0 52 4 0 0 0 0
   7     152 loop19 24 0 192 26 0 0 0 0 0 28 0 0 0 0 0
   7     160 loop20 42 0 3016 28 0 0 0 0 0 80 4 0 0 0 0
   7     168 loop21 24 0 1416 15 0 0 0 0 0 72 0 0 0 0 0
   7     176 loop22 63 0 5960 44 0 0 0 0 0 100 0 0 0 0 0
   7     184 loop23 94 0 9256 73 0 0 0 0 0 212 0 0 0 0 0
   7     192 loop24 31 1 2168 31 0 0 0 0 0 72 4 0 0 0 0
   7     200 loop25 2565 0 26056 2730 0 0 0 0 0 356 0 0 0 0 0
   7     208 loop26 106 0 17080 84 0 0 0 0 0 108 0 0 0 0 0
   7     216 loop27 9 0 72 4 0 0 0 0 0 20 0 0 0 0 0
   7     224 loop28 18 0 408 8 0 0 0 0 0 64 0 0 0 0 0
   7     232 loop29 85 0 9240 84 0 0 0 0 0 248 0 0 0 0 0
   7     240 loop30 28 0 864 15 0 0 0 0 0 64 0 0 0 0 0
   7     248 loop31 103 1 9368 95 0 0 0 0 0 360 8 0 0 0 0
   7     256 loop32 51 0 6560 51 0 0 0 0 0 120 4 0 0 0 0
   7     264 loop33 110 1 14560 252 0 0 0 0 0 148 124 0 0 0 0
   7     272 loop34 106 5 11816 79 0 0 0 0 0 152 0 0 0 0 0
   7     280 loop35 27 0 1840 19 0 0 0 0 0 56 0 0 0 0 0
   7     288 loop36 72 0 9048 123 0 0 0 0 0 140 44 0 0 0 0
   7     296 loop37 17 0 224 6 0 0 0 0 0 40 0 0 0 0 0
   7     304 loop38 158 1 13760 169 0 0 0 0 0 304 28 0 0 0 0
   7     312 loop39 250 6 22888 209 0 0 0 0 0 764 8 0 0 0 0
 253       8 dm-8 0 0 0 0 0 0 0 0 0 0 0 0 0 0 0
 253       9 dm-9 92 0 11664 68 0 0 0 0 0 152 68 0 0 0 0
 253      10 dm-10 137 0 13584 252 0 0 0 0 0 316 252 0 0 0 0
 253      11 dm-11 474 0 69512 1092 0 0 0 0 0 1132 1092 0 0 0 0
 253      12 dm-12 0 0 0 0 0 0 0 0 0 0 0 0 0 0 0
 253      13 dm-13 92 0 14408 480 0 0 0 0 0 160 480 0 0 0 0
 253      14 dm-14 0 0 0 0 0 0 0 0 0 0 0 0 0 0 0
 253      15 dm-15 22 0 1800 4 0 0 0 0 0 52 4 0 0 0 0
 253      16 dm-16 0 0 0 0 0 0 0 0 0 0 0 0 0 0 0
 253      17 dm-17 0 0 0 0 0 0 0 0 0 0 0 0 0 0 0
 253      18 dm-18 40 0 6472 48 0 0 0 0 0 112 48 0 0 0 0
 253      19 dm-19 69 0 9112 204 0 0 0 0 0 248 204 0 0 0 0
 253      20 dm-20 226 0 22648 544 0 0 0 0 1 812 544 0 0 0 0
 253      21 dm-21 23 0 824 8 0 0 0 0 0 60 8 0 0 0 0
 253      22 dm-22 16 0 392 88 0 0 0 0 0 68 88 0 0 0 0
 253      23 dm-23 0 0 0 0 0 0 0 0 0 0 0 0 0 0 0
 253      24 dm-24 15 0 208 4 0 0 0 0 0 36 4 0 0 0 0
 253      25 dm-25 5 0 40 8 0 0 0 0 0 20 8 0 0 0 0
 253      26 dm-26 84 0 16904 108 0 0 0 0 0 112 108 0 0 0 0
 253      27 dm-27 0 0 0 0 0 0 0 0 0 0 0 0 0 0 0
 253      28 dm-28 2552 0 25952 3048 0 0 0 0 0 352 3048 0 0 0 0
 253      29 dm-29 0 0 0 0 0 0 0 0 0 0 0 0 0 0 0
 253      30 dm-30 0 0 0 0 0 0 0 0 0 0 0 0 0 0 0
 253      31 dm-31 0 0 0 0 0 0 0 0 0 0 0 0 0 0 0
 253      32 dm-32 90 0 9256 212 0 0 0 0 0 392 212 0 0 0 0
 253      33 dm-33 0 0 0 0 0 0 0 0 0 0 0 0 0 0 0
 253      34 dm-34 26 0 2120 76 0 0 0 0 0 72 76 0 0 0 0
 253      35 dm-35 48 0 5840 72 0 0 0 0 0 100 72 0 0 0 0
 253      36 dm-36 81 0 9152 140 0 0 0 0 0 216 140 0 0 0 0
 253      37 dm-37 0 0 0 0 0 0 0 0 0 0 0 0 0 0 0
 253      38 dm-38 20 0 1384 16 0 0 0 0 0 76 16 0 0 0 0
 253      39 dm-39 34 0 2952 36 0 0 0 0 0 84 36 0 0 0 0
 253      40 dm-40 0 0 0 0 0 0 0 0 0 0 0 0 0 0 0
 253      41 dm-41 0 0 0 0 0 0 0 0 0 0 0 0 0 0 0
 253      42 dm-42 0 0 0 0 0 0 0 0 0 0 0 0 0 0 0
 253      43 dm-43 6659 0 255168 6600 640 0 9760 640 0 5744 7240 0 0 0 0

2557
   1       0 ram0 0 0 0 0 0 0 0 0 0 0 0 0 0 0 0
   1       1 ram1 0 0 0 0 0 0 0 0 0 0 0 0 0 0 0
   1       2 ram2 0 0 0 0 0 0 0 0 0 0 0 0 0 0 0
   1       3 ram3 0 0 0 0 0 0 0 0 0 0 0 0 0 0 0
   1       4 ram4 0 0 0 0 0 0 0 0 0 0 0 0 0 0 0
   1       5 ram5 0 0 0 0 0 0 0 0 0 0 0 0 0 0 0
   1       6 ram6 0 0 0 0 0 0 0 0 0 0 0 0 0 0 0
   1       7 ram7 0 0 0 0 0 0 0 0 0 0 0 0 0 0 0
   1       8 ram8 0 0 0 0 0 0 0 0 0 0 0 0 0 0 0
   1       9 ram9 0 0 0 0 0 0 0 0 0 0 0 0 0 0 0
   1      10 ram10 0 0 0 0 0 0 0 0 0 0 0 0 0 0 0
   1      11 ram11 0 0 0 0 0 0 0 0 0 0 0 0 0 0 0
   1      12 ram12 0 0 0 0 0 0 0 0 0 0 0 0 0 0 0
   1      13 ram13 0 0 0 0 0 0 0 0 0 0 0 0 0 0 0
   1      14 ram14 0 0 0 0 0 0 0 0 0 0 0 0 0 0 0
   1      15 ram15 0 0 0 0 0 0 0 0 0 0 0 0 0 0 0
   7       0 loop0 183 0 16168 352 0 0 0 0 0 344 116 0 0 0 0
   7       8 loop1 70 0 9008 122 0 0 0 0 0 136 32 0 0 0 0
   7      16 loop2 27 0 216 13 0 0 0 0 0 32 0 0 0 0 0
   7      24 loop3 12 0 296 8 0 0 0 0 0 32 0 0 0 0 0
   7      32 loop4 36 1 3040 29 0 0 0 0 0 56 0 0 0 0 0
   7      40 loop5 194 1 23984 297 0 0 0 0 0 408 60 0 0 0 0
   7      48 loop6 16 0 712 14 0 0 0 0 0 44 0 0 0 0 0
   7      56 loop7 61 0 6856 58 0 0 0 0 0 148 0 0 0 0 0
   7      64 loop8 25 0 1408 16 0 0 0 0 0 96 0 0 0 0 0
   7      72 loop9 734 6 74712 1830 0 0 0 0 0 2036 744 0 0 0 0
   7      80 loop10 24 0 192 17 0 0 0 0 0 28 0 0 0 0 0
   7      88 loop11 32 0 2400 25 0 0 0 0 0 84 0 0 0 0 0
   7      96 loop12 557 3 70200 489 0 0 0 0 0 1056 16 0 0 0 0
   7     104 loop13 27 0 216 48 0 0 0 0 0 44 8 0 0 0 0
   7     112 loop14 15 0 280 9 0 0 0 0 0 40 0 0 0 0 0
   7     120 loop15 52 0 4752 144 0 0 0 0 0 220 76 0 0 0 0
 254       0 zram0 0 0 0 0 0 0 0 0 0 0 0 0 0 0 0
 179       0 mmcblk0 2020 1821 144350 1721 12 0 48 14 0 1592 376 0 0 0 0
 179       1 mmcblk0p1 0 0 0 0 0 0 0 0 0 0 0 0 0 0 0
 179       2 mmcblk0p2 0 0 0 0 0 0 0 0 0 0 0 0 0 0 0
 179       3 mmcblk0p3 0 0 0 0 0 0 0 0 0 0 0 0 0 0 0
 179       4 mmcblk0p4 16 0 146 3 1 0 8 0 0 12 0 0 0 0 0
 179       5 mmcblk0p5 0 0 0 0 0 0 0 0 0 0 0 0 0 0 0
 179       6 mmcblk0p6 0 0 0 0 0 0 0 0 0 0 0 0 0 0 0
 179       7 mmcblk0p7 0 0 0 0 0 0 0 0 0 0 0 0 0 0 0
 179       8 mmcblk0p8 0 0 0 0 0 0 0 0 0 0 0 0 0 0 0
 179       9 mmcblk0p9 0 0 0 0 0 0 0 0 0 0 0 0 0 0 0
 179      10 mmcblk0p10 0 0 0 0 0 0 0 0 0 0 0 0 0 0 0
 179      11 mmcblk0p11 0 0 0 0 0 0 0 0 0 0 0 0 0 0 0
 179      12 mmcblk0p12 0 0 0 0 0 0 0 0 0 0 0 0 0 0 0
 179      13 mmcblk0p13 0 0 0 0 0 0 0 0 0 0 0 0 0 0 0
 179      14 mmcblk0p14 0 0 0 0 0 0 0 0 0 0 0 0 0 0 0
 179      15 mmcblk0p15 0 0 0 0 0 0 0 0 0 0 0 0 0 0 0
 179      16 mmcblk0p16 0 0 0 0 0 0 0 0 0 0 0 0 0 0 0
 179      17 mmcblk0p17 0 0 0 0 0 0 0 0 0 0 0 0 0 0 0
 179      18 mmcblk0p18 0 0 0 0 0 0 0 0 0 0 0 0 0 0 0
 179      19 mmcblk0p19 0 0 0 0 0 0 0 0 0 0 0 0 0 0 0
 179      20 mmcblk0p20 0 0 0 0 0 0 0 0 0 0 0 0 0 0 0
 179      21 mmcblk0p21 54 57 111 17 0 0 0 0 0 28 0 0 0 0 0
 179      22 mmcblk0p22 0 0 0 0 0 0 0 0 0 0 0 0 0 0 0
 179      23 mmcblk0p23 33 6 330 14 0 0 0 0 0 12 0 0 0 0 0
 179      24 mmcblk0p24 0 0 0 0 0 0 0 0 0 0 0 0 0 0 0
 179      25 mmcblk0p25 0 0 0 0 0 0 0 0 0 0 0 0 0 0 0
 179      26 mmcblk0p26 0 0 0 0 0 0 0 0 0 0 0 0 0 0 0
 179      27 mmcblk0p27 0 0 0 0 0 0 0 0 0 0 0 0 0 0 0
 179      28 mmcblk0p28 0 0 0 0 0 0 0 0 0 0 0 0 0 0 0
 179      29 mmcblk0p29 0 0 0 0 0 0 0 0 0 0 0 0 0 0 0
 179      30 mmcblk0p30 0 0 0 0 0 0 0 0 0 0 0 0 0 0 0
 179      31 mmcblk0p31 0 0 0 0 0 0 0 0 0 0 0 0 0 0 0
 259       0 mmcblk0p32 9 0 65 1 0 0 0 0 0 12 0 0 0 0 0
 259       1 mmcblk0p33 0 0 0 0 0 0 0 0 0 0 0 0 0 0 0
 259       2 mmcblk0p34 0 0 0 0 0 0 0 0 0 0 0 0 0 0 0
 259       3 mmcblk0p35 0 0 0 0 0 0 0 0 0 0 0 0 0 0 0
 259       4 mmcblk0p36 0 0 0 0 0 0 0 0 0 0 0 0 0 0 0
 259       5 mmcblk0p37 0 0 0 0 0 0 0 0 0 0 0 0 0 0 0
 259       6 mmcblk0p38 0 0 0 0 0 0 0 0 0 0 0 0 0 0 0
 259       7 mmcblk0p39 0 0 0 0 0 0 0 0 0 0 0 0 0 0 0
 259       8 mmcblk0p40 0 0 0 0 0 0 0 0 0 0 0 0 0 0 0
 259       9 mmcblk0p41 0 0 0 0 0 0 0 0 0 0 0 0 0 0 0
 259      10 mmcblk0p42 0 0 0 0 0 0 0 0 0 0 0 0 0 0 0
 259      11 mmcblk0p43 0 0 0 0 0 0 0 0 0 0 0 0 0 0 0
 259      12 mmcblk0p44 0 0 0 0 0 0 0 0 0 0 0 0 0 0 0
 259      13 mmcblk0p45 0 0 0 0 0 0 0 0 0 0 0 0 0 0 0
 259      14 mmcblk0p46 0 0 0 0 0 0 0 0 0 0 0 0 0 0 0
 259      15 mmcblk0p47 0 0 0 0 0 0 0 0 0 0 0 0 0 0 0
 259      16 mmcblk0p48 0 0 0 0 0 0 0 0 0 0 0 0 0 0 0
 259      17 mmcblk0p49 0 0 0 0 0 0 0 0 0 0 0 0 0 0 0
 259      18 mmcblk0p50 0 0 0 0 0 0 0 0 0 0 0 0 0 0 0
 259      19 mmcblk0p51 0 0 0 0 0 0 0 0 0 0 0 0 0 0 0
 259      20 mmcblk0p52 0 0 0 0 0 0 0 0 0 0 0 0 0 0 0
 259      21 mmcblk0p53 0 0 0 0 0 0 0 0 0 0 0 0 0 0 0
 259      22 mmcblk0p54 0 0 0 0 0 0 0 0 0 0 0 0 0 0 0
 259      23 mmcblk0p55 0 0 0 0 0 0 0 0 0 0 0 0 0 0 0
 259      24 mmcblk0p56 0 0 0 0 0 0 0 0 0 0 0 0 0 0 0
 259      25 mmcblk0p57 0 0 0 0 0 0 0 0 0 0 0 0 0 0 0
 259      26 mmcblk0p58 0 0 0 0 0 0 0 0 0 0 0 0 0 0 0
 259      27 mmcblk0p59 0 0 0 0 0 0 0 0 0 0 0 0 0 0 0
 259      28 mmcblk0p60 0 0 0 0 0 0 0 0 0 0 0 0 0 0 0
 259      29 mmcblk0p61 0 0 0 0 0 0 0 0 0 0 0 0 0 0 0
 259      30 mmcblk0p62 0 0 0 0 0 0 0 0 0 0 0 0 0 0 0
 259      31 mmcblk0p63 0 0 0 0 0 0 0 0 0 0 0 0 0 0 0
 259      32 mmcblk0p64 0 0 0 0 0 0 0 0 0 0 0 0 0 0 0
 259      33 mmcblk0p65 0 0 0 0 0 0 0 0 0 0 0 0 0 0 0
 259      34 mmcblk0p66 0 0 0 0 0 0 0 0 0 0 0 0 0 0 0
 259      35 mmcblk0p67 1851 1758 140712 1643 0 0 0 0 0 1520 360 0 0 0 0
 259      36 mmcblk0p68 1 0 128 1 0 0 0 0 0 4 0 0 0 0 0
 259      37 mmcblk0p69 0 0 0 0 0 0 0 0 0 0 0 0 0 0 0
 259      38 mmcblk0p70 0 0 0 0 0 0 0 0 0 0 0 0 0 0 0
 259      39 mmcblk0p71 0 0 0 0 0 0 0 0 0 0 0 0 0 0 0
 259      40 mmcblk0p72 47 0 2666 36 5 0 40 12 0 64 16 0 0 0 0
 259      41 mmcblk0p73 1 0 128 1 0 0 0 0 0 4 0 0 0 0 0
 259      42 mmcblk0p74 0 0 0 0 0 0 0 0 0 0 0 0 0 0 0
 259      43 mmcblk0p75 0 0 0 0 0 0 0 0 0 0 0 0 0 0 0
 259      44 mmcblk0p76 0 0 0 0 0 0 0 0 0 0 0 0 0 0 0
 259      45 mmcblk0p77 0 0 0 0 0 0 0 0 0 0 0 0 0 0 0
 259      46 mmcblk0p78 0 0 0 0 0 0 0 0 0 0 0 0 0 0 0
 259      47 mmcblk0p79 0 0 0 0 0 0 0 0 0 0 0 0 0 0 0
 259      48 mmcblk0p80 0 0 0 0 0 0 0 0 0 0 0 0 0 0 0
 253       0 dm-0 347 0 27120 516 0 0 0 0 0 332 516 0 0 0 0
 253       1 dm-1 6347 0 868320 14548 0 0 0 0 0 7624 14548 0 0 0 0
 253       2 dm-2 3081 0 199544 3972 0 0 0 0 0 3096 3972 0 0 0 0
 253       3 dm-3 3598 0 441976 6592 0 0 0 0 0 5844 6592 0 0 0 0
 253       4 dm-4 4833 0 856208 19952 0 0 0 0 0 7880 19952 0 0 0 0
 253       5 dm-5 2625 0 195896 5080 0 0 0 0 0 3268 5080 0 0 0 0
 253       6 dm-6 2801 0 435600 10004 0 0 0 0 0 6160 10004 0 0 0 0
 253       7 dm-7 208 0 26008 268 0 0 0 0 0 340 268 0 0 0 0
   7     128 loop16 19 0 536 21 0 0 0 0 0 56 8 0 0 0 0
   7     136 loop17 27 0 216 27 0 0 0 0 0 32 0 0 0 0 0
   7     144 loop18 15 0 208 16 0 0 0 0 0 52 4 0 0 0 0
   7     152 loop19 24 0 192 26 0 0 0 0 0 28 0 0 0 0 0
   7     160 loop20 42 0 3016 28 0 0 0 0 0 80 4 0 0 0 0
   7     168 loop21 24 0 1416 15 0 0 0 0 0 72 0 0 0 0 0
   7     176 loop22 63 0 5960 44 0 0 0 0 0 100 0 0 0 0 0
   7     184 loop23 101 0 10048 79 0 0 0 0 0 240 0 0 0 0 0
   7     192 loop24 31 1 2168 31 0 0 0 0 0 72 4 0 0 0 0
   7     200 loop25 2565 0 26056 2730 0 0 0 0 0 356 0 0 0 0 0
   7     208 loop26 106 0 17080 84 0 0 0 0 0 108 0 0 0 0 0
   7     216 loop27 9 0 72 4 0 0 0 0 0 20 0 0 0 0 0
   7     224 loop28 18 0 408 8 0 0 0 0 0 64 0 0 0 0 0
   7     232 loop29 85 0 9240 84 0 0 0 0 0 248 0 0 0 0 0
   7     240 loop30 28 0 864 15 0 0 0 0 0 64 0 0 0 0 0
   7     248 loop31 103 1 9368 95 0 0 0 0 0 360 8 0 0 0 0
   7     256 loop32 51 0 6560 51 0 0 0 0 0 120 4 0 0 0 0
   7     264 loop33 110 1 14560 252 0 0 0 0 0 148 124 0 0 0 0
   7     272 loop34 106 5 11816 79 0 0 0 0 0 152 0 0 0 0 0
   7     280 loop35 27 0 1840 19 0 0 0 0 0 56 0 0 0 0 0
   7     288 loop36 72 0 9048 123 0 0 0 0 0 140 44 0 0 0 0
   7     296 loop37 17 0 224 6 0 0 0 0 0 40 0 0 0 0 0
   7     304 loop38 158 1 13760 169 0 0 0 0 0 304 28 0 0 0 0
   7     312 loop39 394 14 37080 322 0 0 0 0 1 1008 8 0 0 0 0
 253       8 dm-8 0 0 0 0 0 0 0 0 0 0 0 0 0 0 0
 253       9 dm-9 92 0 11664 68 0 0 0 0 0 152 68 0 0 0 0
 253      10 dm-10 137 0 13584 252 0 0 0 0 0 316 252 0 0 0 0
 253      11 dm-11 474 0 69512 1092 0 0 0 0 0 1132 1092 0 0 0 0
 253      12 dm-12 0 0 0 0 0 0 0 0 0 0 0 0 0 0 0
 253      13 dm-13 92 0 14408 480 0 0 0 0 0 160 480 0 0 0 0
 253      14 dm-14 0 0 0 0 0 0 0 0 0 0 0 0 0 0 0
 253      15 dm-15 22 0 1800 4 0 0 0 0 0 52 4 0 0 0 0
 253      16 dm-16 0 0 0 0 0 0 0 0 0 0 0 0 0 0 0
 253      17 dm-17 0 0 0 0 0 0 0 0 0 0 0 0 0 0 0
 253      18 dm-18 40 0 6472 48 0 0 0 0 0 112 48 0 0 0 0
 253      19 dm-19 69 0 9112 204 0 0 0 0 0 248 204 0 0 0 0
 253      20 dm-20 363 0 36824 772 0 0 0 0 1 1056 772 0 0 0 0
 253      21 dm-21 23 0 824 8 0 0 0 0 0 60 8 0 0 0 0
 253      22 dm-22 16 0 392 88 0 0 0 0 0 68 88 0 0 0 0
 253      23 dm-23 0 0 0 0 0 0 0 0 0 0 0 0 0 0 0
 253      24 dm-24 15 0 208 4 0 0 0 0 0 36 4 0 0 0 0
 253      25 dm-25 5 0 40 8 0 0 0 0 0 20 8 0 0 0 0
 253      26 dm-26 84 0 16904 108 0 0 0 0 0 112 108 0 0 0 0
 253      27 dm-27 0 0 0 0 0 0 0 0 0 0 0 0 0 0 0
 253      28 dm-28 2552 0 25952 3048 0 0 0 0 0 352 3048 0 0 0 0
 253      29 dm-29 0 0 0 0 0 0 0 0 0 0 0 0 0 0 0
 253      30 dm-30 0 0 0 0 0 0 0 0 0 0 0 0 0 0 0
 253      31 dm-31 0 0 0 0 0 0 0 0 0 0 0 0 0 0 0
 253      32 dm-32 90 0 9256 212 0 0 0 0 0 392 212 0 0 0 0
 253      33 dm-33 0 0 0 0 0 0 0 0 0 0 0 0 0 0 0
 253      34 dm-34 26 0 2120 76 0 0 0 0 0 72 76 0 0 0 0
 253      35 dm-35 48 0 5840 72 0 0 0 0 0 100 72 0 0 0 0
 253      36 dm-36 88 0 9944 152 0 0 0 0 0 240 152 0 0 0 0
 253      37 dm-37 0 0 0 0 0 0 0 0 0 0 0 0 0 0 0
 253      38 dm-38 20 0 1384 16 0 0 0 0 0 76 16 0 0 0 0
 253      39 dm-39 34 0 2952 36 0 0 0 0 0 84 36 0 0 0 0
 253      40 dm-40 0 0 0 0 0 0 0 0 0 0 0 0 0 0 0
 253      41 dm-41 0 0 0 0 0 0 0 0 0 0 0 0 0 0 0
 253      42 dm-42 0 0 0 0 0 0 0 0 0 0 0 0 0 0 0
 253      43 dm-43 6812 0 270272 6720 640 0 9760 640 0 5992 7360 0 0 0 0

2583
   1       0 ram0 0 0 0 0 0 0 0 0 0 0 0 0 0 0 0
   1       1 ram1 0 0 0 0 0 0 0 0 0 0 0 0 0 0 0
   1       2 ram2 0 0 0 0 0 0 0 0 0 0 0 0 0 0 0
   1       3 ram3 0 0 0 0 0 0 0 0 0 0 0 0 0 0 0
   1       4 ram4 0 0 0 0 0 0 0 0 0 0 0 0 0 0 0
   1       5 ram5 0 0 0 0 0 0 0 0 0 0 0 0 0 0 0
   1       6 ram6 0 0 0 0 0 0 0 0 0 0 0 0 0 0 0
   1       7 ram7 0 0 0 0 0 0 0 0 0 0 0 0 0 0 0
   1       8 ram8 0 0 0 0 0 0 0 0 0 0 0 0 0 0 0
   1       9 ram9 0 0 0 0 0 0 0 0 0 0 0 0 0 0 0
   1      10 ram10 0 0 0 0 0 0 0 0 0 0 0 0 0 0 0
   1      11 ram11 0 0 0 0 0 0 0 0 0 0 0 0 0 0 0
   1      12 ram12 0 0 0 0 0 0 0 0 0 0 0 0 0 0 0
   1      13 ram13 0 0 0 0 0 0 0 0 0 0 0 0 0 0 0
   1      14 ram14 0 0 0 0 0 0 0 0 0 0 0 0 0 0 0
   1      15 ram15 0 0 0 0 0 0 0 0 0 0 0 0 0 0 0
   7       0 loop0 183 0 16168 352 0 0 0 0 0 344 116 0 0 0 0
   7       8 loop1 70 0 9008 122 0 0 0 0 0 136 32 0 0 0 0
   7      16 loop2 27 0 216 13 0 0 0 0 0 32 0 0 0 0 0
   7      24 loop3 12 0 296 8 0 0 0 0 0 32 0 0 0 0 0
   7      32 loop4 36 1 3040 29 0 0 0 0 0 56 0 0 0 0 0
   7      40 loop5 206 1 24288 302 0 0 0 0 0 420 60 0 0 0 0
   7      48 loop6 16 0 712 14 0 0 0 0 0 44 0 0 0 0 0
   7      56 loop7 61 0 6856 58 0 0 0 0 0 148 0 0 0 0 0
   7      64 loop8 25 0 1408 16 0 0 0 0 0 96 0 0 0 0 0
   7      72 loop9 734 6 74712 1830 0 0 0 0 0 2036 744 0 0 0 0
   7      80 loop10 24 0 192 17 0 0 0 0 0 28 0 0 0 0 0
   7      88 loop11 32 0 2400 25 0 0 0 0 0 84 0 0 0 0 0
   7      96 loop12 558 3 70240 489 0 0 0 0 0 1064 16 0 0 0 0
   7     104 loop13 27 0 216 48 0 0 0 0 0 44 8 0 0 0 0
   7     112 loop14 15 0 280 9 0 0 0 0 0 40 0 0 0 0 0
   7     120 loop15 52 0 4752 144 0 0 0 0 0 220 76 0 0 0 0
 254       0 zram0 0 0 0 0 0 0 0 0 0 0 0 0 0 0 0
 179       0 mmcblk0 2020 1821 144350 1721 12 0 48 14 0 1592 376 0 0 0 0
 179       1 mmcblk0p1 0 0 0 0 0 0 0 0 0 0 0 0 0 0 0
 179       2 mmcblk0p2 0 0 0 0 0 0 0 0 0 0 0 0 0 0 0
 179       3 mmcblk0p3 0 0 0 0 0 0 0 0 0 0 0 0 0 0 0
 179       4 mmcblk0p4 16 0 146 3 1 0 8 0 0 12 0 0 0 0 0
 179       5 mmcblk0p5 0 0 0 0 0 0 0 0 0 0 0 0 0 0 0
 179       6 mmcblk0p6 0 0 0 0 0 0 0 0 0 0 0 0 0 0 0
 179       7 mmcblk0p7 0 0 0 0 0 0 0 0 0 0 0 0 0 0 0
 179       8 mmcblk0p8 0 0 0 0 0 0 0 0 0 0 0 0 0 0 0
 179       9 mmcblk0p9 0 0 0 0 0 0 0 0 0 0 0 0 0 0 0
 179      10 mmcblk0p10 0 0 0 0 0 0 0 0 0 0 0 0 0 0 0
 179      11 mmcblk0p11 0 0 0 0 0 0 0 0 0 0 0 0 0 0 0
 179      12 mmcblk0p12 0 0 0 0 0 0 0 0 0 0 0 0 0 0 0
 179      13 mmcblk0p13 0 0 0 0 0 0 0 0 0 0 0 0 0 0 0
 179      14 mmcblk0p14 0 0 0 0 0 0 0 0 0 0 0 0 0 0 0
 179      15 mmcblk0p15 0 0 0 0 0 0 0 0 0 0 0 0 0 0 0
 179      16 mmcblk0p16 0 0 0 0 0 0 0 0 0 0 0 0 0 0 0
 179      17 mmcblk0p17 0 0 0 0 0 0 0 0 0 0 0 0 0 0 0
 179      18 mmcblk0p18 0 0 0 0 0 0 0 0 0 0 0 0 0 0 0
 179      19 mmcblk0p19 0 0 0 0 0 0 0 0 0 0 0 0 0 0 0
 179      20 mmcblk0p20 0 0 0 0 0 0 0 0 0 0 0 0 0 0 0
 179      21 mmcblk0p21 54 57 111 17 0 0 0 0 0 28 0 0 0 0 0
 179      22 mmcblk0p22 0 0 0 0 0 0 0 0 0 0 0 0 0 0 0
 179      23 mmcblk0p23 33 6 330 14 0 0 0 0 0 12 0 0 0 0 0
 179      24 mmcblk0p24 0 0 0 0 0 0 0 0 0 0 0 0 0 0 0
 179      25 mmcblk0p25 0 0 0 0 0 0 0 0 0 0 0 0 0 0 0
 179      26 mmcblk0p26 0 0 0 0 0 0 0 0 0 0 0 0 0 0 0
 179      27 mmcblk0p27 0 0 0 0 0 0 0 0 0 0 0 0 0 0 0
 179      28 mmcblk0p28 0 0 0 0 0 0 0 0 0 0 0 0 0 0 0
 179      29 mmcblk0p29 0 0 0 0 0 0 0 0 0 0 0 0 0 0 0
 179      30 mmcblk0p30 0 0 0 0 0 0 0 0 0 0 0 0 0 0 0
 179      31 mmcblk0p31 0 0 0 0 0 0 0 0 0 0 0 0 0 0 0
 259       0 mmcblk0p32 9 0 65 1 0 0 0 0 0 12 0 0 0 0 0
 259       1 mmcblk0p33 0 0 0 0 0 0 0 0 0 0 0 0 0 0 0
 259       2 mmcblk0p34 0 0 0 0 0 0 0 0 0 0 0 0 0 0 0
 259       3 mmcblk0p35 0 0 0 0 0 0 0 0 0 0 0 0 0 0 0
 259       4 mmcblk0p36 0 0 0 0 0 0 0 0 0 0 0 0 0 0 0
 259       5 mmcblk0p37 0 0 0 0 0 0 0 0 0 0 0 0 0 0 0
 259       6 mmcblk0p38 0 0 0 0 0 0 0 0 0 0 0 0 0 0 0
 259       7 mmcblk0p39 0 0 0 0 0 0 0 0 0 0 0 0 0 0 0
 259       8 mmcblk0p40 0 0 0 0 0 0 0 0 0 0 0 0 0 0 0
 259       9 mmcblk0p41 0 0 0 0 0 0 0 0 0 0 0 0 0 0 0
 259      10 mmcblk0p42 0 0 0 0 0 0 0 0 0 0 0 0 0 0 0
 259      11 mmcblk0p43 0 0 0 0 0 0 0 0 0 0 0 0 0 0 0
 259      12 mmcblk0p44 0 0 0 0 0 0 0 0 0 0 0 0 0 0 0
 259      13 mmcblk0p45 0 0 0 0 0 0 0 0 0 0 0 0 0 0 0
 259      14 mmcblk0p46 0 0 0 0 0 0 0 0 0 0 0 0 0 0 0
 259      15 mmcblk0p47 0 0 0 0 0 0 0 0 0 0 0 0 0 0 0
 259      16 mmcblk0p48 0 0 0 0 0 0 0 0 0 0 0 0 0 0 0
 259      17 mmcblk0p49 0 0 0 0 0 0 0 0 0 0 0 0 0 0 0
 259      18 mmcblk0p50 0 0 0 0 0 0 0 0 0 0 0 0 0 0 0
 259      19 mmcblk0p51 0 0 0 0 0 0 0 0 0 0 0 0 0 0 0
 259      20 mmcblk0p52 0 0 0 0 0 0 0 0 0 0 0 0 0 0 0
 259      21 mmcblk0p53 0 0 0 0 0 0 0 0 0 0 0 0 0 0 0
 259      22 mmcblk0p54 0 0 0 0 0 0 0 0 0 0 0 0 0 0 0
 259      23 mmcblk0p55 0 0 0 0 0 0 0 0 0 0 0 0 0 0 0
 259      24 mmcblk0p56 0 0 0 0 0 0 0 0 0 0 0 0 0 0 0
 259      25 mmcblk0p57 0 0 0 0 0 0 0 0 0 0 0 0 0 0 0
 259      26 mmcblk0p58 0 0 0 0 0 0 0 0 0 0 0 0 0 0 0
 259      27 mmcblk0p59 0 0 0 0 0 0 0 0 0 0 0 0 0 0 0
 259      28 mmcblk0p60 0 0 0 0 0 0 0 0 0 0 0 0 0 0 0
 259      29 mmcblk0p61 0 0 0 0 0 0 0 0 0 0 0 0 0 0 0
 259      30 mmcblk0p62 0 0 0 0 0 0 0 0 0 0 0 0 0 0 0
 259      31 mmcblk0p63 0 0 0 0 0 0 0 0 0 0 0 0 0 0 0
 259      32 mmcblk0p64 0 0 0 0 0 0 0 0 0 0 0 0 0 0 0
 259      33 mmcblk0p65 0 0 0 0 0 0 0 0 0 0 0 0 0 0 0
 259      34 mmcblk0p66 0 0 0 0 0 0 0 0 0 0 0 0 0 0 0
 259      35 mmcblk0p67 1851 1758 140712 1643 0 0 0 0 0 1520 360 0 0 0 0
 259      36 mmcblk0p68 1 0 128 1 0 0 0 0 0 4 0 0 0 0 0
 259      37 mmcblk0p69 0 0 0 0 0 0 0 0 0 0 0 0 0 0 0
 259      38 mmcblk0p70 0 0 0 0 0 0 0 0 0 0 0 0 0 0 0
 259      39 mmcblk0p71 0 0 0 0 0 0 0 0 0 0 0 0 0 0 0
 259      40 mmcblk0p72 47 0 2666 36 5 0 40 12 0 64 16 0 0 0 0
 259      41 mmcblk0p73 1 0 128 1 0 0 0 0 0 4 0 0 0 0 0
 259      42 mmcblk0p74 0 0 0 0 0 0 0 0 0 0 0 0 0 0 0
 259      43 mmcblk0p75 0 0 0 0 0 0 0 0 0 0 0 0 0 0 0
 259      44 mmcblk0p76 0 0 0 0 0 0 0 0 0 0 0 0 0 0 0
 259      45 mmcblk0p77 0 0 0 0 0 0 0 0 0 0 0 0 0 0 0
 259      46 mmcblk0p78 0 0 0 0 0 0 0 0 0 0 0 0 0 0 0
 259      47 mmcblk0p79 0 0 0 0 0 0 0 0 0 0 0 0 0 0 0
 259      48 mmcblk0p80 0 0 0 0 0 0 0 0 0 0 0 0 0 0 0
 253       0 dm-0 347 0 27120 516 0 0 0 0 0 332 516 0 0 0 0
 253       1 dm-1 6412 0 876192 14608 0 0 0 0 0 7744 14608 0 0 0 0
 253       2 dm-2 3081 0 199544 3972 0 0 0 0 0 3096 3972 0 0 0 0
 253       3 dm-3 3598 0 441976 6592 0 0 0 0 0 5844 6592 0 0 0 0
 253       4 dm-4 4890 0 864016 20044 0 0 0 0 0 8000 20044 0 0 0 0
 253       5 dm-5 2625 0 195896 5080 0 0 0 0 0 3268 5080 0 0 0 0
 253       6 dm-6 2801 0 435600 10004 0 0 0 0 0 6160 10004 0 0 0 0
 253       7 dm-7 208 0 26008 268 0 0 0 0 0 340 268 0 0 0 0
   7     128 loop16 19 0 536 21 0 0 0 0 0 56 8 0 0 0 0
   7     136 loop17 27 0 216 27 0 0 0 0 0 32 0 0 0 0 0
   7     144 loop18 15 0 208 16 0 0 0 0 0 52 4 0 0 0 0
   7     152 loop19 24 0 192 26 0 0 0 0 0 28 0 0 0 0 0
   7     160 loop20 42 0 3016 28 0 0 0 0 0 80 4 0 0 0 0
   7     168 loop21 24 0 1416 15 0 0 0 0 0 72 0 0 0 0 0
   7     176 loop22 63 0 5960 44 0 0 0 0 0 100 0 0 0 0 0
   7     184 loop23 101 0 10048 79 0 0 0 0 0 240 0 0 0 0 0
   7     192 loop24 31 1 2168 31 0 0 0 0 0 72 4 0 0 0 0
   7     200 loop25 2565 0 26056 2730 0 0 0 0 0 356 0 0 0 0 0
   7     208 loop26 106 0 17080 84 0 0 0 0 0 108 0 0 0 0 0
   7     216 loop27 9 0 72 4 0 0 0 0 0 20 0 0 0 0 0
   7     224 loop28 18 0 408 8 0 0 0 0 0 64 0 0 0 0 0
   7     232 loop29 85 0 9240 84 0 0 0 0 0 248 0 0 0 0 0
   7     240 loop30 28 0 864 15 0 0 0 0 0 64 0 0 0 0 0
   7     248 loop31 103 1 9368 95 0 0 0 0 0 360 8 0 0 0 0
   7     256 loop32 51 0 6560 51 0 0 0 0 0 120 4 0 0 0 0
   7     264 loop33 110 1 14560 252 0 0 0 0 0 148 124 0 0 0 0
   7     272 loop34 106 5 11816 79 0 0 0 0 0 152 0 0 0 0 0
   7     280 loop35 27 0 1840 19 0 0 0 0 0 56 0 0 0 0 0
   7     288 loop36 72 0 9048 123 0 0 0 0 0 140 44 0 0 0 0
   7     296 loop37 17 0 224 6 0 0 0 0 0 40 0 0 0 0 0
   7     304 loop38 158 1 13760 169 0 0 0 0 0 304 28 0 0 0 0
   7     312 loop39 397 14 37240 324 0 0 0 0 0 1012 8 0 0 0 0
 253       8 dm-8 0 0 0 0 0 0 0 0 0 0 0 0 0 0 0
 253       9 dm-9 92 0 11664 68 0 0 0 0 0 152 68 0 0 0 0
 253      10 dm-10 137 0 13584 252 0 0 0 0 0 316 252 0 0 0 0
 253      11 dm-11 475 0 69552 1096 0 0 0 0 0 1140 1096 0 0 0 0
 253      12 dm-12 0 0 0 0 0 0 0 0 0 0 0 0 0 0 0
 253      13 dm-13 92 0 14408 480 0 0 0 0 0 160 480 0 0 0 0
 253      14 dm-14 0 0 0 0 0 0 0 0 0 0 0 0 0 0 0
 253      15 dm-15 22 0 1800 4 0 0 0 0 0 52 4 0 0 0 0
 253      16 dm-16 0 0 0 0 0 0 0 0 0 0 0 0 0 0 0
 253      17 dm-17 0 0 0 0 0 0 0 0 0 0 0 0 0 0 0
 253      18 dm-18 40 0 6472 48 0 0 0 0 0 112 48 0 0 0 0
 253      19 dm-19 69 0 9112 204 0 0 0 0 0 248 204 0 0 0 0
 253      20 dm-20 365 0 36872 772 0 0 0 0 0 1060 772 0 0 0 0
 253      21 dm-21 23 0 824 8 0 0 0 0 0 60 8 0 0 0 0
 253      22 dm-22 16 0 392 88 0 0 0 0 0 68 88 0 0 0 0
 253      23 dm-23 0 0 0 0 0 0 0 0 0 0 0 0 0 0 0
 253      24 dm-24 15 0 208 4 0 0 0 0 0 36 4 0 0 0 0
 253      25 dm-25 5 0 40 8 0 0 0 0 0 20 8 0 0 0 0
 253      26 dm-26 84 0 16904 108 0 0 0 0 0 112 108 0 0 0 0
 253      27 dm-27 0 0 0 0 0 0 0 0 0 0 0 0 0 0 0
 253      28 dm-28 2552 0 25952 3048 0 0 0 0 0 352 3048 0 0 0 0
 253      29 dm-29 0 0 0 0 0 0 0 0 0 0 0 0 0 0 0
 253      30 dm-30 0 0 0 0 0 0 0 0 0 0 0 0 0 0 0
 253      31 dm-31 0 0 0 0 0 0 0 0 0 0 0 0 0 0 0
 253      32 dm-32 90 0 9256 212 0 0 0 0 0 392 212 0 0 0 0
 253      33 dm-33 0 0 0 0 0 0 0 0 0 0 0 0 0 0 0
 253      34 dm-34 26 0 2120 76 0 0 0 0 0 72 76 0 0 0 0
 253      35 dm-35 48 0 5840 72 0 0 0 0 0 100 72 0 0 0 0
 253      36 dm-36 88 0 9944 152 0 0 0 0 0 240 152 0 0 0 0
 253      37 dm-37 0 0 0 0 0 0 0 0 0 0 0 0 0 0 0
 253      38 dm-38 20 0 1384 16 0 0 0 0 0 76 16 0 0 0 0
 253      39 dm-39 34 0 2952 36 0 0 0 0 0 84 36 0 0 0 0
 253      40 dm-40 0 0 0 0 0 0 0 0 0 0 0 0 0 0 0
 253      41 dm-41 0 0 0 0 0 0 0 0 0 0 0 0 0 0 0
 253      42 dm-42 0 0 0 0 0 0 0 0 0 0 0 0 0 0 0
 253      43 dm-43 6829 0 270488 6732 661 0 10712 668 0 6068 7400 0 0 0 0

2607
   1       0 ram0 0 0 0 0 0 0 0 0 0 0 0 0 0 0 0
   1       1 ram1 0 0 0 0 0 0 0 0 0 0 0 0 0 0 0
   1       2 ram2 0 0 0 0 0 0 0 0 0 0 0 0 0 0 0
   1       3 ram3 0 0 0 0 0 0 0 0 0 0 0 0 0 0 0
   1       4 ram4 0 0 0 0 0 0 0 0 0 0 0 0 0 0 0
   1       5 ram5 0 0 0 0 0 0 0 0 0 0 0 0 0 0 0
   1       6 ram6 0 0 0 0 0 0 0 0 0 0 0 0 0 0 0
   1       7 ram7 0 0 0 0 0 0 0 0 0 0 0 0 0 0 0
   1       8 ram8 0 0 0 0 0 0 0 0 0 0 0 0 0 0 0
   1       9 ram9 0 0 0 0 0 0 0 0 0 0 0 0 0 0 0
   1      10 ram10 0 0 0 0 0 0 0 0 0 0 0 0 0 0 0
   1      11 ram11 0 0 0 0 0 0 0 0 0 0 0 0 0 0 0
   1      12 ram12 0 0 0 0 0 0 0 0 0 0 0 0 0 0 0
   1      13 ram13 0 0 0 0 0 0 0 0 0 0 0 0 0 0 0
   1      14 ram14 0 0 0 0 0 0 0 0 0 0 0 0 0 0 0
   1      15 ram15 0 0 0 0 0 0 0 0 0 0 0 0 0 0 0
   7       0 loop0 183 0 16168 352 0 0 0 0 0 344 116 0 0 0 0
   7       8 loop1 70 0 9008 122 0 0 0 0 0 136 32 0 0 0 0
   7      16 loop2 27 0 216 13 0 0 0 0 0 32 0 0 0 0 0
   7      24 loop3 12 0 296 8 0 0 0 0 0 32 0 0 0 0 0
   7      32 loop4 36 1 3040 29 0 0 0 0 0 56 0 0 0 0 0
   7      40 loop5 206 1 24288 302 0 0 0 0 0 420 60 0 0 0 0
   7      48 loop6 16 0 712 14 0 0 0 0 0 44 0 0 0 0 0
   7      56 loop7 61 0 6856 58 0 0 0 0 0 148 0 0 0 0 0
   7      64 loop8 25 0 1408 16 0 0 0 0 0 96 0 0 0 0 0
   7      72 loop9 734 6 74712 1830 0 0 0 0 0 2036 744 0 0 0 0
   7      80 loop10 24 0 192 17 0 0 0 0 0 28 0 0 0 0 0
   7      88 loop11 32 0 2400 25 0 0 0 0 0 84 0 0 0 0 0
   7      96 loop12 558 3 70240 489 0 0 0 0 0 1064 16 0 0 0 0
   7     104 loop13 27 0 216 48 0 0 0 0 0 44 8 0 0 0 0
   7     112 loop14 15 0 280 9 0 0 0 0 0 40 0 0 0 0 0
   7     120 loop15 52 0 4752 144 0 0 0 0 0 220 76 0 0 0 0
 254       0 zram0 0 0 0 0 0 0 0 0 0 0 0 0 0 0 0
 179       0 mmcblk0 2020 1821 144350 1721 12 0 48 14 0 1592 376 0 0 0 0
 179       1 mmcblk0p1 0 0 0 0 0 0 0 0 0 0 0 0 0 0 0
 179       2 mmcblk0p2 0 0 0 0 0 0 0 0 0 0 0 0 0 0 0
 179       3 mmcblk0p3 0 0 0 0 0 0 0 0 0 0 0 0 0 0 0
 179       4 mmcblk0p4 16 0 146 3 1 0 8 0 0 12 0 0 0 0 0
 179       5 mmcblk0p5 0 0 0 0 0 0 0 0 0 0 0 0 0 0 0
 179       6 mmcblk0p6 0 0 0 0 0 0 0 0 0 0 0 0 0 0 0
 179       7 mmcblk0p7 0 0 0 0 0 0 0 0 0 0 0 0 0 0 0
 179       8 mmcblk0p8 0 0 0 0 0 0 0 0 0 0 0 0 0 0 0
 179       9 mmcblk0p9 0 0 0 0 0 0 0 0 0 0 0 0 0 0 0
 179      10 mmcblk0p10 0 0 0 0 0 0 0 0 0 0 0 0 0 0 0
 179      11 mmcblk0p11 0 0 0 0 0 0 0 0 0 0 0 0 0 0 0
 179      12 mmcblk0p12 0 0 0 0 0 0 0 0 0 0 0 0 0 0 0
 179      13 mmcblk0p13 0 0 0 0 0 0 0 0 0 0 0 0 0 0 0
 179      14 mmcblk0p14 0 0 0 0 0 0 0 0 0 0 0 0 0 0 0
 179      15 mmcblk0p15 0 0 0 0 0 0 0 0 0 0 0 0 0 0 0
 179      16 mmcblk0p16 0 0 0 0 0 0 0 0 0 0 0 0 0 0 0
 179      17 mmcblk0p17 0 0 0 0 0 0 0 0 0 0 0 0 0 0 0
 179      18 mmcblk0p18 0 0 0 0 0 0 0 0 0 0 0 0 0 0 0
 179      19 mmcblk0p19 0 0 0 0 0 0 0 0 0 0 0 0 0 0 0
 179      20 mmcblk0p20 0 0 0 0 0 0 0 0 0 0 0 0 0 0 0
 179      21 mmcblk0p21 54 57 111 17 0 0 0 0 0 28 0 0 0 0 0
 179      22 mmcblk0p22 0 0 0 0 0 0 0 0 0 0 0 0 0 0 0
 179      23 mmcblk0p23 33 6 330 14 0 0 0 0 0 12 0 0 0 0 0
 179      24 mmcblk0p24 0 0 0 0 0 0 0 0 0 0 0 0 0 0 0
 179      25 mmcblk0p25 0 0 0 0 0 0 0 0 0 0 0 0 0 0 0
 179      26 mmcblk0p26 0 0 0 0 0 0 0 0 0 0 0 0 0 0 0
 179      27 mmcblk0p27 0 0 0 0 0 0 0 0 0 0 0 0 0 0 0
 179      28 mmcblk0p28 0 0 0 0 0 0 0 0 0 0 0 0 0 0 0
 179      29 mmcblk0p29 0 0 0 0 0 0 0 0 0 0 0 0 0 0 0
 179      30 mmcblk0p30 0 0 0 0 0 0 0 0 0 0 0 0 0 0 0
 179      31 mmcblk0p31 0 0 0 0 0 0 0 0 0 0 0 0 0 0 0
 259       0 mmcblk0p32 9 0 65 1 0 0 0 0 0 12 0 0 0 0 0
 259       1 mmcblk0p33 0 0 0 0 0 0 0 0 0 0 0 0 0 0 0
 259       2 mmcblk0p34 0 0 0 0 0 0 0 0 0 0 0 0 0 0 0
 259       3 mmcblk0p35 0 0 0 0 0 0 0 0 0 0 0 0 0 0 0
 259       4 mmcblk0p36 0 0 0 0 0 0 0 0 0 0 0 0 0 0 0
 259       5 mmcblk0p37 0 0 0 0 0 0 0 0 0 0 0 0 0 0 0
 259       6 mmcblk0p38 0 0 0 0 0 0 0 0 0 0 0 0 0 0 0
 259       7 mmcblk0p39 0 0 0 0 0 0 0 0 0 0 0 0 0 0 0
 259       8 mmcblk0p40 0 0 0 0 0 0 0 0 0 0 0 0 0 0 0
 259       9 mmcblk0p41 0 0 0 0 0 0 0 0 0 0 0 0 0 0 0
 259      10 mmcblk0p42 0 0 0 0 0 0 0 0 0 0 0 0 0 0 0
 259      11 mmcblk0p43 0 0 0 0 0 0 0 0 0 0 0 0 0 0 0
 259      12 mmcblk0p44 0 0 0 0 0 0 0 0 0 0 0 0 0 0 0
 259      13 mmcblk0p45 0 0 0 0 0 0 0 0 0 0 0 0 0 0 0
 259      14 mmcblk0p46 0 0 0 0 0 0 0 0 0 0 0 0 0 0 0
 259      15 mmcblk0p47 0 0 0 0 0 0 0 0 0 0 0 0 0 0 0
 259      16 mmcblk0p48 0 0 0 0 0 0 0 0 0 0 0 0 0 0 0
 259      17 mmcblk0p49 0 0 0 0 0 0 0 0 0 0 0 0 0 0 0
 259      18 mmcblk0p50 0 0 0 0 0 0 0 0 0 0 0 0 0 0 0
 259      19 mmcblk0p51 0 0 0 0 0 0 0 0 0 0 0 0 0 0 0
 259      20 mmcblk0p52 0 0 0 0 0 0 0 0 0 0 0 0 0 0 0
 259      21 mmcblk0p53 0 0 0 0 0 0 0 0 0 0 0 0 0 0 0
 259      22 mmcblk0p54 0 0 0 0 0 0 0 0 0 0 0 0 0 0 0
 259      23 mmcblk0p55 0 0 0 0 0 0 0 0 0 0 0 0 0 0 0
 259      24 mmcblk0p56 0 0 0 0 0 0 0 0 0 0 0 0 0 0 0
 259      25 mmcblk0p57 0 0 0 0 0 0 0 0 0 0 0 0 0 0 0
 259      26 mmcblk0p58 0 0 0 0 0 0 0 0 0 0 0 0 0 0 0
 259      27 mmcblk0p59 0 0 0 0 0 0 0 0 0 0 0 0 0 0 0
 259      28 mmcblk0p60 0 0 0 0 0 0 0 0 0 0 0 0 0 0 0
 259      29 mmcblk0p61 0 0 0 0 0 0 0 0 0 0 0 0 0 0 0
 259      30 mmcblk0p62 0 0 0 0 0 0 0 0 0 0 0 0 0 0 0
 259      31 mmcblk0p63 0 0 0 0 0 0 0 0 0 0 0 0 0 0 0
 259      32 mmcblk0p64 0 0 0 0 0 0 0 0 0 0 0 0 0 0 0
 259      33 mmcblk0p65 0 0 0 0 0 0 0 0 0 0 0 0 0 0 0
 259      34 mmcblk0p66 0 0 0 0 0 0 0 0 0 0 0 0 0 0 0
 259      35 mmcblk0p67 1851 1758 140712 1643 0 0 0 0 0 1520 360 0 0 0 0
 259      36 mmcblk0p68 1 0 128 1 0 0 0 0 0 4 0 0 0 0 0
 259      37 mmcblk0p69 0 0 0 0 0 0 0 0 0 0 0 0 0 0 0
 259      38 mmcblk0p70 0 0 0 0 0 0 0 0 0 0 0 0 0 0 0
 259      39 mmcblk0p71 0 0 0 0 0 0 0 0 0 0 0 0 0 0 0
 259      40 mmcblk0p72 47 0 2666 36 5 0 40 12 0 64 16 0 0 0 0
 259      41 mmcblk0p73 1 0 128 1 0 0 0 0 0 4 0 0 0 0 0
 259      42 mmcblk0p74 0 0 0 0 0 0 0 0 0 0 0 0 0 0 0
 259      43 mmcblk0p75 0 0 0 0 0 0 0 0 0 0 0 0 0 0 0
 259      44 mmcblk0p76 0 0 0 0 0 0 0 0 0 0 0 0 0 0 0
 259      45 mmcblk0p77 0 0 0 0 0 0 0 0 0 0 0 0 0 0 0
 259      46 mmcblk0p78 0 0 0 0 0 0 0 0 0 0 0 0 0 0 0
 259      47 mmcblk0p79 0 0 0 0 0 0 0 0 0 0 0 0 0 0 0
 259      48 mmcblk0p80 0 0 0 0 0 0 0 0 0 0 0 0 0 0 0
 253       0 dm-0 347 0 27120 516 0 0 0 0 0 332 516 0 0 0 0
 253       1 dm-1 6426 0 876352 14616 0 0 0 0 0 7768 14616 0 0 0 0
 253       2 dm-2 3081 0 199544 3972 0 0 0 0 0 3096 3972 0 0 0 0
 253       3 dm-3 3598 0 441976 6592 0 0 0 0 0 5844 6592 0 0 0 0
 253       4 dm-4 4904 0 864176 20056 0 0 0 0 0 8024 20056 0 0 0 0
 253       5 dm-5 2625 0 195896 5080 0 0 0 0 0 3268 5080 0 0 0 0
 253       6 dm-6 2801 0 435600 10004 0 0 0 0 0 6160 10004 0 0 0 0
 253       7 dm-7 208 0 26008 268 0 0 0 0 0 340 268 0 0 0 0
   7     128 loop16 19 0 536 21 0 0 0 0 0 56 8 0 0 0 0
   7     136 loop17 27 0 216 27 0 0 0 0 0 32 0 0 0 0 0
   7     144 loop18 15 0 208 16 0 0 0 0 0 52 4 0 0 0 0
   7     152 loop19 24 0 192 26 0 0 0 0 0 28 0 0 0 0 0
   7     160 loop20 42 0 3016 28 0 0 0 0 0 80 4 0 0 0 0
   7     168 loop21 24 0 1416 15 0 0 0 0 0 72 0 0 0 0 0
   7     176 loop22 63 0 5960 44 0 0 0 0 0 100 0 0 0 0 0
   7     184 loop23 101 0 10048 79 0 0 0 0 0 240 0 0 0 0 0
   7     192 loop24 31 1 2168 31 0 0 0 0 0 72 4 0 0 0 0
   7     200 loop25 2565 0 26056 2730 0 0 0 0 0 356 0 0 0 0 0
   7     208 loop26 106 0 17080 84 0 0 0 0 0 108 0 0 0 0 0
   7     216 loop27 9 0 72 4 0 0 0 0 0 20 0 0 0 0 0
   7     224 loop28 18 0 408 8 0 0 0 0 0 64 0 0 0 0 0
   7     232 loop29 85 0 9240 84 0 0 0 0 0 248 0 0 0 0 0
   7     240 loop30 28 0 864 15 0 0 0 0 0 64 0 0 0 0 0
   7     248 loop31 103 1 9368 95 0 0 0 0 0 360 8 0 0 0 0
   7     256 loop32 51 0 6560 51 0 0 0 0 0 120 4 0 0 0 0
   7     264 loop33 110 1 14560 252 0 0 0 0 0 148 124 0 0 0 0
   7     272 loop34 106 5 11816 79 0 0 0 0 0 152 0 0 0 0 0
   7     280 loop35 27 0 1840 19 0 0 0 0 0 56 0 0 0 0 0
   7     288 loop36 72 0 9048 123 0 0 0 0 0 140 44 0 0 0 0
   7     296 loop37 17 0 224 6 0 0 0 0 0 40 0 0 0 0 0
   7     304 loop38 158 1 13760 169 0 0 0 0 0 304 28 0 0 0 0
   7     312 loop39 397 14 37240 324 0 0 0 0 0 1012 8 0 0 0 0
 253       8 dm-8 0 0 0 0 0 0 0 0 0 0 0 0 0 0 0
 253       9 dm-9 92 0 11664 68 0 0 0 0 0 152 68 0 0 0 0
 253      10 dm-10 137 0 13584 252 0 0 0 0 0 316 252 0 0 0 0
 253      11 dm-11 475 0 69552 1096 0 0 0 0 0 1140 1096 0 0 0 0
 253      12 dm-12 0 0 0 0 0 0 0 0 0 0 0 0 0 0 0
 253      13 dm-13 92 0 14408 480 0 0 0 0 0 160 480 0 0 0 0
 253      14 dm-14 0 0 0 0 0 0 0 0 0 0 0 0 0 0 0
 253      15 dm-15 22 0 1800 4 0 0 0 0 0 52 4 0 0 0 0
 253      16 dm-16 0 0 0 0 0 0 0 0 0 0 0 0 0 0 0
 253      17 dm-17 0 0 0 0 0 0 0 0 0 0 0 0 0 0 0
 253      18 dm-18 40 0 6472 48 0 0 0 0 0 112 48 0 0 0 0
 253      19 dm-19 69 0 9112 204 0 0 0 0 0 248 204 0 0 0 0
 253      20 dm-20 365 0 36872 772 0 0 0 0 0 1060 772 0 0 0 0
 253      21 dm-21 23 0 824 8 0 0 0 0 0 60 8 0 0 0 0
 253      22 dm-22 16 0 392 88 0 0 0 0 0 68 88 0 0 0 0
 253      23 dm-23 0 0 0 0 0 0 0 0 0 0 0 0 0 0 0
 253      24 dm-24 15 0 208 4 0 0 0 0 0 36 4 0 0 0 0
 253      25 dm-25 5 0 40 8 0 0 0 0 0 20 8 0 0 0 0
 253      26 dm-26 84 0 16904 108 0 0 0 0 0 112 108 0 0 0 0
 253      27 dm-27 0 0 0 0 0 0 0 0 0 0 0 0 0 0 0
 253      28 dm-28 2552 0 25952 3048 0 0 0 0 0 352 3048 0 0 0 0
 253      29 dm-29 0 0 0 0 0 0 0 0 0 0 0 0 0 0 0
 253      30 dm-30 0 0 0 0 0 0 0 0 0 0 0 0 0 0 0
 253      31 dm-31 0 0 0 0 0 0 0 0 0 0 0 0 0 0 0
 253      32 dm-32 90 0 9256 212 0 0 0 0 0 392 212 0 0 0 0
 253      33 dm-33 0 0 0 0 0 0 0 0 0 0 0 0 0 0 0
 253      34 dm-34 26 0 2120 76 0 0 0 0 0 72 76 0 0 0 0
 253      35 dm-35 48 0 5840 72 0 0 0 0 0 100 72 0 0 0 0
 253      36 dm-36 88 0 9944 152 0 0 0 0 0 240 152 0 0 0 0
 253      37 dm-37 0 0 0 0 0 0 0 0 0 0 0 0 0 0 0
 253      38 dm-38 20 0 1384 16 0 0 0 0 0 76 16 0 0 0 0
 253      39 dm-39 34 0 2952 36 0 0 0 0 0 84 36 0 0 0 0
 253      40 dm-40 0 0 0 0 0 0 0 0 0 0 0 0 0 0 0
 253      41 dm-41 0 0 0 0 0 0 0 0 0 0 0 0 0 0 0
 253      42 dm-42 0 0 0 0 0 0 0 0 0 0 0 0 0 0 0
 253      43 dm-43 6833 0 270520 6732 661 0 10712 668 0 6076 7400 0 0 0 0

2632
   1       0 ram0 0 0 0 0 0 0 0 0 0 0 0 0 0 0 0
   1       1 ram1 0 0 0 0 0 0 0 0 0 0 0 0 0 0 0
   1       2 ram2 0 0 0 0 0 0 0 0 0 0 0 0 0 0 0
   1       3 ram3 0 0 0 0 0 0 0 0 0 0 0 0 0 0 0
   1       4 ram4 0 0 0 0 0 0 0 0 0 0 0 0 0 0 0
   1       5 ram5 0 0 0 0 0 0 0 0 0 0 0 0 0 0 0
   1       6 ram6 0 0 0 0 0 0 0 0 0 0 0 0 0 0 0
   1       7 ram7 0 0 0 0 0 0 0 0 0 0 0 0 0 0 0
   1       8 ram8 0 0 0 0 0 0 0 0 0 0 0 0 0 0 0
   1       9 ram9 0 0 0 0 0 0 0 0 0 0 0 0 0 0 0
   1      10 ram10 0 0 0 0 0 0 0 0 0 0 0 0 0 0 0
   1      11 ram11 0 0 0 0 0 0 0 0 0 0 0 0 0 0 0
   1      12 ram12 0 0 0 0 0 0 0 0 0 0 0 0 0 0 0
   1      13 ram13 0 0 0 0 0 0 0 0 0 0 0 0 0 0 0
   1      14 ram14 0 0 0 0 0 0 0 0 0 0 0 0 0 0 0
   1      15 ram15 0 0 0 0 0 0 0 0 0 0 0 0 0 0 0
   7       0 loop0 183 0 16168 352 0 0 0 0 0 344 116 0 0 0 0
   7       8 loop1 70 0 9008 122 0 0 0 0 0 136 32 0 0 0 0
   7      16 loop2 27 0 216 13 0 0 0 0 0 32 0 0 0 0 0
   7      24 loop3 12 0 296 8 0 0 0 0 0 32 0 0 0 0 0
   7      32 loop4 36 1 3040 29 0 0 0 0 0 56 0 0 0 0 0
   7      40 loop5 206 1 24288 302 0 0 0 0 0 420 60 0 0 0 0
   7      48 loop6 16 0 712 14 0 0 0 0 0 44 0 0 0 0 0
   7      56 loop7 61 0 6856 58 0 0 0 0 0 148 0 0 0 0 0
   7      64 loop8 25 0 1408 16 0 0 0 0 0 96 0 0 0 0 0
   7      72 loop9 734 6 74712 1830 0 0 0 0 0 2036 744 0 0 0 0
   7      80 loop10 24 0 192 17 0 0 0 0 0 28 0 0 0 0 0
   7      88 loop11 32 0 2400 25 0 0 0 0 0 84 0 0 0 0 0
   7      96 loop12 558 3 70240 489 0 0 0 0 0 1064 16 0 0 0 0
   7     104 loop13 27 0 216 48 0 0 0 0 0 44 8 0 0 0 0
   7     112 loop14 15 0 280 9 0 0 0 0 0 40 0 0 0 0 0
   7     120 loop15 52 0 4752 144 0 0 0 0 0 220 76 0 0 0 0
 254       0 zram0 0 0 0 0 0 0 0 0 0 0 0 0 0 0 0
 179       0 mmcblk0 2020 1821 144350 1721 12 0 48 14 0 1592 376 0 0 0 0
 179       1 mmcblk0p1 0 0 0 0 0 0 0 0 0 0 0 0 0 0 0
 179       2 mmcblk0p2 0 0 0 0 0 0 0 0 0 0 0 0 0 0 0
 179       3 mmcblk0p3 0 0 0 0 0 0 0 0 0 0 0 0 0 0 0
 179       4 mmcblk0p4 16 0 146 3 1 0 8 0 0 12 0 0 0 0 0
 179       5 mmcblk0p5 0 0 0 0 0 0 0 0 0 0 0 0 0 0 0
 179       6 mmcblk0p6 0 0 0 0 0 0 0 0 0 0 0 0 0 0 0
 179       7 mmcblk0p7 0 0 0 0 0 0 0 0 0 0 0 0 0 0 0
 179       8 mmcblk0p8 0 0 0 0 0 0 0 0 0 0 0 0 0 0 0
 179       9 mmcblk0p9 0 0 0 0 0 0 0 0 0 0 0 0 0 0 0
 179      10 mmcblk0p10 0 0 0 0 0 0 0 0 0 0 0 0 0 0 0
 179      11 mmcblk0p11 0 0 0 0 0 0 0 0 0 0 0 0 0 0 0
 179      12 mmcblk0p12 0 0 0 0 0 0 0 0 0 0 0 0 0 0 0
 179      13 mmcblk0p13 0 0 0 0 0 0 0 0 0 0 0 0 0 0 0
 179      14 mmcblk0p14 0 0 0 0 0 0 0 0 0 0 0 0 0 0 0
 179      15 mmcblk0p15 0 0 0 0 0 0 0 0 0 0 0 0 0 0 0
 179      16 mmcblk0p16 0 0 0 0 0 0 0 0 0 0 0 0 0 0 0
 179      17 mmcblk0p17 0 0 0 0 0 0 0 0 0 0 0 0 0 0 0
 179      18 mmcblk0p18 0 0 0 0 0 0 0 0 0 0 0 0 0 0 0
 179      19 mmcblk0p19 0 0 0 0 0 0 0 0 0 0 0 0 0 0 0
 179      20 mmcblk0p20 0 0 0 0 0 0 0 0 0 0 0 0 0 0 0
 179      21 mmcblk0p21 54 57 111 17 0 0 0 0 0 28 0 0 0 0 0
 179      22 mmcblk0p22 0 0 0 0 0 0 0 0 0 0 0 0 0 0 0
 179      23 mmcblk0p23 33 6 330 14 0 0 0 0 0 12 0 0 0 0 0
 179      24 mmcblk0p24 0 0 0 0 0 0 0 0 0 0 0 0 0 0 0
 179      25 mmcblk0p25 0 0 0 0 0 0 0 0 0 0 0 0 0 0 0
 179      26 mmcblk0p26 0 0 0 0 0 0 0 0 0 0 0 0 0 0 0
 179      27 mmcblk0p27 0 0 0 0 0 0 0 0 0 0 0 0 0 0 0
 179      28 mmcblk0p28 0 0 0 0 0 0 0 0 0 0 0 0 0 0 0
 179      29 mmcblk0p29 0 0 0 0 0 0 0 0 0 0 0 0 0 0 0
 179      30 mmcblk0p30 0 0 0 0 0 0 0 0 0 0 0 0 0 0 0
 179      31 mmcblk0p31 0 0 0 0 0 0 0 0 0 0 0 0 0 0 0
 259       0 mmcblk0p32 9 0 65 1 0 0 0 0 0 12 0 0 0 0 0
 259       1 mmcblk0p33 0 0 0 0 0 0 0 0 0 0 0 0 0 0 0
 259       2 mmcblk0p34 0 0 0 0 0 0 0 0 0 0 0 0 0 0 0
 259       3 mmcblk0p35 0 0 0 0 0 0 0 0 0 0 0 0 0 0 0
 259       4 mmcblk0p36 0 0 0 0 0 0 0 0 0 0 0 0 0 0 0
 259       5 mmcblk0p37 0 0 0 0 0 0 0 0 0 0 0 0 0 0 0
 259       6 mmcblk0p38 0 0 0 0 0 0 0 0 0 0 0 0 0 0 0
 259       7 mmcblk0p39 0 0 0 0 0 0 0 0 0 0 0 0 0 0 0
 259       8 mmcblk0p40 0 0 0 0 0 0 0 0 0 0 0 0 0 0 0
 259       9 mmcblk0p41 0 0 0 0 0 0 0 0 0 0 0 0 0 0 0
 259      10 mmcblk0p42 0 0 0 0 0 0 0 0 0 0 0 0 0 0 0
 259      11 mmcblk0p43 0 0 0 0 0 0 0 0 0 0 0 0 0 0 0
 259      12 mmcblk0p44 0 0 0 0 0 0 0 0 0 0 0 0 0 0 0
 259      13 mmcblk0p45 0 0 0 0 0 0 0 0 0 0 0 0 0 0 0
 259      14 mmcblk0p46 0 0 0 0 0 0 0 0 0 0 0 0 0 0 0
 259      15 mmcblk0p47 0 0 0 0 0 0 0 0 0 0 0 0 0 0 0
 259      16 mmcblk0p48 0 0 0 0 0 0 0 0 0 0 0 0 0 0 0
 259      17 mmcblk0p49 0 0 0 0 0 0 0 0 0 0 0 0 0 0 0
 259      18 mmcblk0p50 0 0 0 0 0 0 0 0 0 0 0 0 0 0 0
 259      19 mmcblk0p51 0 0 0 0 0 0 0 0 0 0 0 0 0 0 0
 259      20 mmcblk0p52 0 0 0 0 0 0 0 0 0 0 0 0 0 0 0
 259      21 mmcblk0p53 0 0 0 0 0 0 0 0 0 0 0 0 0 0 0
 259      22 mmcblk0p54 0 0 0 0 0 0 0 0 0 0 0 0 0 0 0
 259      23 mmcblk0p55 0 0 0 0 0 0 0 0 0 0 0 0 0 0 0
 259      24 mmcblk0p56 0 0 0 0 0 0 0 0 0 0 0 0 0 0 0
 259      25 mmcblk0p57 0 0 0 0 0 0 0 0 0 0 0 0 0 0 0
 259      26 mmcblk0p58 0 0 0 0 0 0 0 0 0 0 0 0 0 0 0
 259      27 mmcblk0p59 0 0 0 0 0 0 0 0 0 0 0 0 0 0 0
 259      28 mmcblk0p60 0 0 0 0 0 0 0 0 0 0 0 0 0 0 0
 259      29 mmcblk0p61 0 0 0 0 0 0 0 0 0 0 0 0 0 0 0
 259      30 mmcblk0p62 0 0 0 0 0 0 0 0 0 0 0 0 0 0 0
 259      31 mmcblk0p63 0 0 0 0 0 0 0 0 0 0 0 0 0 0 0
 259      32 mmcblk0p64 0 0 0 0 0 0 0 0 0 0 0 0 0 0 0
 259      33 mmcblk0p65 0 0 0 0 0 0 0 0 0 0 0 0 0 0 0
 259      34 mmcblk0p66 0 0 0 0 0 0 0 0 0 0 0 0 0 0 0
 259      35 mmcblk0p67 1851 1758 140712 1643 0 0 0 0 0 1520 360 0 0 0 0
 259      36 mmcblk0p68 1 0 128 1 0 0 0 0 0 4 0 0 0 0 0
 259      37 mmcblk0p69 0 0 0 0 0 0 0 0 0 0 0 0 0 0 0
 259      38 mmcblk0p70 0 0 0 0 0 0 0 0 0 0 0 0 0 0 0
 259      39 mmcblk0p71 0 0 0 0 0 0 0 0 0 0 0 0 0 0 0
 259      40 mmcblk0p72 47 0 2666 36 5 0 40 12 0 64 16 0 0 0 0
 259      41 mmcblk0p73 1 0 128 1 0 0 0 0 0 4 0 0 0 0 0
 259      42 mmcblk0p74 0 0 0 0 0 0 0 0 0 0 0 0 0 0 0
 259      43 mmcblk0p75 0 0 0 0 0 0 0 0 0 0 0 0 0 0 0
 259      44 mmcblk0p76 0 0 0 0 0 0 0 0 0 0 0 0 0 0 0
 259      45 mmcblk0p77 0 0 0 0 0 0 0 0 0 0 0 0 0 0 0
 259      46 mmcblk0p78 0 0 0 0 0 0 0 0 0 0 0 0 0 0 0
 259      47 mmcblk0p79 0 0 0 0 0 0 0 0 0 0 0 0 0 0 0
 259      48 mmcblk0p80 0 0 0 0 0 0 0 0 0 0 0 0 0 0 0
 253       0 dm-0 347 0 27120 516 0 0 0 0 0 332 516 0 0 0 0
 253       1 dm-1 6427 0 876360 14620 0 0 0 0 0 7776 14620 0 0 0 0
 253       2 dm-2 3081 0 199544 3972 0 0 0 0 0 3096 3972 0 0 0 0
 253       3 dm-3 3668 0 462520 6844 0 0 0 0 0 6004 6844 0 0 0 0
 253       4 dm-4 4905 0 864184 20060 0 0 0 0 0 8032 20060 0 0 0 0
 253       5 dm-5 2625 0 195896 5080 0 0 0 0 0 3268 5080 0 0 0 0
 253       6 dm-6 2854 0 456008 10224 0 0 0 0 1 6296 10224 0 0 0 0
 253       7 dm-7 208 0 26008 268 0 0 0 0 0 340 268 0 0 0 0
   7     128 loop16 19 0 536 21 0 0 0 0 0 56 8 0 0 0 0
   7     136 loop17 27 0 216 27 0 0 0 0 0 32 0 0 0 0 0
   7     144 loop18 15 0 208 16 0 0 0 0 0 52 4 0 0 0 0
   7     152 loop19 24 0 192 26 0 0 0 0 0 28 0 0 0 0 0
   7     160 loop20 42 0 3016 28 0 0 0 0 0 80 4 0 0 0 0
   7     168 loop21 24 0 1416 15 0 0 0 0 0 72 0 0 0 0 0
   7     176 loop22 63 0 5960 44 0 0 0 0 0 100 0 0 0 0 0
   7     184 loop23 101 0 10048 79 0 0 0 0 0 240 0 0 0 0 0
   7     192 loop24 31 1 2168 31 0 0 0 0 0 72 4 0 0 0 0
   7     200 loop25 2565 0 26056 2730 0 0 0 0 0 356 0 0 0 0 0
   7     208 loop26 106 0 17080 84 0 0 0 0 0 108 0 0 0 0 0
   7     216 loop27 9 0 72 4 0 0 0 0 0 20 0 0 0 0 0
   7     224 loop28 18 0 408 8 0 0 0 0 0 64 0 0 0 0 0
   7     232 loop29 85 0 9240 84 0 0 0 0 0 248 0 0 0 0 0
   7     240 loop30 28 0 864 15 0 0 0 0 0 64 0 0 0 0 0
   7     248 loop31 103 1 9368 95 0 0 0 0 0 360 8 0 0 0 0
   7     256 loop32 51 0 6560 51 0 0 0 0 0 120 4 0 0 0 0
   7     264 loop33 110 1 14560 252 0 0 0 0 0 148 124 0 0 0 0
   7     272 loop34 106 5 11816 79 0 0 0 0 0 152 0 0 0 0 0
   7     280 loop35 27 0 1840 19 0 0 0 0 0 56 0 0 0 0 0
   7     288 loop36 72 0 9048 123 0 0 0 0 0 140 44 0 0 0 0
   7     296 loop37 17 0 224 6 0 0 0 0 0 40 0 0 0 0 0
   7     304 loop38 176 1 15376 238 0 0 0 0 0 376 68 0 0 0 0
   7     312 loop39 397 14 37240 324 0 0 0 0 0 1012 8 0 0 0 0
 253       8 dm-8 0 0 0 0 0 0 0 0 0 0 0 0 0 0 0
 253       9 dm-9 92 0 11664 68 0 0 0 0 0 152 68 0 0 0 0
 253      10 dm-10 154 0 15192 328 0 0 0 0 0 388 328 0 0 0 0
 253      11 dm-11 475 0 69552 1096 0 0 0 0 0 1140 1096 0 0 0 0
 253      12 dm-12 0 0 0 0 0 0 0 0 0 0 0 0 0 0 0
 253      13 dm-13 92 0 14408 480 0 0 0 0 0 160 480 0 0 0 0
 253      14 dm-14 0 0 0 0 0 0 0 0 0 0 0 0 0 0 0
 253      15 dm-15 22 0 1800 4 0 0 0 0 0 52 4 0 0 0 0
 253      16 dm-16 0 0 0 0 0 0 0 0 0 0 0 0 0 0 0
 253      17 dm-17 0 0 0 0 0 0 0 0 0 0 0 0 0 0 0
 253      18 dm-18 40 0 6472 48 0 0 0 0 0 112 48 0 0 0 0
 253      19 dm-19 69 0 9112 204 0 0 0 0 0 248 204 0 0 0 0
 253      20 dm-20 365 0 36872 772 0 0 0 0 0 1060 772 0 0 0 0
 253      21 dm-21 23 0 824 8 0 0 0 0 0 60 8 0 0 0 0
 253      22 dm-22 16 0 392 88 0 0 0 0 0 68 88 0 0 0 0
 253      23 dm-23 0 0 0 0 0 0 0 0 0 0 0 0 0 0 0
 253      24 dm-24 15 0 208 4 0 0 0 0 0 36 4 0 0 0 0
 253      25 dm-25 5 0 40 8 0 0 0 0 0 20 8 0 0 0 0
 253      26 dm-26 84 0 16904 108 0 0 0 0 0 112 108 0 0 0 0
 253      27 dm-27 0 0 0 0 0 0 0 0 0 0 0 0 0 0 0
 253      28 dm-28 2552 0 25952 3048 0 0 0 0 0 352 3048 0 0 0 0
 253      29 dm-29 0 0 0 0 0 0 0 0 0 0 0 0 0 0 0
 253      30 dm-30 0 0 0 0 0 0 0 0 0 0 0 0 0 0 0
 253      31 dm-31 0 0 0 0 0 0 0 0 0 0 0 0 0 0 0
 253      32 dm-32 90 0 9256 212 0 0 0 0 0 392 212 0 0 0 0
 253      33 dm-33 0 0 0 0 0 0 0 0 0 0 0 0 0 0 0
 253      34 dm-34 26 0 2120 76 0 0 0 0 0 72 76 0 0 0 0
 253      35 dm-35 48 0 5840 72 0 0 0 0 0 100 72 0 0 0 0
 253      36 dm-36 88 0 9944 152 0 0 0 0 0 240 152 0 0 0 0
 253      37 dm-37 0 0 0 0 0 0 0 0 0 0 0 0 0 0 0
 253      38 dm-38 20 0 1384 16 0 0 0 0 0 76 16 0 0 0 0
 253      39 dm-39 34 0 2952 36 0 0 0 0 0 84 36 0 0 0 0
 253      40 dm-40 0 0 0 0 0 0 0 0 0 0 0 0 0 0 0
 253      41 dm-41 0 0 0 0 0 0 0 0 0 0 0 0 0 0 0
 253      42 dm-42 0 0 0 0 0 0 0 0 0 0 0 0 0 0 0
 253      43 dm-43 6852 0 272144 6804 679 0 10808 712 0 6176 7516 0 0 0 0

2657
   1       0 ram0 0 0 0 0 0 0 0 0 0 0 0 0 0 0 0
   1       1 ram1 0 0 0 0 0 0 0 0 0 0 0 0 0 0 0
   1       2 ram2 0 0 0 0 0 0 0 0 0 0 0 0 0 0 0
   1       3 ram3 0 0 0 0 0 0 0 0 0 0 0 0 0 0 0
   1       4 ram4 0 0 0 0 0 0 0 0 0 0 0 0 0 0 0
   1       5 ram5 0 0 0 0 0 0 0 0 0 0 0 0 0 0 0
   1       6 ram6 0 0 0 0 0 0 0 0 0 0 0 0 0 0 0
   1       7 ram7 0 0 0 0 0 0 0 0 0 0 0 0 0 0 0
   1       8 ram8 0 0 0 0 0 0 0 0 0 0 0 0 0 0 0
   1       9 ram9 0 0 0 0 0 0 0 0 0 0 0 0 0 0 0
   1      10 ram10 0 0 0 0 0 0 0 0 0 0 0 0 0 0 0
   1      11 ram11 0 0 0 0 0 0 0 0 0 0 0 0 0 0 0
   1      12 ram12 0 0 0 0 0 0 0 0 0 0 0 0 0 0 0
   1      13 ram13 0 0 0 0 0 0 0 0 0 0 0 0 0 0 0
   1      14 ram14 0 0 0 0 0 0 0 0 0 0 0 0 0 0 0
   1      15 ram15 0 0 0 0 0 0 0 0 0 0 0 0 0 0 0
   7       0 loop0 183 0 16168 352 0 0 0 0 0 344 116 0 0 0 0
   7       8 loop1 70 0 9008 122 0 0 0 0 0 136 32 0 0 0 0
   7      16 loop2 27 0 216 13 0 0 0 0 0 32 0 0 0 0 0
   7      24 loop3 12 0 296 8 0 0 0 0 0 32 0 0 0 0 0
   7      32 loop4 36 1 3040 29 0 0 0 0 0 56 0 0 0 0 0
   7      40 loop5 206 1 24288 302 0 0 0 0 0 420 60 0 0 0 0
   7      48 loop6 16 0 712 14 0 0 0 0 0 44 0 0 0 0 0
   7      56 loop7 61 0 6856 58 0 0 0 0 0 148 0 0 0 0 0
   7      64 loop8 25 0 1408 16 0 0 0 0 0 96 0 0 0 0 0
   7      72 loop9 734 6 74712 1830 0 0 0 0 0 2036 744 0 0 0 0
   7      80 loop10 24 0 192 17 0 0 0 0 0 28 0 0 0 0 0
   7      88 loop11 32 0 2400 25 0 0 0 0 0 84 0 0 0 0 0
   7      96 loop12 558 3 70240 489 0 0 0 0 0 1064 16 0 0 0 0
   7     104 loop13 27 0 216 48 0 0 0 0 0 44 8 0 0 0 0
   7     112 loop14 15 0 280 9 0 0 0 0 0 40 0 0 0 0 0
   7     120 loop15 52 0 4752 144 0 0 0 0 0 220 76 0 0 0 0
 254       0 zram0 0 0 0 0 0 0 0 0 0 0 0 0 0 0 0
 179       0 mmcblk0 2020 1821 144350 1721 12 0 48 14 0 1592 376 0 0 0 0
 179       1 mmcblk0p1 0 0 0 0 0 0 0 0 0 0 0 0 0 0 0
 179       2 mmcblk0p2 0 0 0 0 0 0 0 0 0 0 0 0 0 0 0
 179       3 mmcblk0p3 0 0 0 0 0 0 0 0 0 0 0 0 0 0 0
 179       4 mmcblk0p4 16 0 146 3 1 0 8 0 0 12 0 0 0 0 0
 179       5 mmcblk0p5 0 0 0 0 0 0 0 0 0 0 0 0 0 0 0
 179       6 mmcblk0p6 0 0 0 0 0 0 0 0 0 0 0 0 0 0 0
 179       7 mmcblk0p7 0 0 0 0 0 0 0 0 0 0 0 0 0 0 0
 179       8 mmcblk0p8 0 0 0 0 0 0 0 0 0 0 0 0 0 0 0
 179       9 mmcblk0p9 0 0 0 0 0 0 0 0 0 0 0 0 0 0 0
 179      10 mmcblk0p10 0 0 0 0 0 0 0 0 0 0 0 0 0 0 0
 179      11 mmcblk0p11 0 0 0 0 0 0 0 0 0 0 0 0 0 0 0
 179      12 mmcblk0p12 0 0 0 0 0 0 0 0 0 0 0 0 0 0 0
 179      13 mmcblk0p13 0 0 0 0 0 0 0 0 0 0 0 0 0 0 0
 179      14 mmcblk0p14 0 0 0 0 0 0 0 0 0 0 0 0 0 0 0
 179      15 mmcblk0p15 0 0 0 0 0 0 0 0 0 0 0 0 0 0 0
 179      16 mmcblk0p16 0 0 0 0 0 0 0 0 0 0 0 0 0 0 0
 179      17 mmcblk0p17 0 0 0 0 0 0 0 0 0 0 0 0 0 0 0
 179      18 mmcblk0p18 0 0 0 0 0 0 0 0 0 0 0 0 0 0 0
 179      19 mmcblk0p19 0 0 0 0 0 0 0 0 0 0 0 0 0 0 0
 179      20 mmcblk0p20 0 0 0 0 0 0 0 0 0 0 0 0 0 0 0
 179      21 mmcblk0p21 54 57 111 17 0 0 0 0 0 28 0 0 0 0 0
 179      22 mmcblk0p22 0 0 0 0 0 0 0 0 0 0 0 0 0 0 0
 179      23 mmcblk0p23 33 6 330 14 0 0 0 0 0 12 0 0 0 0 0
 179      24 mmcblk0p24 0 0 0 0 0 0 0 0 0 0 0 0 0 0 0
 179      25 mmcblk0p25 0 0 0 0 0 0 0 0 0 0 0 0 0 0 0
 179      26 mmcblk0p26 0 0 0 0 0 0 0 0 0 0 0 0 0 0 0
 179      27 mmcblk0p27 0 0 0 0 0 0 0 0 0 0 0 0 0 0 0
 179      28 mmcblk0p28 0 0 0 0 0 0 0 0 0 0 0 0 0 0 0
 179      29 mmcblk0p29 0 0 0 0 0 0 0 0 0 0 0 0 0 0 0
 179      30 mmcblk0p30 0 0 0 0 0 0 0 0 0 0 0 0 0 0 0
 179      31 mmcblk0p31 0 0 0 0 0 0 0 0 0 0 0 0 0 0 0
 259       0 mmcblk0p32 9 0 65 1 0 0 0 0 0 12 0 0 0 0 0
 259       1 mmcblk0p33 0 0 0 0 0 0 0 0 0 0 0 0 0 0 0
 259       2 mmcblk0p34 0 0 0 0 0 0 0 0 0 0 0 0 0 0 0
 259       3 mmcblk0p35 0 0 0 0 0 0 0 0 0 0 0 0 0 0 0
 259       4 mmcblk0p36 0 0 0 0 0 0 0 0 0 0 0 0 0 0 0
 259       5 mmcblk0p37 0 0 0 0 0 0 0 0 0 0 0 0 0 0 0
 259       6 mmcblk0p38 0 0 0 0 0 0 0 0 0 0 0 0 0 0 0
 259       7 mmcblk0p39 0 0 0 0 0 0 0 0 0 0 0 0 0 0 0
 259       8 mmcblk0p40 0 0 0 0 0 0 0 0 0 0 0 0 0 0 0
 259       9 mmcblk0p41 0 0 0 0 0 0 0 0 0 0 0 0 0 0 0
 259      10 mmcblk0p42 0 0 0 0 0 0 0 0 0 0 0 0 0 0 0
 259      11 mmcblk0p43 0 0 0 0 0 0 0 0 0 0 0 0 0 0 0
 259      12 mmcblk0p44 0 0 0 0 0 0 0 0 0 0 0 0 0 0 0
 259      13 mmcblk0p45 0 0 0 0 0 0 0 0 0 0 0 0 0 0 0
 259      14 mmcblk0p46 0 0 0 0 0 0 0 0 0 0 0 0 0 0 0
 259      15 mmcblk0p47 0 0 0 0 0 0 0 0 0 0 0 0 0 0 0
 259      16 mmcblk0p48 0 0 0 0 0 0 0 0 0 0 0 0 0 0 0
 259      17 mmcblk0p49 0 0 0 0 0 0 0 0 0 0 0 0 0 0 0
 259      18 mmcblk0p50 0 0 0 0 0 0 0 0 0 0 0 0 0 0 0
 259      19 mmcblk0p51 0 0 0 0 0 0 0 0 0 0 0 0 0 0 0
 259      20 mmcblk0p52 0 0 0 0 0 0 0 0 0 0 0 0 0 0 0
 259      21 mmcblk0p53 0 0 0 0 0 0 0 0 0 0 0 0 0 0 0
 259      22 mmcblk0p54 0 0 0 0 0 0 0 0 0 0 0 0 0 0 0
 259      23 mmcblk0p55 0 0 0 0 0 0 0 0 0 0 0 0 0 0 0
 259      24 mmcblk0p56 0 0 0 0 0 0 0 0 0 0 0 0 0 0 0
 259      25 mmcblk0p57 0 0 0 0 0 0 0 0 0 0 0 0 0 0 0
 259      26 mmcblk0p58 0 0 0 0 0 0 0 0 0 0 0 0 0 0 0
 259      27 mmcblk0p59 0 0 0 0 0 0 0 0 0 0 0 0 0 0 0
 259      28 mmcblk0p60 0 0 0 0 0 0 0 0 0 0 0 0 0 0 0
 259      29 mmcblk0p61 0 0 0 0 0 0 0 0 0 0 0 0 0 0 0
 259      30 mmcblk0p62 0 0 0 0 0 0 0 0 0 0 0 0 0 0 0
 259      31 mmcblk0p63 0 0 0 0 0 0 0 0 0 0 0 0 0 0 0
 259      32 mmcblk0p64 0 0 0 0 0 0 0 0 0 0 0 0 0 0 0
 259      33 mmcblk0p65 0 0 0 0 0 0 0 0 0 0 0 0 0 0 0
 259      34 mmcblk0p66 0 0 0 0 0 0 0 0 0 0 0 0 0 0 0
 259      35 mmcblk0p67 1851 1758 140712 1643 0 0 0 0 0 1520 360 0 0 0 0
 259      36 mmcblk0p68 1 0 128 1 0 0 0 0 0 4 0 0 0 0 0
 259      37 mmcblk0p69 0 0 0 0 0 0 0 0 0 0 0 0 0 0 0
 259      38 mmcblk0p70 0 0 0 0 0 0 0 0 0 0 0 0 0 0 0
 259      39 mmcblk0p71 0 0 0 0 0 0 0 0 0 0 0 0 0 0 0
 259      40 mmcblk0p72 47 0 2666 36 5 0 40 12 0 64 16 0 0 0 0
 259      41 mmcblk0p73 1 0 128 1 0 0 0 0 0 4 0 0 0 0 0
 259      42 mmcblk0p74 0 0 0 0 0 0 0 0 0 0 0 0 0 0 0
 259      43 mmcblk0p75 0 0 0 0 0 0 0 0 0 0 0 0 0 0 0
 259      44 mmcblk0p76 0 0 0 0 0 0 0 0 0 0 0 0 0 0 0
 259      45 mmcblk0p77 0 0 0 0 0 0 0 0 0 0 0 0 0 0 0
 259      46 mmcblk0p78 0 0 0 0 0 0 0 0 0 0 0 0 0 0 0
 259      47 mmcblk0p79 0 0 0 0 0 0 0 0 0 0 0 0 0 0 0
 259      48 mmcblk0p80 0 0 0 0 0 0 0 0 0 0 0 0 0 0 0
 253       0 dm-0 347 0 27120 516 0 0 0 0 0 332 516 0 0 0 0
 253       1 dm-1 6432 0 876448 14620 0 0 0 0 0 7788 14620 0 0 0 0
 253       2 dm-2 3085 0 199752 3976 0 0 0 0 0 3104 3976 0 0 0 0
 253       3 dm-3 3684 0 467600 6868 0 0 0 0 0 6040 6868 0 0 0 0
 253       4 dm-4 4910 0 864272 20060 0 0 0 0 0 8044 20060 0 0 0 0
 253       5 dm-5 2629 0 196104 5084 0 0 0 0 0 3276 5084 0 0 0 0
 253       6 dm-6 2866 0 461056 10256 0 0 0 0 0 6336 10256 0 0 0 0
 253       7 dm-7 208 0 26008 268 0 0 0 0 0 340 268 0 0 0 0
   7     128 loop16 19 0 536 21 0 0 0 0 0 56 8 0 0 0 0
   7     136 loop17 27 0 216 27 0 0 0 0 0 32 0 0 0 0 0
   7     144 loop18 15 0 208 16 0 0 0 0 0 52 4 0 0 0 0
   7     152 loop19 24 0 192 26 0 0 0 0 0 28 0 0 0 0 0
   7     160 loop20 42 0 3016 28 0 0 0 0 0 80 4 0 0 0 0
   7     168 loop21 24 0 1416 15 0 0 0 0 0 72 0 0 0 0 0
   7     176 loop22 63 0 5960 44 0 0 0 0 0 100 0 0 0 0 0
   7     184 loop23 101 0 10048 79 0 0 0 0 0 240 0 0 0 0 0
   7     192 loop24 31 1 2168 31 0 0 0 0 0 72 4 0 0 0 0
   7     200 loop25 2565 0 26056 2730 0 0 0 0 0 356 0 0 0 0 0
   7     208 loop26 106 0 17080 84 0 0 0 0 0 108 0 0 0 0 0
   7     216 loop27 9 0 72 4 0 0 0 0 0 20 0 0 0 0 0
   7     224 loop28 18 0 408 8 0 0 0 0 0 64 0 0 0 0 0
   7     232 loop29 85 0 9240 84 0 0 0 0 0 248 0 0 0 0 0
   7     240 loop30 28 0 864 15 0 0 0 0 0 64 0 0 0 0 0
   7     248 loop31 103 1 9368 95 0 0 0 0 0 360 8 0 0 0 0
   7     256 loop32 51 0 6560 51 0 0 0 0 0 120 4 0 0 0 0
   7     264 loop33 110 1 14560 252 0 0 0 0 0 148 124 0 0 0 0
   7     272 loop34 106 5 11816 79 0 0 0 0 0 152 0 0 0 0 0
   7     280 loop35 27 0 1840 19 0 0 0 0 0 56 0 0 0 0 0
   7     288 loop36 72 0 9048 123 0 0 0 0 0 140 44 0 0 0 0
   7     296 loop37 17 0 224 6 0 0 0 0 0 40 0 0 0 0 0
   7     304 loop38 176 1 15376 238 0 0 0 0 0 376 68 0 0 0 0
   7     312 loop39 397 14 37240 324 0 0 0 0 0 1012 8 0 0 0 0
 253       8 dm-8 0 0 0 0 0 0 0 0 0 0 0 0 0 0 0
 253       9 dm-9 92 0 11664 68 0 0 0 0 0 152 68 0 0 0 0
 253      10 dm-10 154 0 15192 328 0 0 0 0 0 388 328 0 0 0 0
 253      11 dm-11 475 0 69552 1096 0 0 0 0 0 1140 1096 0 0 0 0
 253      12 dm-12 0 0 0 0 0 0 0 0 0 0 0 0 0 0 0
 253      13 dm-13 92 0 14408 480 0 0 0 0 0 160 480 0 0 0 0
 253      14 dm-14 0 0 0 0 0 0 0 0 0 0 0 0 0 0 0
 253      15 dm-15 22 0 1800 4 0 0 0 0 0 52 4 0 0 0 0
 253      16 dm-16 0 0 0 0 0 0 0 0 0 0 0 0 0 0 0
 253      17 dm-17 0 0 0 0 0 0 0 0 0 0 0 0 0 0 0
 253      18 dm-18 40 0 6472 48 0 0 0 0 0 112 48 0 0 0 0
 253      19 dm-19 69 0 9112 204 0 0 0 0 0 248 204 0 0 0 0
 253      20 dm-20 365 0 36872 772 0 0 0 0 0 1060 772 0 0 0 0
 253      21 dm-21 23 0 824 8 0 0 0 0 0 60 8 0 0 0 0
 253      22 dm-22 16 0 392 88 0 0 0 0 0 68 88 0 0 0 0
 253      23 dm-23 0 0 0 0 0 0 0 0 0 0 0 0 0 0 0
 253      24 dm-24 15 0 208 4 0 0 0 0 0 36 4 0 0 0 0
 253      25 dm-25 5 0 40 8 0 0 0 0 0 20 8 0 0 0 0
 253      26 dm-26 84 0 16904 108 0 0 0 0 0 112 108 0 0 0 0
 253      27 dm-27 0 0 0 0 0 0 0 0 0 0 0 0 0 0 0
 253      28 dm-28 2552 0 25952 3048 0 0 0 0 0 352 3048 0 0 0 0
 253      29 dm-29 0 0 0 0 0 0 0 0 0 0 0 0 0 0 0
 253      30 dm-30 0 0 0 0 0 0 0 0 0 0 0 0 0 0 0
 253      31 dm-31 0 0 0 0 0 0 0 0 0 0 0 0 0 0 0
 253      32 dm-32 90 0 9256 212 0 0 0 0 0 392 212 0 0 0 0
 253      33 dm-33 0 0 0 0 0 0 0 0 0 0 0 0 0 0 0
 253      34 dm-34 26 0 2120 76 0 0 0 0 0 72 76 0 0 0 0
 253      35 dm-35 48 0 5840 72 0 0 0 0 0 100 72 0 0 0 0
 253      36 dm-36 88 0 9944 152 0 0 0 0 0 240 152 0 0 0 0
 253      37 dm-37 0 0 0 0 0 0 0 0 0 0 0 0 0 0 0
 253      38 dm-38 20 0 1384 16 0 0 0 0 0 76 16 0 0 0 0
 253      39 dm-39 34 0 2952 36 0 0 0 0 0 84 36 0 0 0 0
 253      40 dm-40 0 0 0 0 0 0 0 0 0 0 0 0 0 0 0
 253      41 dm-41 0 0 0 0 0 0 0 0 0 0 0 0 0 0 0
 253      42 dm-42 0 0 0 0 0 0 0 0 0 0 0 0 0 0 0
 253      43 dm-43 6856 0 272200 6804 679 0 10808 712 0 6188 7516 0 0 0 0

2681
   1       0 ram0 0 0 0 0 0 0 0 0 0 0 0 0 0 0 0
   1       1 ram1 0 0 0 0 0 0 0 0 0 0 0 0 0 0 0
   1       2 ram2 0 0 0 0 0 0 0 0 0 0 0 0 0 0 0
   1       3 ram3 0 0 0 0 0 0 0 0 0 0 0 0 0 0 0
   1       4 ram4 0 0 0 0 0 0 0 0 0 0 0 0 0 0 0
   1       5 ram5 0 0 0 0 0 0 0 0 0 0 0 0 0 0 0
   1       6 ram6 0 0 0 0 0 0 0 0 0 0 0 0 0 0 0
   1       7 ram7 0 0 0 0 0 0 0 0 0 0 0 0 0 0 0
   1       8 ram8 0 0 0 0 0 0 0 0 0 0 0 0 0 0 0
   1       9 ram9 0 0 0 0 0 0 0 0 0 0 0 0 0 0 0
   1      10 ram10 0 0 0 0 0 0 0 0 0 0 0 0 0 0 0
   1      11 ram11 0 0 0 0 0 0 0 0 0 0 0 0 0 0 0
   1      12 ram12 0 0 0 0 0 0 0 0 0 0 0 0 0 0 0
   1      13 ram13 0 0 0 0 0 0 0 0 0 0 0 0 0 0 0
   1      14 ram14 0 0 0 0 0 0 0 0 0 0 0 0 0 0 0
   1      15 ram15 0 0 0 0 0 0 0 0 0 0 0 0 0 0 0
   7       0 loop0 183 0 16168 352 0 0 0 0 0 344 116 0 0 0 0
   7       8 loop1 70 0 9008 122 0 0 0 0 0 136 32 0 0 0 0
   7      16 loop2 27 0 216 13 0 0 0 0 0 32 0 0 0 0 0
   7      24 loop3 12 0 296 8 0 0 0 0 0 32 0 0 0 0 0
   7      32 loop4 36 1 3040 29 0 0 0 0 0 56 0 0 0 0 0
   7      40 loop5 206 1 24288 302 0 0 0 0 0 420 60 0 0 0 0
   7      48 loop6 16 0 712 14 0 0 0 0 0 44 0 0 0 0 0
   7      56 loop7 61 0 6856 58 0 0 0 0 0 148 0 0 0 0 0
   7      64 loop8 25 0 1408 16 0 0 0 0 0 96 0 0 0 0 0
   7      72 loop9 734 6 74712 1830 0 0 0 0 0 2036 744 0 0 0 0
   7      80 loop10 24 0 192 17 0 0 0 0 0 28 0 0 0 0 0
   7      88 loop11 32 0 2400 25 0 0 0 0 0 84 0 0 0 0 0
   7      96 loop12 559 3 70496 491 0 0 0 0 0 1072 16 0 0 0 0
   7     104 loop13 27 0 216 48 0 0 0 0 0 44 8 0 0 0 0
   7     112 loop14 15 0 280 9 0 0 0 0 0 40 0 0 0 0 0
   7     120 loop15 52 0 4752 144 0 0 0 0 0 220 76 0 0 0 0
 254       0 zram0 0 0 0 0 0 0 0 0 0 0 0 0 0 0 0
 179       0 mmcblk0 2020 1821 144350 1721 12 0 48 14 0 1592 376 0 0 0 0
 179       1 mmcblk0p1 0 0 0 0 0 0 0 0 0 0 0 0 0 0 0
 179       2 mmcblk0p2 0 0 0 0 0 0 0 0 0 0 0 0 0 0 0
 179       3 mmcblk0p3 0 0 0 0 0 0 0 0 0 0 0 0 0 0 0
 179       4 mmcblk0p4 16 0 146 3 1 0 8 0 0 12 0 0 0 0 0
 179       5 mmcblk0p5 0 0 0 0 0 0 0 0 0 0 0 0 0 0 0
 179       6 mmcblk0p6 0 0 0 0 0 0 0 0 0 0 0 0 0 0 0
 179       7 mmcblk0p7 0 0 0 0 0 0 0 0 0 0 0 0 0 0 0
 179       8 mmcblk0p8 0 0 0 0 0 0 0 0 0 0 0 0 0 0 0
 179       9 mmcblk0p9 0 0 0 0 0 0 0 0 0 0 0 0 0 0 0
 179      10 mmcblk0p10 0 0 0 0 0 0 0 0 0 0 0 0 0 0 0
 179      11 mmcblk0p11 0 0 0 0 0 0 0 0 0 0 0 0 0 0 0
 179      12 mmcblk0p12 0 0 0 0 0 0 0 0 0 0 0 0 0 0 0
 179      13 mmcblk0p13 0 0 0 0 0 0 0 0 0 0 0 0 0 0 0
 179      14 mmcblk0p14 0 0 0 0 0 0 0 0 0 0 0 0 0 0 0
 179      15 mmcblk0p15 0 0 0 0 0 0 0 0 0 0 0 0 0 0 0
 179      16 mmcblk0p16 0 0 0 0 0 0 0 0 0 0 0 0 0 0 0
 179      17 mmcblk0p17 0 0 0 0 0 0 0 0 0 0 0 0 0 0 0
 179      18 mmcblk0p18 0 0 0 0 0 0 0 0 0 0 0 0 0 0 0
 179      19 mmcblk0p19 0 0 0 0 0 0 0 0 0 0 0 0 0 0 0
 179      20 mmcblk0p20 0 0 0 0 0 0 0 0 0 0 0 0 0 0 0
 179      21 mmcblk0p21 54 57 111 17 0 0 0 0 0 28 0 0 0 0 0
 179      22 mmcblk0p22 0 0 0 0 0 0 0 0 0 0 0 0 0 0 0
 179      23 mmcblk0p23 33 6 330 14 0 0 0 0 0 12 0 0 0 0 0
 179      24 mmcblk0p24 0 0 0 0 0 0 0 0 0 0 0 0 0 0 0
 179      25 mmcblk0p25 0 0 0 0 0 0 0 0 0 0 0 0 0 0 0
 179      26 mmcblk0p26 0 0 0 0 0 0 0 0 0 0 0 0 0 0 0
 179      27 mmcblk0p27 0 0 0 0 0 0 0 0 0 0 0 0 0 0 0
 179      28 mmcblk0p28 0 0 0 0 0 0 0 0 0 0 0 0 0 0 0
 179      29 mmcblk0p29 0 0 0 0 0 0 0 0 0 0 0 0 0 0 0
 179      30 mmcblk0p30 0 0 0 0 0 0 0 0 0 0 0 0 0 0 0
 179      31 mmcblk0p31 0 0 0 0 0 0 0 0 0 0 0 0 0 0 0
 259       0 mmcblk0p32 9 0 65 1 0 0 0 0 0 12 0 0 0 0 0
 259       1 mmcblk0p33 0 0 0 0 0 0 0 0 0 0 0 0 0 0 0
 259       2 mmcblk0p34 0 0 0 0 0 0 0 0 0 0 0 0 0 0 0
 259       3 mmcblk0p35 0 0 0 0 0 0 0 0 0 0 0 0 0 0 0
 259       4 mmcblk0p36 0 0 0 0 0 0 0 0 0 0 0 0 0 0 0
 259       5 mmcblk0p37 0 0 0 0 0 0 0 0 0 0 0 0 0 0 0
 259       6 mmcblk0p38 0 0 0 0 0 0 0 0 0 0 0 0 0 0 0
 259       7 mmcblk0p39 0 0 0 0 0 0 0 0 0 0 0 0 0 0 0
 259       8 mmcblk0p40 0 0 0 0 0 0 0 0 0 0 0 0 0 0 0
 259       9 mmcblk0p41 0 0 0 0 0 0 0 0 0 0 0 0 0 0 0
 259      10 mmcblk0p42 0 0 0 0 0 0 0 0 0 0 0 0 0 0 0
 259      11 mmcblk0p43 0 0 0 0 0 0 0 0 0 0 0 0 0 0 0
 259      12 mmcblk0p44 0 0 0 0 0 0 0 0 0 0 0 0 0 0 0
 259      13 mmcblk0p45 0 0 0 0 0 0 0 0 0 0 0 0 0 0 0
 259      14 mmcblk0p46 0 0 0 0 0 0 0 0 0 0 0 0 0 0 0
 259      15 mmcblk0p47 0 0 0 0 0 0 0 0 0 0 0 0 0 0 0
 259      16 mmcblk0p48 0 0 0 0 0 0 0 0 0 0 0 0 0 0 0
 259      17 mmcblk0p49 0 0 0 0 0 0 0 0 0 0 0 0 0 0 0
 259      18 mmcblk0p50 0 0 0 0 0 0 0 0 0 0 0 0 0 0 0
 259      19 mmcblk0p51 0 0 0 0 0 0 0 0 0 0 0 0 0 0 0
 259      20 mmcblk0p52 0 0 0 0 0 0 0 0 0 0 0 0 0 0 0
 259      21 mmcblk0p53 0 0 0 0 0 0 0 0 0 0 0 0 0 0 0
 259      22 mmcblk0p54 0 0 0 0 0 0 0 0 0 0 0 0 0 0 0
 259      23 mmcblk0p55 0 0 0 0 0 0 0 0 0 0 0 0 0 0 0
 259      24 mmcblk0p56 0 0 0 0 0 0 0 0 0 0 0 0 0 0 0
 259      25 mmcblk0p57 0 0 0 0 0 0 0 0 0 0 0 0 0 0 0
 259      26 mmcblk0p58 0 0 0 0 0 0 0 0 0 0 0 0 0 0 0
 259      27 mmcblk0p59 0 0 0 0 0 0 0 0 0 0 0 0 0 0 0
 259      28 mmcblk0p60 0 0 0 0 0 0 0 0 0 0 0 0 0 0 0
 259      29 mmcblk0p61 0 0 0 0 0 0 0 0 0 0 0 0 0 0 0
 259      30 mmcblk0p62 0 0 0 0 0 0 0 0 0 0 0 0 0 0 0
 259      31 mmcblk0p63 0 0 0 0 0 0 0 0 0 0 0 0 0 0 0
 259      32 mmcblk0p64 0 0 0 0 0 0 0 0 0 0 0 0 0 0 0
 259      33 mmcblk0p65 0 0 0 0 0 0 0 0 0 0 0 0 0 0 0
 259      34 mmcblk0p66 0 0 0 0 0 0 0 0 0 0 0 0 0 0 0
 259      35 mmcblk0p67 1851 1758 140712 1643 0 0 0 0 0 1520 360 0 0 0 0
 259      36 mmcblk0p68 1 0 128 1 0 0 0 0 0 4 0 0 0 0 0
 259      37 mmcblk0p69 0 0 0 0 0 0 0 0 0 0 0 0 0 0 0
 259      38 mmcblk0p70 0 0 0 0 0 0 0 0 0 0 0 0 0 0 0
 259      39 mmcblk0p71 0 0 0 0 0 0 0 0 0 0 0 0 0 0 0
 259      40 mmcblk0p72 47 0 2666 36 5 0 40 12 0 64 16 0 0 0 0
 259      41 mmcblk0p73 1 0 128 1 0 0 0 0 0 4 0 0 0 0 0
 259      42 mmcblk0p74 0 0 0 0 0 0 0 0 0 0 0 0 0 0 0
 259      43 mmcblk0p75 0 0 0 0 0 0 0 0 0 0 0 0 0 0 0
 259      44 mmcblk0p76 0 0 0 0 0 0 0 0 0 0 0 0 0 0 0
 259      45 mmcblk0p77 0 0 0 0 0 0 0 0 0 0 0 0 0 0 0
 259      46 mmcblk0p78 0 0 0 0 0 0 0 0 0 0 0 0 0 0 0
 259      47 mmcblk0p79 0 0 0 0 0 0 0 0 0 0 0 0 0 0 0
 259      48 mmcblk0p80 0 0 0 0 0 0 0 0 0 0 0 0 0 0 0
 253       0 dm-0 347 0 27120 516 0 0 0 0 0 332 516 0 0 0 0
 253       1 dm-1 6434 0 877272 14632 0 0 0 0 0 7800 14632 0 0 0 0
 253       2 dm-2 3085 0 199752 3976 0 0 0 0 0 3104 3976 0 0 0 0
 253       3 dm-3 3686 0 467648 6876 0 0 0 0 0 6052 6876 0 0 0 0
 253       4 dm-4 4911 0 865088 20068 0 0 0 0 0 8052 20068 0 0 0 0
 253       5 dm-5 2629 0 196104 5084 0 0 0 0 0 3276 5084 0 0 0 0
 253       6 dm-6 2868 0 461104 10264 0 0 0 0 0 6348 10264 0 0 0 0
 253       7 dm-7 208 0 26008 268 0 0 0 0 0 340 268 0 0 0 0
   7     128 loop16 19 0 536 21 0 0 0 0 0 56 8 0 0 0 0
   7     136 loop17 27 0 216 27 0 0 0 0 0 32 0 0 0 0 0
   7     144 loop18 15 0 208 16 0 0 0 0 0 52 4 0 0 0 0
   7     152 loop19 24 0 192 26 0 0 0 0 0 28 0 0 0 0 0
   7     160 loop20 42 0 3016 28 0 0 0 0 0 80 4 0 0 0 0
   7     168 loop21 24 0 1416 15 0 0 0 0 0 72 0 0 0 0 0
   7     176 loop22 63 0 5960 44 0 0 0 0 0 100 0 0 0 0 0
   7     184 loop23 101 0 10048 79 0 0 0 0 0 240 0 0 0 0 0
   7     192 loop24 31 1 2168 31 0 0 0 0 0 72 4 0 0 0 0
   7     200 loop25 2565 0 26056 2730 0 0 0 0 0 356 0 0 0 0 0
   7     208 loop26 106 0 17080 84 0 0 0 0 0 108 0 0 0 0 0
   7     216 loop27 9 0 72 4 0 0 0 0 0 20 0 0 0 0 0
   7     224 loop28 18 0 408 8 0 0 0 0 0 64 0 0 0 0 0
   7     232 loop29 85 0 9240 84 0 0 0 0 0 248 0 0 0 0 0
   7     240 loop30 28 0 864 15 0 0 0 0 0 64 0 0 0 0 0
   7     248 loop31 103 1 9368 95 0 0 0 0 0 360 8 0 0 0 0
   7     256 loop32 51 0 6560 51 0 0 0 0 0 120 4 0 0 0 0
   7     264 loop33 110 1 14560 252 0 0 0 0 0 148 124 0 0 0 0
   7     272 loop34 106 5 11816 79 0 0 0 0 0 152 0 0 0 0 0
   7     280 loop35 27 0 1840 19 0 0 0 0 0 56 0 0 0 0 0
   7     288 loop36 72 0 9048 123 0 0 0 0 0 140 44 0 0 0 0
   7     296 loop37 17 0 224 6 0 0 0 0 0 40 0 0 0 0 0
   7     304 loop38 176 1 15376 238 0 0 0 0 0 376 68 0 0 0 0
   7     312 loop39 397 14 37240 324 0 0 0 0 0 1012 8 0 0 0 0
 253       8 dm-8 0 0 0 0 0 0 0 0 0 0 0 0 0 0 0
 253       9 dm-9 92 0 11664 68 0 0 0 0 0 152 68 0 0 0 0
 253      10 dm-10 154 0 15192 328 0 0 0 0 0 388 328 0 0 0 0
 253      11 dm-11 476 0 69808 1100 0 0 0 0 0 1148 1100 0 0 0 0
 253      12 dm-12 0 0 0 0 0 0 0 0 0 0 0 0 0 0 0
 253      13 dm-13 92 0 14408 480 0 0 0 0 0 160 480 0 0 0 0
 253      14 dm-14 0 0 0 0 0 0 0 0 0 0 0 0 0 0 0
 253      15 dm-15 22 0 1800 4 0 0 0 0 0 52 4 0 0 0 0
 253      16 dm-16 0 0 0 0 0 0 0 0 0 0 0 0 0 0 0
 253      17 dm-17 0 0 0 0 0 0 0 0 0 0 0 0 0 0 0
 253      18 dm-18 40 0 6472 48 0 0 0 0 0 112 48 0 0 0 0
 253      19 dm-19 69 0 9112 204 0 0 0 0 0 248 204 0 0 0 0
 253      20 dm-20 365 0 36872 772 0 0 0 0 0 1060 772 0 0 0 0
 253      21 dm-21 23 0 824 8 0 0 0 0 0 60 8 0 0 0 0
 253      22 dm-22 16 0 392 88 0 0 0 0 0 68 88 0 0 0 0
 253      23 dm-23 0 0 0 0 0 0 0 0 0 0 0 0 0 0 0
 253      24 dm-24 15 0 208 4 0 0 0 0 0 36 4 0 0 0 0
 253      25 dm-25 5 0 40 8 0 0 0 0 0 20 8 0 0 0 0
 253      26 dm-26 84 0 16904 108 0 0 0 0 0 112 108 0 0 0 0
 253      27 dm-27 0 0 0 0 0 0 0 0 0 0 0 0 0 0 0
 253      28 dm-28 2552 0 25952 3048 0 0 0 0 0 352 3048 0 0 0 0
 253      29 dm-29 0 0 0 0 0 0 0 0 0 0 0 0 0 0 0
 253      30 dm-30 0 0 0 0 0 0 0 0 0 0 0 0 0 0 0
 253      31 dm-31 0 0 0 0 0 0 0 0 0 0 0 0 0 0 0
 253      32 dm-32 90 0 9256 212 0 0 0 0 0 392 212 0 0 0 0
 253      33 dm-33 0 0 0 0 0 0 0 0 0 0 0 0 0 0 0
 253      34 dm-34 26 0 2120 76 0 0 0 0 0 72 76 0 0 0 0
 253      35 dm-35 48 0 5840 72 0 0 0 0 0 100 72 0 0 0 0
 253      36 dm-36 88 0 9944 152 0 0 0 0 0 240 152 0 0 0 0
 253      37 dm-37 0 0 0 0 0 0 0 0 0 0 0 0 0 0 0
 253      38 dm-38 20 0 1384 16 0 0 0 0 0 76 16 0 0 0 0
 253      39 dm-39 34 0 2952 36 0 0 0 0 0 84 36 0 0 0 0
 253      40 dm-40 0 0 0 0 0 0 0 0 0 0 0 0 0 0 0
 253      41 dm-41 0 0 0 0 0 0 0 0 0 0 0 0 0 0 0
 253      42 dm-42 0 0 0 0 0 0 0 0 0 0 0 0 0 0 0
 253      43 dm-43 6862 0 272496 6808 682 0 10832 716 0 6216 7524 0 0 0 0

2706
   1       0 ram0 0 0 0 0 0 0 0 0 0 0 0 0 0 0 0
   1       1 ram1 0 0 0 0 0 0 0 0 0 0 0 0 0 0 0
   1       2 ram2 0 0 0 0 0 0 0 0 0 0 0 0 0 0 0
   1       3 ram3 0 0 0 0 0 0 0 0 0 0 0 0 0 0 0
   1       4 ram4 0 0 0 0 0 0 0 0 0 0 0 0 0 0 0
   1       5 ram5 0 0 0 0 0 0 0 0 0 0 0 0 0 0 0
   1       6 ram6 0 0 0 0 0 0 0 0 0 0 0 0 0 0 0
   1       7 ram7 0 0 0 0 0 0 0 0 0 0 0 0 0 0 0
   1       8 ram8 0 0 0 0 0 0 0 0 0 0 0 0 0 0 0
   1       9 ram9 0 0 0 0 0 0 0 0 0 0 0 0 0 0 0
   1      10 ram10 0 0 0 0 0 0 0 0 0 0 0 0 0 0 0
   1      11 ram11 0 0 0 0 0 0 0 0 0 0 0 0 0 0 0
   1      12 ram12 0 0 0 0 0 0 0 0 0 0 0 0 0 0 0
   1      13 ram13 0 0 0 0 0 0 0 0 0 0 0 0 0 0 0
   1      14 ram14 0 0 0 0 0 0 0 0 0 0 0 0 0 0 0
   1      15 ram15 0 0 0 0 0 0 0 0 0 0 0 0 0 0 0
   7       0 loop0 183 0 16168 352 0 0 0 0 0 344 116 0 0 0 0
   7       8 loop1 70 0 9008 122 0 0 0 0 0 136 32 0 0 0 0
   7      16 loop2 27 0 216 13 0 0 0 0 0 32 0 0 0 0 0
   7      24 loop3 12 0 296 8 0 0 0 0 0 32 0 0 0 0 0
   7      32 loop4 36 1 3040 29 0 0 0 0 0 56 0 0 0 0 0
   7      40 loop5 206 1 24288 302 0 0 0 0 0 420 60 0 0 0 0
   7      48 loop6 16 0 712 14 0 0 0 0 0 44 0 0 0 0 0
   7      56 loop7 61 0 6856 58 0 0 0 0 0 148 0 0 0 0 0
   7      64 loop8 25 0 1408 16 0 0 0 0 0 96 0 0 0 0 0
   7      72 loop9 734 6 74712 1830 0 0 0 0 0 2036 744 0 0 0 0
   7      80 loop10 24 0 192 17 0 0 0 0 0 28 0 0 0 0 0
   7      88 loop11 32 0 2400 25 0 0 0 0 0 84 0 0 0 0 0
   7      96 loop12 559 3 70496 491 0 0 0 0 0 1072 16 0 0 0 0
   7     104 loop13 27 0 216 48 0 0 0 0 0 44 8 0 0 0 0
   7     112 loop14 15 0 280 9 0 0 0 0 0 40 0 0 0 0 0
   7     120 loop15 52 0 4752 144 0 0 0 0 0 220 76 0 0 0 0
 254       0 zram0 0 0 0 0 0 0 0 0 0 0 0 0 0 0 0
 179       0 mmcblk0 2020 1821 144350 1721 12 0 48 14 0 1592 376 0 0 0 0
 179       1 mmcblk0p1 0 0 0 0 0 0 0 0 0 0 0 0 0 0 0
 179       2 mmcblk0p2 0 0 0 0 0 0 0 0 0 0 0 0 0 0 0
 179       3 mmcblk0p3 0 0 0 0 0 0 0 0 0 0 0 0 0 0 0
 179       4 mmcblk0p4 16 0 146 3 1 0 8 0 0 12 0 0 0 0 0
 179       5 mmcblk0p5 0 0 0 0 0 0 0 0 0 0 0 0 0 0 0
 179       6 mmcblk0p6 0 0 0 0 0 0 0 0 0 0 0 0 0 0 0
 179       7 mmcblk0p7 0 0 0 0 0 0 0 0 0 0 0 0 0 0 0
 179       8 mmcblk0p8 0 0 0 0 0 0 0 0 0 0 0 0 0 0 0
 179       9 mmcblk0p9 0 0 0 0 0 0 0 0 0 0 0 0 0 0 0
 179      10 mmcblk0p10 0 0 0 0 0 0 0 0 0 0 0 0 0 0 0
 179      11 mmcblk0p11 0 0 0 0 0 0 0 0 0 0 0 0 0 0 0
 179      12 mmcblk0p12 0 0 0 0 0 0 0 0 0 0 0 0 0 0 0
 179      13 mmcblk0p13 0 0 0 0 0 0 0 0 0 0 0 0 0 0 0
 179      14 mmcblk0p14 0 0 0 0 0 0 0 0 0 0 0 0 0 0 0
 179      15 mmcblk0p15 0 0 0 0 0 0 0 0 0 0 0 0 0 0 0
 179      16 mmcblk0p16 0 0 0 0 0 0 0 0 0 0 0 0 0 0 0
 179      17 mmcblk0p17 0 0 0 0 0 0 0 0 0 0 0 0 0 0 0
 179      18 mmcblk0p18 0 0 0 0 0 0 0 0 0 0 0 0 0 0 0
 179      19 mmcblk0p19 0 0 0 0 0 0 0 0 0 0 0 0 0 0 0
 179      20 mmcblk0p20 0 0 0 0 0 0 0 0 0 0 0 0 0 0 0
 179      21 mmcblk0p21 54 57 111 17 0 0 0 0 0 28 0 0 0 0 0
 179      22 mmcblk0p22 0 0 0 0 0 0 0 0 0 0 0 0 0 0 0
 179      23 mmcblk0p23 33 6 330 14 0 0 0 0 0 12 0 0 0 0 0
 179      24 mmcblk0p24 0 0 0 0 0 0 0 0 0 0 0 0 0 0 0
 179      25 mmcblk0p25 0 0 0 0 0 0 0 0 0 0 0 0 0 0 0
 179      26 mmcblk0p26 0 0 0 0 0 0 0 0 0 0 0 0 0 0 0
 179      27 mmcblk0p27 0 0 0 0 0 0 0 0 0 0 0 0 0 0 0
 179      28 mmcblk0p28 0 0 0 0 0 0 0 0 0 0 0 0 0 0 0
 179      29 mmcblk0p29 0 0 0 0 0 0 0 0 0 0 0 0 0 0 0
 179      30 mmcblk0p30 0 0 0 0 0 0 0 0 0 0 0 0 0 0 0
 179      31 mmcblk0p31 0 0 0 0 0 0 0 0 0 0 0 0 0 0 0
 259       0 mmcblk0p32 9 0 65 1 0 0 0 0 0 12 0 0 0 0 0
 259       1 mmcblk0p33 0 0 0 0 0 0 0 0 0 0 0 0 0 0 0
 259       2 mmcblk0p34 0 0 0 0 0 0 0 0 0 0 0 0 0 0 0
 259       3 mmcblk0p35 0 0 0 0 0 0 0 0 0 0 0 0 0 0 0
 259       4 mmcblk0p36 0 0 0 0 0 0 0 0 0 0 0 0 0 0 0
 259       5 mmcblk0p37 0 0 0 0 0 0 0 0 0 0 0 0 0 0 0
 259       6 mmcblk0p38 0 0 0 0 0 0 0 0 0 0 0 0 0 0 0
 259       7 mmcblk0p39 0 0 0 0 0 0 0 0 0 0 0 0 0 0 0
 259       8 mmcblk0p40 0 0 0 0 0 0 0 0 0 0 0 0 0 0 0
 259       9 mmcblk0p41 0 0 0 0 0 0 0 0 0 0 0 0 0 0 0
 259      10 mmcblk0p42 0 0 0 0 0 0 0 0 0 0 0 0 0 0 0
 259      11 mmcblk0p43 0 0 0 0 0 0 0 0 0 0 0 0 0 0 0
 259      12 mmcblk0p44 0 0 0 0 0 0 0 0 0 0 0 0 0 0 0
 259      13 mmcblk0p45 0 0 0 0 0 0 0 0 0 0 0 0 0 0 0
 259      14 mmcblk0p46 0 0 0 0 0 0 0 0 0 0 0 0 0 0 0
 259      15 mmcblk0p47 0 0 0 0 0 0 0 0 0 0 0 0 0 0 0
 259      16 mmcblk0p48 0 0 0 0 0 0 0 0 0 0 0 0 0 0 0
 259      17 mmcblk0p49 0 0 0 0 0 0 0 0 0 0 0 0 0 0 0
 259      18 mmcblk0p50 0 0 0 0 0 0 0 0 0 0 0 0 0 0 0
 259      19 mmcblk0p51 0 0 0 0 0 0 0 0 0 0 0 0 0 0 0
 259      20 mmcblk0p52 0 0 0 0 0 0 0 0 0 0 0 0 0 0 0
 259      21 mmcblk0p53 0 0 0 0 0 0 0 0 0 0 0 0 0 0 0
 259      22 mmcblk0p54 0 0 0 0 0 0 0 0 0 0 0 0 0 0 0
 259      23 mmcblk0p55 0 0 0 0 0 0 0 0 0 0 0 0 0 0 0
 259      24 mmcblk0p56 0 0 0 0 0 0 0 0 0 0 0 0 0 0 0
 259      25 mmcblk0p57 0 0 0 0 0 0 0 0 0 0 0 0 0 0 0
 259      26 mmcblk0p58 0 0 0 0 0 0 0 0 0 0 0 0 0 0 0
 259      27 mmcblk0p59 0 0 0 0 0 0 0 0 0 0 0 0 0 0 0
 259      28 mmcblk0p60 0 0 0 0 0 0 0 0 0 0 0 0 0 0 0
 259      29 mmcblk0p61 0 0 0 0 0 0 0 0 0 0 0 0 0 0 0
 259      30 mmcblk0p62 0 0 0 0 0 0 0 0 0 0 0 0 0 0 0
 259      31 mmcblk0p63 0 0 0 0 0 0 0 0 0 0 0 0 0 0 0
 259      32 mmcblk0p64 0 0 0 0 0 0 0 0 0 0 0 0 0 0 0
 259      33 mmcblk0p65 0 0 0 0 0 0 0 0 0 0 0 0 0 0 0
 259      34 mmcblk0p66 0 0 0 0 0 0 0 0 0 0 0 0 0 0 0
 259      35 mmcblk0p67 1851 1758 140712 1643 0 0 0 0 0 1520 360 0 0 0 0
 259      36 mmcblk0p68 1 0 128 1 0 0 0 0 0 4 0 0 0 0 0
 259      37 mmcblk0p69 0 0 0 0 0 0 0 0 0 0 0 0 0 0 0
 259      38 mmcblk0p70 0 0 0 0 0 0 0 0 0 0 0 0 0 0 0
 259      39 mmcblk0p71 0 0 0 0 0 0 0 0 0 0 0 0 0 0 0
 259      40 mmcblk0p72 47 0 2666 36 5 0 40 12 0 64 16 0 0 0 0
 259      41 mmcblk0p73 1 0 128 1 0 0 0 0 0 4 0 0 0 0 0
 259      42 mmcblk0p74 0 0 0 0 0 0 0 0 0 0 0 0 0 0 0
 259      43 mmcblk0p75 0 0 0 0 0 0 0 0 0 0 0 0 0 0 0
 259      44 mmcblk0p76 0 0 0 0 0 0 0 0 0 0 0 0 0 0 0
 259      45 mmcblk0p77 0 0 0 0 0 0 0 0 0 0 0 0 0 0 0
 259      46 mmcblk0p78 0 0 0 0 0 0 0 0 0 0 0 0 0 0 0
 259      47 mmcblk0p79 0 0 0 0 0 0 0 0 0 0 0 0 0 0 0
 259      48 mmcblk0p80 0 0 0 0 0 0 0 0 0 0 0 0 0 0 0
 253       0 dm-0 347 0 27120 516 0 0 0 0 0 332 516 0 0 0 0
 253       1 dm-1 6435 0 877672 14632 0 0 0 0 0 7804 14632 0 0 0 0
 253       2 dm-2 3085 0 199752 3976 0 0 0 0 0 3104 3976 0 0 0 0
 253       3 dm-3 3686 0 467648 6876 0 0 0 0 0 6052 6876 0 0 0 0
 253       4 dm-4 4912 0 865488 20072 0 0 0 0 0 8060 20072 0 0 0 0
 253       5 dm-5 2629 0 196104 5084 0 0 0 0 0 3276 5084 0 0 0 0
 253       6 dm-6 2868 0 461104 10264 0 0 0 0 0 6348 10264 0 0 0 0
 253       7 dm-7 208 0 26008 268 0 0 0 0 0 340 268 0 0 0 0
   7     128 loop16 19 0 536 21 0 0 0 0 0 56 8 0 0 0 0
   7     136 loop17 27 0 216 27 0 0 0 0 0 32 0 0 0 0 0
   7     144 loop18 15 0 208 16 0 0 0 0 0 52 4 0 0 0 0
   7     152 loop19 24 0 192 26 0 0 0 0 0 28 0 0 0 0 0
   7     160 loop20 42 0 3016 28 0 0 0 0 0 80 4 0 0 0 0
   7     168 loop21 24 0 1416 15 0 0 0 0 0 72 0 0 0 0 0
   7     176 loop22 63 0 5960 44 0 0 0 0 0 100 0 0 0 0 0
   7     184 loop23 101 0 10048 79 0 0 0 0 0 240 0 0 0 0 0
   7     192 loop24 31 1 2168 31 0 0 0 0 0 72 4 0 0 0 0
   7     200 loop25 2565 0 26056 2730 0 0 0 0 0 356 0 0 0 0 0
   7     208 loop26 106 0 17080 84 0 0 0 0 0 108 0 0 0 0 0
   7     216 loop27 9 0 72 4 0 0 0 0 0 20 0 0 0 0 0
   7     224 loop28 18 0 408 8 0 0 0 0 0 64 0 0 0 0 0
   7     232 loop29 85 0 9240 84 0 0 0 0 0 248 0 0 0 0 0
   7     240 loop30 28 0 864 15 0 0 0 0 0 64 0 0 0 0 0
   7     248 loop31 103 1 9368 95 0 0 0 0 0 360 8 0 0 0 0
   7     256 loop32 51 0 6560 51 0 0 0 0 0 120 4 0 0 0 0
   7     264 loop33 110 1 14560 252 0 0 0 0 0 148 124 0 0 0 0
   7     272 loop34 106 5 11816 79 0 0 0 0 0 152 0 0 0 0 0
   7     280 loop35 27 0 1840 19 0 0 0 0 0 56 0 0 0 0 0
   7     288 loop36 72 0 9048 123 0 0 0 0 0 140 44 0 0 0 0
   7     296 loop37 17 0 224 6 0 0 0 0 0 40 0 0 0 0 0
   7     304 loop38 176 1 15376 238 0 0 0 0 0 376 68 0 0 0 0
   7     312 loop39 397 14 37240 324 0 0 0 0 0 1012 8 0 0 0 0
 253       8 dm-8 0 0 0 0 0 0 0 0 0 0 0 0 0 0 0
 253       9 dm-9 92 0 11664 68 0 0 0 0 0 152 68 0 0 0 0
 253      10 dm-10 154 0 15192 328 0 0 0 0 0 388 328 0 0 0 0
 253      11 dm-11 476 0 69808 1100 0 0 0 0 0 1148 1100 0 0 0 0
 253      12 dm-12 0 0 0 0 0 0 0 0 0 0 0 0 0 0 0
 253      13 dm-13 92 0 14408 480 0 0 0 0 0 160 480 0 0 0 0
 253      14 dm-14 0 0 0 0 0 0 0 0 0 0 0 0 0 0 0
 253      15 dm-15 22 0 1800 4 0 0 0 0 0 52 4 0 0 0 0
 253      16 dm-16 0 0 0 0 0 0 0 0 0 0 0 0 0 0 0
 253      17 dm-17 0 0 0 0 0 0 0 0 0 0 0 0 0 0 0
 253      18 dm-18 40 0 6472 48 0 0 0 0 0 112 48 0 0 0 0
 253      19 dm-19 69 0 9112 204 0 0 0 0 0 248 204 0 0 0 0
 253      20 dm-20 365 0 36872 772 0 0 0 0 0 1060 772 0 0 0 0
 253      21 dm-21 23 0 824 8 0 0 0 0 0 60 8 0 0 0 0
 253      22 dm-22 16 0 392 88 0 0 0 0 0 68 88 0 0 0 0
 253      23 dm-23 0 0 0 0 0 0 0 0 0 0 0 0 0 0 0
 253      24 dm-24 15 0 208 4 0 0 0 0 0 36 4 0 0 0 0
 253      25 dm-25 5 0 40 8 0 0 0 0 0 20 8 0 0 0 0
 253      26 dm-26 84 0 16904 108 0 0 0 0 0 112 108 0 0 0 0
 253      27 dm-27 0 0 0 0 0 0 0 0 0 0 0 0 0 0 0
 253      28 dm-28 2552 0 25952 3048 0 0 0 0 0 352 3048 0 0 0 0
 253      29 dm-29 0 0 0 0 0 0 0 0 0 0 0 0 0 0 0
 253      30 dm-30 0 0 0 0 0 0 0 0 0 0 0 0 0 0 0
 253      31 dm-31 0 0 0 0 0 0 0 0 0 0 0 0 0 0 0
 253      32 dm-32 90 0 9256 212 0 0 0 0 0 392 212 0 0 0 0
 253      33 dm-33 0 0 0 0 0 0 0 0 0 0 0 0 0 0 0
 253      34 dm-34 26 0 2120 76 0 0 0 0 0 72 76 0 0 0 0
 253      35 dm-35 48 0 5840 72 0 0 0 0 0 100 72 0 0 0 0
 253      36 dm-36 88 0 9944 152 0 0 0 0 0 240 152 0 0 0 0
 253      37 dm-37 0 0 0 0 0 0 0 0 0 0 0 0 0 0 0
 253      38 dm-38 20 0 1384 16 0 0 0 0 0 76 16 0 0 0 0
 253      39 dm-39 34 0 2952 36 0 0 0 0 0 84 36 0 0 0 0
 253      40 dm-40 0 0 0 0 0 0 0 0 0 0 0 0 0 0 0
 253      41 dm-41 0 0 0 0 0 0 0 0 0 0 0 0 0 0 0
 253      42 dm-42 0 0 0 0 0 0 0 0 0 0 0 0 0 0 0
 253      43 dm-43 6875 0 272600 6816 685 0 10872 724 0 6252 7540 0 0 0 0

2731
   1       0 ram0 0 0 0 0 0 0 0 0 0 0 0 0 0 0 0
   1       1 ram1 0 0 0 0 0 0 0 0 0 0 0 0 0 0 0
   1       2 ram2 0 0 0 0 0 0 0 0 0 0 0 0 0 0 0
   1       3 ram3 0 0 0 0 0 0 0 0 0 0 0 0 0 0 0
   1       4 ram4 0 0 0 0 0 0 0 0 0 0 0 0 0 0 0
   1       5 ram5 0 0 0 0 0 0 0 0 0 0 0 0 0 0 0
   1       6 ram6 0 0 0 0 0 0 0 0 0 0 0 0 0 0 0
   1       7 ram7 0 0 0 0 0 0 0 0 0 0 0 0 0 0 0
   1       8 ram8 0 0 0 0 0 0 0 0 0 0 0 0 0 0 0
   1       9 ram9 0 0 0 0 0 0 0 0 0 0 0 0 0 0 0
   1      10 ram10 0 0 0 0 0 0 0 0 0 0 0 0 0 0 0
   1      11 ram11 0 0 0 0 0 0 0 0 0 0 0 0 0 0 0
   1      12 ram12 0 0 0 0 0 0 0 0 0 0 0 0 0 0 0
   1      13 ram13 0 0 0 0 0 0 0 0 0 0 0 0 0 0 0
   1      14 ram14 0 0 0 0 0 0 0 0 0 0 0 0 0 0 0
   1      15 ram15 0 0 0 0 0 0 0 0 0 0 0 0 0 0 0
   7       0 loop0 183 0 16168 352 0 0 0 0 0 344 116 0 0 0 0
   7       8 loop1 70 0 9008 122 0 0 0 0 0 136 32 0 0 0 0
   7      16 loop2 27 0 216 13 0 0 0 0 0 32 0 0 0 0 0
   7      24 loop3 12 0 296 8 0 0 0 0 0 32 0 0 0 0 0
   7      32 loop4 36 1 3040 29 0 0 0 0 0 56 0 0 0 0 0
   7      40 loop5 206 1 24288 302 0 0 0 0 0 420 60 0 0 0 0
   7      48 loop6 16 0 712 14 0 0 0 0 0 44 0 0 0 0 0
   7      56 loop7 61 0 6856 58 0 0 0 0 0 148 0 0 0 0 0
   7      64 loop8 25 0 1408 16 0 0 0 0 0 96 0 0 0 0 0
   7      72 loop9 734 6 74712 1830 0 0 0 0 0 2036 744 0 0 0 0
   7      80 loop10 24 0 192 17 0 0 0 0 0 28 0 0 0 0 0
   7      88 loop11 32 0 2400 25 0 0 0 0 0 84 0 0 0 0 0
   7      96 loop12 559 3 70496 491 0 0 0 0 0 1072 16 0 0 0 0
   7     104 loop13 27 0 216 48 0 0 0 0 0 44 8 0 0 0 0
   7     112 loop14 15 0 280 9 0 0 0 0 0 40 0 0 0 0 0
   7     120 loop15 52 0 4752 144 0 0 0 0 0 220 76 0 0 0 0
 254       0 zram0 0 0 0 0 0 0 0 0 0 0 0 0 0 0 0
 179       0 mmcblk0 2020 1821 144350 1721 12 0 48 14 0 1592 376 0 0 0 0
 179       1 mmcblk0p1 0 0 0 0 0 0 0 0 0 0 0 0 0 0 0
 179       2 mmcblk0p2 0 0 0 0 0 0 0 0 0 0 0 0 0 0 0
 179       3 mmcblk0p3 0 0 0 0 0 0 0 0 0 0 0 0 0 0 0
 179       4 mmcblk0p4 16 0 146 3 1 0 8 0 0 12 0 0 0 0 0
 179       5 mmcblk0p5 0 0 0 0 0 0 0 0 0 0 0 0 0 0 0
 179       6 mmcblk0p6 0 0 0 0 0 0 0 0 0 0 0 0 0 0 0
 179       7 mmcblk0p7 0 0 0 0 0 0 0 0 0 0 0 0 0 0 0
 179       8 mmcblk0p8 0 0 0 0 0 0 0 0 0 0 0 0 0 0 0
 179       9 mmcblk0p9 0 0 0 0 0 0 0 0 0 0 0 0 0 0 0
 179      10 mmcblk0p10 0 0 0 0 0 0 0 0 0 0 0 0 0 0 0
 179      11 mmcblk0p11 0 0 0 0 0 0 0 0 0 0 0 0 0 0 0
 179      12 mmcblk0p12 0 0 0 0 0 0 0 0 0 0 0 0 0 0 0
 179      13 mmcblk0p13 0 0 0 0 0 0 0 0 0 0 0 0 0 0 0
 179      14 mmcblk0p14 0 0 0 0 0 0 0 0 0 0 0 0 0 0 0
 179      15 mmcblk0p15 0 0 0 0 0 0 0 0 0 0 0 0 0 0 0
 179      16 mmcblk0p16 0 0 0 0 0 0 0 0 0 0 0 0 0 0 0
 179      17 mmcblk0p17 0 0 0 0 0 0 0 0 0 0 0 0 0 0 0
 179      18 mmcblk0p18 0 0 0 0 0 0 0 0 0 0 0 0 0 0 0
 179      19 mmcblk0p19 0 0 0 0 0 0 0 0 0 0 0 0 0 0 0
 179      20 mmcblk0p20 0 0 0 0 0 0 0 0 0 0 0 0 0 0 0
 179      21 mmcblk0p21 54 57 111 17 0 0 0 0 0 28 0 0 0 0 0
 179      22 mmcblk0p22 0 0 0 0 0 0 0 0 0 0 0 0 0 0 0
 179      23 mmcblk0p23 33 6 330 14 0 0 0 0 0 12 0 0 0 0 0
 179      24 mmcblk0p24 0 0 0 0 0 0 0 0 0 0 0 0 0 0 0
 179      25 mmcblk0p25 0 0 0 0 0 0 0 0 0 0 0 0 0 0 0
 179      26 mmcblk0p26 0 0 0 0 0 0 0 0 0 0 0 0 0 0 0
 179      27 mmcblk0p27 0 0 0 0 0 0 0 0 0 0 0 0 0 0 0
 179      28 mmcblk0p28 0 0 0 0 0 0 0 0 0 0 0 0 0 0 0
 179      29 mmcblk0p29 0 0 0 0 0 0 0 0 0 0 0 0 0 0 0
 179      30 mmcblk0p30 0 0 0 0 0 0 0 0 0 0 0 0 0 0 0
 179      31 mmcblk0p31 0 0 0 0 0 0 0 0 0 0 0 0 0 0 0
 259       0 mmcblk0p32 9 0 65 1 0 0 0 0 0 12 0 0 0 0 0
 259       1 mmcblk0p33 0 0 0 0 0 0 0 0 0 0 0 0 0 0 0
 259       2 mmcblk0p34 0 0 0 0 0 0 0 0 0 0 0 0 0 0 0
 259       3 mmcblk0p35 0 0 0 0 0 0 0 0 0 0 0 0 0 0 0
 259       4 mmcblk0p36 0 0 0 0 0 0 0 0 0 0 0 0 0 0 0
 259       5 mmcblk0p37 0 0 0 0 0 0 0 0 0 0 0 0 0 0 0
 259       6 mmcblk0p38 0 0 0 0 0 0 0 0 0 0 0 0 0 0 0
 259       7 mmcblk0p39 0 0 0 0 0 0 0 0 0 0 0 0 0 0 0
 259       8 mmcblk0p40 0 0 0 0 0 0 0 0 0 0 0 0 0 0 0
 259       9 mmcblk0p41 0 0 0 0 0 0 0 0 0 0 0 0 0 0 0
 259      10 mmcblk0p42 0 0 0 0 0 0 0 0 0 0 0 0 0 0 0
 259      11 mmcblk0p43 0 0 0 0 0 0 0 0 0 0 0 0 0 0 0
 259      12 mmcblk0p44 0 0 0 0 0 0 0 0 0 0 0 0 0 0 0
 259      13 mmcblk0p45 0 0 0 0 0 0 0 0 0 0 0 0 0 0 0
 259      14 mmcblk0p46 0 0 0 0 0 0 0 0 0 0 0 0 0 0 0
 259      15 mmcblk0p47 0 0 0 0 0 0 0 0 0 0 0 0 0 0 0
 259      16 mmcblk0p48 0 0 0 0 0 0 0 0 0 0 0 0 0 0 0
 259      17 mmcblk0p49 0 0 0 0 0 0 0 0 0 0 0 0 0 0 0
 259      18 mmcblk0p50 0 0 0 0 0 0 0 0 0 0 0 0 0 0 0
 259      19 mmcblk0p51 0 0 0 0 0 0 0 0 0 0 0 0 0 0 0
 259      20 mmcblk0p52 0 0 0 0 0 0 0 0 0 0 0 0 0 0 0
 259      21 mmcblk0p53 0 0 0 0 0 0 0 0 0 0 0 0 0 0 0
 259      22 mmcblk0p54 0 0 0 0 0 0 0 0 0 0 0 0 0 0 0
 259      23 mmcblk0p55 0 0 0 0 0 0 0 0 0 0 0 0 0 0 0
 259      24 mmcblk0p56 0 0 0 0 0 0 0 0 0 0 0 0 0 0 0
 259      25 mmcblk0p57 0 0 0 0 0 0 0 0 0 0 0 0 0 0 0
 259      26 mmcblk0p58 0 0 0 0 0 0 0 0 0 0 0 0 0 0 0
 259      27 mmcblk0p59 0 0 0 0 0 0 0 0 0 0 0 0 0 0 0
 259      28 mmcblk0p60 0 0 0 0 0 0 0 0 0 0 0 0 0 0 0
 259      29 mmcblk0p61 0 0 0 0 0 0 0 0 0 0 0 0 0 0 0
 259      30 mmcblk0p62 0 0 0 0 0 0 0 0 0 0 0 0 0 0 0
 259      31 mmcblk0p63 0 0 0 0 0 0 0 0 0 0 0 0 0 0 0
 259      32 mmcblk0p64 0 0 0 0 0 0 0 0 0 0 0 0 0 0 0
 259      33 mmcblk0p65 0 0 0 0 0 0 0 0 0 0 0 0 0 0 0
 259      34 mmcblk0p66 0 0 0 0 0 0 0 0 0 0 0 0 0 0 0
 259      35 mmcblk0p67 1851 1758 140712 1643 0 0 0 0 0 1520 360 0 0 0 0
 259      36 mmcblk0p68 1 0 128 1 0 0 0 0 0 4 0 0 0 0 0
 259      37 mmcblk0p69 0 0 0 0 0 0 0 0 0 0 0 0 0 0 0
 259      38 mmcblk0p70 0 0 0 0 0 0 0 0 0 0 0 0 0 0 0
 259      39 mmcblk0p71 0 0 0 0 0 0 0 0 0 0 0 0 0 0 0
 259      40 mmcblk0p72 47 0 2666 36 5 0 40 12 0 64 16 0 0 0 0
 259      41 mmcblk0p73 1 0 128 1 0 0 0 0 0 4 0 0 0 0 0
 259      42 mmcblk0p74 0 0 0 0 0 0 0 0 0 0 0 0 0 0 0
 259      43 mmcblk0p75 0 0 0 0 0 0 0 0 0 0 0 0 0 0 0
 259      44 mmcblk0p76 0 0 0 0 0 0 0 0 0 0 0 0 0 0 0
 259      45 mmcblk0p77 0 0 0 0 0 0 0 0 0 0 0 0 0 0 0
 259      46 mmcblk0p78 0 0 0 0 0 0 0 0 0 0 0 0 0 0 0
 259      47 mmcblk0p79 0 0 0 0 0 0 0 0 0 0 0 0 0 0 0
 259      48 mmcblk0p80 0 0 0 0 0 0 0 0 0 0 0 0 0 0 0
 253       0 dm-0 347 0 27120 516 0 0 0 0 0 332 516 0 0 0 0
 253       1 dm-1 6436 0 878288 14636 0 0 0 0 0 7812 14636 0 0 0 0
 253       2 dm-2 3085 0 199752 3976 0 0 0 0 0 3104 3976 0 0 0 0
 253       3 dm-3 3686 0 467648 6876 0 0 0 0 0 6052 6876 0 0 0 0
 253       4 dm-4 4913 0 866104 20080 0 0 0 0 0 8068 20080 0 0 0 0
 253       5 dm-5 2629 0 196104 5084 0 0 0 0 0 3276 5084 0 0 0 0
 253       6 dm-6 2868 0 461104 10264 0 0 0 0 0 6348 10264 0 0 0 0
 253       7 dm-7 208 0 26008 268 0 0 0 0 0 340 268 0 0 0 0
   7     128 loop16 19 0 536 21 0 0 0 0 0 56 8 0 0 0 0
   7     136 loop17 27 0 216 27 0 0 0 0 0 32 0 0 0 0 0
   7     144 loop18 15 0 208 16 0 0 0 0 0 52 4 0 0 0 0
   7     152 loop19 24 0 192 26 0 0 0 0 0 28 0 0 0 0 0
   7     160 loop20 42 0 3016 28 0 0 0 0 0 80 4 0 0 0 0
   7     168 loop21 24 0 1416 15 0 0 0 0 0 72 0 0 0 0 0
   7     176 loop22 63 0 5960 44 0 0 0 0 0 100 0 0 0 0 0
   7     184 loop23 101 0 10048 79 0 0 0 0 0 240 0 0 0 0 0
   7     192 loop24 31 1 2168 31 0 0 0 0 0 72 4 0 0 0 0
   7     200 loop25 2565 0 26056 2730 0 0 0 0 0 356 0 0 0 0 0
   7     208 loop26 106 0 17080 84 0 0 0 0 0 108 0 0 0 0 0
   7     216 loop27 9 0 72 4 0 0 0 0 0 20 0 0 0 0 0
   7     224 loop28 18 0 408 8 0 0 0 0 0 64 0 0 0 0 0
   7     232 loop29 85 0 9240 84 0 0 0 0 0 248 0 0 0 0 0
   7     240 loop30 28 0 864 15 0 0 0 0 0 64 0 0 0 0 0
   7     248 loop31 103 1 9368 95 0 0 0 0 0 360 8 0 0 0 0
   7     256 loop32 51 0 6560 51 0 0 0 0 0 120 4 0 0 0 0
   7     264 loop33 111 1 14760 254 0 0 0 0 0 156 124 0 0 0 0
   7     272 loop34 106 5 11816 79 0 0 0 0 0 152 0 0 0 0 0
   7     280 loop35 27 0 1840 19 0 0 0 0 0 56 0 0 0 0 0
   7     288 loop36 72 0 9048 123 0 0 0 0 0 140 44 0 0 0 0
   7     296 loop37 17 0 224 6 0 0 0 0 0 40 0 0 0 0 0
   7     304 loop38 176 1 15376 238 0 0 0 0 0 376 68 0 0 0 0
   7     312 loop39 397 14 37240 324 0 0 0 0 0 1012 8 0 0 0 0
 253       8 dm-8 0 0 0 0 0 0 0 0 0 0 0 0 0 0 0
 253       9 dm-9 92 0 11664 68 0 0 0 0 0 152 68 0 0 0 0
 253      10 dm-10 154 0 15192 328 0 0 0 0 0 388 328 0 0 0 0
 253      11 dm-11 476 0 69808 1100 0 0 0 0 0 1148 1100 0 0 0 0
 253      12 dm-12 0 0 0 0 0 0 0 0 0 0 0 0 0 0 0
 253      13 dm-13 93 0 14608 484 0 0 0 0 0 168 484 0 0 0 0
 253      14 dm-14 0 0 0 0 0 0 0 0 0 0 0 0 0 0 0
 253      15 dm-15 22 0 1800 4 0 0 0 0 0 52 4 0 0 0 0
 253      16 dm-16 0 0 0 0 0 0 0 0 0 0 0 0 0 0 0
 253      17 dm-17 0 0 0 0 0 0 0 0 0 0 0 0 0 0 0
 253      18 dm-18 40 0 6472 48 0 0 0 0 0 112 48 0 0 0 0
 253      19 dm-19 69 0 9112 204 0 0 0 0 0 248 204 0 0 0 0
 253      20 dm-20 365 0 36872 772 0 0 0 0 0 1060 772 0 0 0 0
 253      21 dm-21 23 0 824 8 0 0 0 0 0 60 8 0 0 0 0
 253      22 dm-22 16 0 392 88 0 0 0 0 0 68 88 0 0 0 0
 253      23 dm-23 0 0 0 0 0 0 0 0 0 0 0 0 0 0 0
 253      24 dm-24 15 0 208 4 0 0 0 0 0 36 4 0 0 0 0
 253      25 dm-25 5 0 40 8 0 0 0 0 0 20 8 0 0 0 0
 253      26 dm-26 84 0 16904 108 0 0 0 0 0 112 108 0 0 0 0
 253      27 dm-27 0 0 0 0 0 0 0 0 0 0 0 0 0 0 0
 253      28 dm-28 2552 0 25952 3048 0 0 0 0 0 352 3048 0 0 0 0
 253      29 dm-29 0 0 0 0 0 0 0 0 0 0 0 0 0 0 0
 253      30 dm-30 0 0 0 0 0 0 0 0 0 0 0 0 0 0 0
 253      31 dm-31 0 0 0 0 0 0 0 0 0 0 0 0 0 0 0
 253      32 dm-32 90 0 9256 212 0 0 0 0 0 392 212 0 0 0 0
 253      33 dm-33 0 0 0 0 0 0 0 0 0 0 0 0 0 0 0
 253      34 dm-34 26 0 2120 76 0 0 0 0 0 72 76 0 0 0 0
 253      35 dm-35 48 0 5840 72 0 0 0 0 0 100 72 0 0 0 0
 253      36 dm-36 88 0 9944 152 0 0 0 0 0 240 152 0 0 0 0
 253      37 dm-37 0 0 0 0 0 0 0 0 0 0 0 0 0 0 0
 253      38 dm-38 20 0 1384 16 0 0 0 0 0 76 16 0 0 0 0
 253      39 dm-39 34 0 2952 36 0 0 0 0 0 84 36 0 0 0 0
 253      40 dm-40 0 0 0 0 0 0 0 0 0 0 0 0 0 0 0
 253      41 dm-41 0 0 0 0 0 0 0 0 0 0 0 0 0 0 0
 253      42 dm-42 0 0 0 0 0 0 0 0 0 0 0 0 0 0 0
 253      43 dm-43 6880 0 272832 6824 685 0 10872 724 0 6276 7548 0 0 0 0

2755
   1       0 ram0 0 0 0 0 0 0 0 0 0 0 0 0 0 0 0
   1       1 ram1 0 0 0 0 0 0 0 0 0 0 0 0 0 0 0
   1       2 ram2 0 0 0 0 0 0 0 0 0 0 0 0 0 0 0
   1       3 ram3 0 0 0 0 0 0 0 0 0 0 0 0 0 0 0
   1       4 ram4 0 0 0 0 0 0 0 0 0 0 0 0 0 0 0
   1       5 ram5 0 0 0 0 0 0 0 0 0 0 0 0 0 0 0
   1       6 ram6 0 0 0 0 0 0 0 0 0 0 0 0 0 0 0
   1       7 ram7 0 0 0 0 0 0 0 0 0 0 0 0 0 0 0
   1       8 ram8 0 0 0 0 0 0 0 0 0 0 0 0 0 0 0
   1       9 ram9 0 0 0 0 0 0 0 0 0 0 0 0 0 0 0
   1      10 ram10 0 0 0 0 0 0 0 0 0 0 0 0 0 0 0
   1      11 ram11 0 0 0 0 0 0 0 0 0 0 0 0 0 0 0
   1      12 ram12 0 0 0 0 0 0 0 0 0 0 0 0 0 0 0
   1      13 ram13 0 0 0 0 0 0 0 0 0 0 0 0 0 0 0
   1      14 ram14 0 0 0 0 0 0 0 0 0 0 0 0 0 0 0
   1      15 ram15 0 0 0 0 0 0 0 0 0 0 0 0 0 0 0
   7       0 loop0 183 0 16168 352 0 0 0 0 0 344 116 0 0 0 0
   7       8 loop1 70 0 9008 122 0 0 0 0 0 136 32 0 0 0 0
   7      16 loop2 27 0 216 13 0 0 0 0 0 32 0 0 0 0 0
   7      24 loop3 12 0 296 8 0 0 0 0 0 32 0 0 0 0 0
   7      32 loop4 36 1 3040 29 0 0 0 0 0 56 0 0 0 0 0
   7      40 loop5 206 1 24288 302 0 0 0 0 0 420 60 0 0 0 0
   7      48 loop6 16 0 712 14 0 0 0 0 0 44 0 0 0 0 0
   7      56 loop7 61 0 6856 58 0 0 0 0 0 148 0 0 0 0 0
   7      64 loop8 25 0 1408 16 0 0 0 0 0 96 0 0 0 0 0
   7      72 loop9 734 6 74712 1830 0 0 0 0 0 2036 744 0 0 0 0
   7      80 loop10 24 0 192 17 0 0 0 0 0 28 0 0 0 0 0
   7      88 loop11 32 0 2400 25 0 0 0 0 0 84 0 0 0 0 0
   7      96 loop12 559 3 70496 491 0 0 0 0 0 1072 16 0 0 0 0
   7     104 loop13 27 0 216 48 0 0 0 0 0 44 8 0 0 0 0
   7     112 loop14 15 0 280 9 0 0 0 0 0 40 0 0 0 0 0
   7     120 loop15 52 0 4752 144 0 0 0 0 0 220 76 0 0 0 0
 254       0 zram0 0 0 0 0 0 0 0 0 0 0 0 0 0 0 0
 179       0 mmcblk0 2020 1821 144350 1721 12 0 48 14 0 1592 376 0 0 0 0
 179       1 mmcblk0p1 0 0 0 0 0 0 0 0 0 0 0 0 0 0 0
 179       2 mmcblk0p2 0 0 0 0 0 0 0 0 0 0 0 0 0 0 0
 179       3 mmcblk0p3 0 0 0 0 0 0 0 0 0 0 0 0 0 0 0
 179       4 mmcblk0p4 16 0 146 3 1 0 8 0 0 12 0 0 0 0 0
 179       5 mmcblk0p5 0 0 0 0 0 0 0 0 0 0 0 0 0 0 0
 179       6 mmcblk0p6 0 0 0 0 0 0 0 0 0 0 0 0 0 0 0
 179       7 mmcblk0p7 0 0 0 0 0 0 0 0 0 0 0 0 0 0 0
 179       8 mmcblk0p8 0 0 0 0 0 0 0 0 0 0 0 0 0 0 0
 179       9 mmcblk0p9 0 0 0 0 0 0 0 0 0 0 0 0 0 0 0
 179      10 mmcblk0p10 0 0 0 0 0 0 0 0 0 0 0 0 0 0 0
 179      11 mmcblk0p11 0 0 0 0 0 0 0 0 0 0 0 0 0 0 0
 179      12 mmcblk0p12 0 0 0 0 0 0 0 0 0 0 0 0 0 0 0
 179      13 mmcblk0p13 0 0 0 0 0 0 0 0 0 0 0 0 0 0 0
 179      14 mmcblk0p14 0 0 0 0 0 0 0 0 0 0 0 0 0 0 0
 179      15 mmcblk0p15 0 0 0 0 0 0 0 0 0 0 0 0 0 0 0
 179      16 mmcblk0p16 0 0 0 0 0 0 0 0 0 0 0 0 0 0 0
 179      17 mmcblk0p17 0 0 0 0 0 0 0 0 0 0 0 0 0 0 0
 179      18 mmcblk0p18 0 0 0 0 0 0 0 0 0 0 0 0 0 0 0
 179      19 mmcblk0p19 0 0 0 0 0 0 0 0 0 0 0 0 0 0 0
 179      20 mmcblk0p20 0 0 0 0 0 0 0 0 0 0 0 0 0 0 0
 179      21 mmcblk0p21 54 57 111 17 0 0 0 0 0 28 0 0 0 0 0
 179      22 mmcblk0p22 0 0 0 0 0 0 0 0 0 0 0 0 0 0 0
 179      23 mmcblk0p23 33 6 330 14 0 0 0 0 0 12 0 0 0 0 0
 179      24 mmcblk0p24 0 0 0 0 0 0 0 0 0 0 0 0 0 0 0
 179      25 mmcblk0p25 0 0 0 0 0 0 0 0 0 0 0 0 0 0 0
 179      26 mmcblk0p26 0 0 0 0 0 0 0 0 0 0 0 0 0 0 0
 179      27 mmcblk0p27 0 0 0 0 0 0 0 0 0 0 0 0 0 0 0
 179      28 mmcblk0p28 0 0 0 0 0 0 0 0 0 0 0 0 0 0 0
 179      29 mmcblk0p29 0 0 0 0 0 0 0 0 0 0 0 0 0 0 0
 179      30 mmcblk0p30 0 0 0 0 0 0 0 0 0 0 0 0 0 0 0
 179      31 mmcblk0p31 0 0 0 0 0 0 0 0 0 0 0 0 0 0 0
 259       0 mmcblk0p32 9 0 65 1 0 0 0 0 0 12 0 0 0 0 0
 259       1 mmcblk0p33 0 0 0 0 0 0 0 0 0 0 0 0 0 0 0
 259       2 mmcblk0p34 0 0 0 0 0 0 0 0 0 0 0 0 0 0 0
 259       3 mmcblk0p35 0 0 0 0 0 0 0 0 0 0 0 0 0 0 0
 259       4 mmcblk0p36 0 0 0 0 0 0 0 0 0 0 0 0 0 0 0
 259       5 mmcblk0p37 0 0 0 0 0 0 0 0 0 0 0 0 0 0 0
 259       6 mmcblk0p38 0 0 0 0 0 0 0 0 0 0 0 0 0 0 0
 259       7 mmcblk0p39 0 0 0 0 0 0 0 0 0 0 0 0 0 0 0
 259       8 mmcblk0p40 0 0 0 0 0 0 0 0 0 0 0 0 0 0 0
 259       9 mmcblk0p41 0 0 0 0 0 0 0 0 0 0 0 0 0 0 0
 259      10 mmcblk0p42 0 0 0 0 0 0 0 0 0 0 0 0 0 0 0
 259      11 mmcblk0p43 0 0 0 0 0 0 0 0 0 0 0 0 0 0 0
 259      12 mmcblk0p44 0 0 0 0 0 0 0 0 0 0 0 0 0 0 0
 259      13 mmcblk0p45 0 0 0 0 0 0 0 0 0 0 0 0 0 0 0
 259      14 mmcblk0p46 0 0 0 0 0 0 0 0 0 0 0 0 0 0 0
 259      15 mmcblk0p47 0 0 0 0 0 0 0 0 0 0 0 0 0 0 0
 259      16 mmcblk0p48 0 0 0 0 0 0 0 0 0 0 0 0 0 0 0
 259      17 mmcblk0p49 0 0 0 0 0 0 0 0 0 0 0 0 0 0 0
 259      18 mmcblk0p50 0 0 0 0 0 0 0 0 0 0 0 0 0 0 0
 259      19 mmcblk0p51 0 0 0 0 0 0 0 0 0 0 0 0 0 0 0
 259      20 mmcblk0p52 0 0 0 0 0 0 0 0 0 0 0 0 0 0 0
 259      21 mmcblk0p53 0 0 0 0 0 0 0 0 0 0 0 0 0 0 0
 259      22 mmcblk0p54 0 0 0 0 0 0 0 0 0 0 0 0 0 0 0
 259      23 mmcblk0p55 0 0 0 0 0 0 0 0 0 0 0 0 0 0 0
 259      24 mmcblk0p56 0 0 0 0 0 0 0 0 0 0 0 0 0 0 0
 259      25 mmcblk0p57 0 0 0 0 0 0 0 0 0 0 0 0 0 0 0
 259      26 mmcblk0p58 0 0 0 0 0 0 0 0 0 0 0 0 0 0 0
 259      27 mmcblk0p59 0 0 0 0 0 0 0 0 0 0 0 0 0 0 0
 259      28 mmcblk0p60 0 0 0 0 0 0 0 0 0 0 0 0 0 0 0
 259      29 mmcblk0p61 0 0 0 0 0 0 0 0 0 0 0 0 0 0 0
 259      30 mmcblk0p62 0 0 0 0 0 0 0 0 0 0 0 0 0 0 0
 259      31 mmcblk0p63 0 0 0 0 0 0 0 0 0 0 0 0 0 0 0
 259      32 mmcblk0p64 0 0 0 0 0 0 0 0 0 0 0 0 0 0 0
 259      33 mmcblk0p65 0 0 0 0 0 0 0 0 0 0 0 0 0 0 0
 259      34 mmcblk0p66 0 0 0 0 0 0 0 0 0 0 0 0 0 0 0
 259      35 mmcblk0p67 1851 1758 140712 1643 0 0 0 0 0 1520 360 0 0 0 0
 259      36 mmcblk0p68 1 0 128 1 0 0 0 0 0 4 0 0 0 0 0
 259      37 mmcblk0p69 0 0 0 0 0 0 0 0 0 0 0 0 0 0 0
 259      38 mmcblk0p70 0 0 0 0 0 0 0 0 0 0 0 0 0 0 0
 259      39 mmcblk0p71 0 0 0 0 0 0 0 0 0 0 0 0 0 0 0
 259      40 mmcblk0p72 47 0 2666 36 5 0 40 12 0 64 16 0 0 0 0
 259      41 mmcblk0p73 1 0 128 1 0 0 0 0 0 4 0 0 0 0 0
 259      42 mmcblk0p74 0 0 0 0 0 0 0 0 0 0 0 0 0 0 0
 259      43 mmcblk0p75 0 0 0 0 0 0 0 0 0 0 0 0 0 0 0
 259      44 mmcblk0p76 0 0 0 0 0 0 0 0 0 0 0 0 0 0 0
 259      45 mmcblk0p77 0 0 0 0 0 0 0 0 0 0 0 0 0 0 0
 259      46 mmcblk0p78 0 0 0 0 0 0 0 0 0 0 0 0 0 0 0
 259      47 mmcblk0p79 0 0 0 0 0 0 0 0 0 0 0 0 0 0 0
 259      48 mmcblk0p80 0 0 0 0 0 0 0 0 0 0 0 0 0 0 0
 253       0 dm-0 347 0 27120 516 0 0 0 0 0 332 516 0 0 0 0
 253       1 dm-1 6437 0 878552 14636 0 0 0 0 0 7816 14636 0 0 0 0
 253       2 dm-2 3088 0 199776 3976 0 0 0 0 0 3112 3976 0 0 0 0
 253       3 dm-3 3688 0 467664 6876 0 0 0 0 0 6056 6876 0 0 0 0
 253       4 dm-4 4914 0 866368 20080 0 0 0 0 0 8072 20080 0 0 0 0
 253       5 dm-5 2632 0 196128 5084 0 0 0 0 0 3284 5084 0 0 0 0
 253       6 dm-6 2870 0 461120 10264 0 0 0 0 0 6352 10264 0 0 0 0
 253       7 dm-7 208 0 26008 268 0 0 0 0 0 340 268 0 0 0 0
   7     128 loop16 19 0 536 21 0 0 0 0 0 56 8 0 0 0 0
   7     136 loop17 27 0 216 27 0 0 0 0 0 32 0 0 0 0 0
   7     144 loop18 15 0 208 16 0 0 0 0 0 52 4 0 0 0 0
   7     152 loop19 24 0 192 26 0 0 0 0 0 28 0 0 0 0 0
   7     160 loop20 42 0 3016 28 0 0 0 0 0 80 4 0 0 0 0
   7     168 loop21 24 0 1416 15 0 0 0 0 0 72 0 0 0 0 0
   7     176 loop22 63 0 5960 44 0 0 0 0 0 100 0 0 0 0 0
   7     184 loop23 101 0 10048 79 0 0 0 0 0 240 0 0 0 0 0
   7     192 loop24 31 1 2168 31 0 0 0 0 0 72 4 0 0 0 0
   7     200 loop25 2565 0 26056 2730 0 0 0 0 0 356 0 0 0 0 0
   7     208 loop26 106 0 17080 84 0 0 0 0 0 108 0 0 0 0 0
   7     216 loop27 9 0 72 4 0 0 0 0 0 20 0 0 0 0 0
   7     224 loop28 18 0 408 8 0 0 0 0 0 64 0 0 0 0 0
   7     232 loop29 85 0 9240 84 0 0 0 0 0 248 0 0 0 0 0
   7     240 loop30 28 0 864 15 0 0 0 0 0 64 0 0 0 0 0
   7     248 loop31 103 1 9368 95 0 0 0 0 0 360 8 0 0 0 0
   7     256 loop32 51 0 6560 51 0 0 0 0 0 120 4 0 0 0 0
   7     264 loop33 111 1 14760 254 0 0 0 0 0 156 124 0 0 0 0
   7     272 loop34 106 5 11816 79 0 0 0 0 0 152 0 0 0 0 0
   7     280 loop35 27 0 1840 19 0 0 0 0 0 56 0 0 0 0 0
   7     288 loop36 72 0 9048 123 0 0 0 0 0 140 44 0 0 0 0
   7     296 loop37 17 0 224 6 0 0 0 0 0 40 0 0 0 0 0
   7     304 loop38 176 1 15376 238 0 0 0 0 0 376 68 0 0 0 0
   7     312 loop39 397 14 37240 324 0 0 0 0 0 1012 8 0 0 0 0
 253       8 dm-8 0 0 0 0 0 0 0 0 0 0 0 0 0 0 0
 253       9 dm-9 92 0 11664 68 0 0 0 0 0 152 68 0 0 0 0
 253      10 dm-10 154 0 15192 328 0 0 0 0 0 388 328 0 0 0 0
 253      11 dm-11 476 0 69808 1100 0 0 0 0 0 1148 1100 0 0 0 0
 253      12 dm-12 0 0 0 0 0 0 0 0 0 0 0 0 0 0 0
 253      13 dm-13 93 0 14608 484 0 0 0 0 0 168 484 0 0 0 0
 253      14 dm-14 0 0 0 0 0 0 0 0 0 0 0 0 0 0 0
 253      15 dm-15 22 0 1800 4 0 0 0 0 0 52 4 0 0 0 0
 253      16 dm-16 0 0 0 0 0 0 0 0 0 0 0 0 0 0 0
 253      17 dm-17 0 0 0 0 0 0 0 0 0 0 0 0 0 0 0
 253      18 dm-18 40 0 6472 48 0 0 0 0 0 112 48 0 0 0 0
 253      19 dm-19 69 0 9112 204 0 0 0 0 0 248 204 0 0 0 0
 253      20 dm-20 365 0 36872 772 0 0 0 0 0 1060 772 0 0 0 0
 253      21 dm-21 23 0 824 8 0 0 0 0 0 60 8 0 0 0 0
 253      22 dm-22 16 0 392 88 0 0 0 0 0 68 88 0 0 0 0
 253      23 dm-23 0 0 0 0 0 0 0 0 0 0 0 0 0 0 0
 253      24 dm-24 15 0 208 4 0 0 0 0 0 36 4 0 0 0 0
 253      25 dm-25 5 0 40 8 0 0 0 0 0 20 8 0 0 0 0
 253      26 dm-26 84 0 16904 108 0 0 0 0 0 112 108 0 0 0 0
 253      27 dm-27 0 0 0 0 0 0 0 0 0 0 0 0 0 0 0
 253      28 dm-28 2552 0 25952 3048 0 0 0 0 0 352 3048 0 0 0 0
 253      29 dm-29 0 0 0 0 0 0 0 0 0 0 0 0 0 0 0
 253      30 dm-30 0 0 0 0 0 0 0 0 0 0 0 0 0 0 0
 253      31 dm-31 0 0 0 0 0 0 0 0 0 0 0 0 0 0 0
 253      32 dm-32 90 0 9256 212 0 0 0 0 0 392 212 0 0 0 0
 253      33 dm-33 0 0 0 0 0 0 0 0 0 0 0 0 0 0 0
 253      34 dm-34 26 0 2120 76 0 0 0 0 0 72 76 0 0 0 0
 253      35 dm-35 48 0 5840 72 0 0 0 0 0 100 72 0 0 0 0
 253      36 dm-36 88 0 9944 152 0 0 0 0 0 240 152 0 0 0 0
 253      37 dm-37 0 0 0 0 0 0 0 0 0 0 0 0 0 0 0
 253      38 dm-38 20 0 1384 16 0 0 0 0 0 76 16 0 0 0 0
 253      39 dm-39 34 0 2952 36 0 0 0 0 0 84 36 0 0 0 0
 253      40 dm-40 0 0 0 0 0 0 0 0 0 0 0 0 0 0 0
 253      41 dm-41 0 0 0 0 0 0 0 0 0 0 0 0 0 0 0
 253      42 dm-42 0 0 0 0 0 0 0 0 0 0 0 0 0 0 0
 253      43 dm-43 6901 0 273072 6836 704 0 11168 740 0 6340 7576 0 0 0 0

2780
   1       0 ram0 0 0 0 0 0 0 0 0 0 0 0 0 0 0 0
   1       1 ram1 0 0 0 0 0 0 0 0 0 0 0 0 0 0 0
   1       2 ram2 0 0 0 0 0 0 0 0 0 0 0 0 0 0 0
   1       3 ram3 0 0 0 0 0 0 0 0 0 0 0 0 0 0 0
   1       4 ram4 0 0 0 0 0 0 0 0 0 0 0 0 0 0 0
   1       5 ram5 0 0 0 0 0 0 0 0 0 0 0 0 0 0 0
   1       6 ram6 0 0 0 0 0 0 0 0 0 0 0 0 0 0 0
   1       7 ram7 0 0 0 0 0 0 0 0 0 0 0 0 0 0 0
   1       8 ram8 0 0 0 0 0 0 0 0 0 0 0 0 0 0 0
   1       9 ram9 0 0 0 0 0 0 0 0 0 0 0 0 0 0 0
   1      10 ram10 0 0 0 0 0 0 0 0 0 0 0 0 0 0 0
   1      11 ram11 0 0 0 0 0 0 0 0 0 0 0 0 0 0 0
   1      12 ram12 0 0 0 0 0 0 0 0 0 0 0 0 0 0 0
   1      13 ram13 0 0 0 0 0 0 0 0 0 0 0 0 0 0 0
   1      14 ram14 0 0 0 0 0 0 0 0 0 0 0 0 0 0 0
   1      15 ram15 0 0 0 0 0 0 0 0 0 0 0 0 0 0 0
   7       0 loop0 183 0 16168 352 0 0 0 0 0 344 116 0 0 0 0
   7       8 loop1 70 0 9008 122 0 0 0 0 0 136 32 0 0 0 0
   7      16 loop2 27 0 216 13 0 0 0 0 0 32 0 0 0 0 0
   7      24 loop3 12 0 296 8 0 0 0 0 0 32 0 0 0 0 0
   7      32 loop4 36 1 3040 29 0 0 0 0 0 56 0 0 0 0 0
   7      40 loop5 215 1 26528 326 0 0 0 0 0 452 60 0 0 0 0
   7      48 loop6 16 0 712 14 0 0 0 0 0 44 0 0 0 0 0
   7      56 loop7 61 0 6856 58 0 0 0 0 0 148 0 0 0 0 0
   7      64 loop8 25 0 1408 16 0 0 0 0 0 96 0 0 0 0 0
   7      72 loop9 734 6 74712 1830 0 0 0 0 0 2036 744 0 0 0 0
   7      80 loop10 24 0 192 17 0 0 0 0 0 28 0 0 0 0 0
   7      88 loop11 32 0 2400 25 0 0 0 0 0 84 0 0 0 0 0
   7      96 loop12 559 3 70496 491 0 0 0 0 0 1072 16 0 0 0 0
   7     104 loop13 27 0 216 48 0 0 0 0 0 44 8 0 0 0 0
   7     112 loop14 15 0 280 9 0 0 0 0 0 40 0 0 0 0 0
   7     120 loop15 52 0 4752 144 0 0 0 0 0 220 76 0 0 0 0
 254       0 zram0 0 0 0 0 0 0 0 0 0 0 0 0 0 0 0
 179       0 mmcblk0 2020 1821 144350 1721 12 0 48 14 0 1592 376 0 0 0 0
 179       1 mmcblk0p1 0 0 0 0 0 0 0 0 0 0 0 0 0 0 0
 179       2 mmcblk0p2 0 0 0 0 0 0 0 0 0 0 0 0 0 0 0
 179       3 mmcblk0p3 0 0 0 0 0 0 0 0 0 0 0 0 0 0 0
 179       4 mmcblk0p4 16 0 146 3 1 0 8 0 0 12 0 0 0 0 0
 179       5 mmcblk0p5 0 0 0 0 0 0 0 0 0 0 0 0 0 0 0
 179       6 mmcblk0p6 0 0 0 0 0 0 0 0 0 0 0 0 0 0 0
 179       7 mmcblk0p7 0 0 0 0 0 0 0 0 0 0 0 0 0 0 0
 179       8 mmcblk0p8 0 0 0 0 0 0 0 0 0 0 0 0 0 0 0
 179       9 mmcblk0p9 0 0 0 0 0 0 0 0 0 0 0 0 0 0 0
 179      10 mmcblk0p10 0 0 0 0 0 0 0 0 0 0 0 0 0 0 0
 179      11 mmcblk0p11 0 0 0 0 0 0 0 0 0 0 0 0 0 0 0
 179      12 mmcblk0p12 0 0 0 0 0 0 0 0 0 0 0 0 0 0 0
 179      13 mmcblk0p13 0 0 0 0 0 0 0 0 0 0 0 0 0 0 0
 179      14 mmcblk0p14 0 0 0 0 0 0 0 0 0 0 0 0 0 0 0
 179      15 mmcblk0p15 0 0 0 0 0 0 0 0 0 0 0 0 0 0 0
 179      16 mmcblk0p16 0 0 0 0 0 0 0 0 0 0 0 0 0 0 0
 179      17 mmcblk0p17 0 0 0 0 0 0 0 0 0 0 0 0 0 0 0
 179      18 mmcblk0p18 0 0 0 0 0 0 0 0 0 0 0 0 0 0 0
 179      19 mmcblk0p19 0 0 0 0 0 0 0 0 0 0 0 0 0 0 0
 179      20 mmcblk0p20 0 0 0 0 0 0 0 0 0 0 0 0 0 0 0
 179      21 mmcblk0p21 54 57 111 17 0 0 0 0 0 28 0 0 0 0 0
 179      22 mmcblk0p22 0 0 0 0 0 0 0 0 0 0 0 0 0 0 0
 179      23 mmcblk0p23 33 6 330 14 0 0 0 0 0 12 0 0 0 0 0
 179      24 mmcblk0p24 0 0 0 0 0 0 0 0 0 0 0 0 0 0 0
 179      25 mmcblk0p25 0 0 0 0 0 0 0 0 0 0 0 0 0 0 0
 179      26 mmcblk0p26 0 0 0 0 0 0 0 0 0 0 0 0 0 0 0
 179      27 mmcblk0p27 0 0 0 0 0 0 0 0 0 0 0 0 0 0 0
 179      28 mmcblk0p28 0 0 0 0 0 0 0 0 0 0 0 0 0 0 0
 179      29 mmcblk0p29 0 0 0 0 0 0 0 0 0 0 0 0 0 0 0
 179      30 mmcblk0p30 0 0 0 0 0 0 0 0 0 0 0 0 0 0 0
 179      31 mmcblk0p31 0 0 0 0 0 0 0 0 0 0 0 0 0 0 0
 259       0 mmcblk0p32 9 0 65 1 0 0 0 0 0 12 0 0 0 0 0
 259       1 mmcblk0p33 0 0 0 0 0 0 0 0 0 0 0 0 0 0 0
 259       2 mmcblk0p34 0 0 0 0 0 0 0 0 0 0 0 0 0 0 0
 259       3 mmcblk0p35 0 0 0 0 0 0 0 0 0 0 0 0 0 0 0
 259       4 mmcblk0p36 0 0 0 0 0 0 0 0 0 0 0 0 0 0 0
 259       5 mmcblk0p37 0 0 0 0 0 0 0 0 0 0 0 0 0 0 0
 259       6 mmcblk0p38 0 0 0 0 0 0 0 0 0 0 0 0 0 0 0
 259       7 mmcblk0p39 0 0 0 0 0 0 0 0 0 0 0 0 0 0 0
 259       8 mmcblk0p40 0 0 0 0 0 0 0 0 0 0 0 0 0 0 0
 259       9 mmcblk0p41 0 0 0 0 0 0 0 0 0 0 0 0 0 0 0
 259      10 mmcblk0p42 0 0 0 0 0 0 0 0 0 0 0 0 0 0 0
 259      11 mmcblk0p43 0 0 0 0 0 0 0 0 0 0 0 0 0 0 0
 259      12 mmcblk0p44 0 0 0 0 0 0 0 0 0 0 0 0 0 0 0
 259      13 mmcblk0p45 0 0 0 0 0 0 0 0 0 0 0 0 0 0 0
 259      14 mmcblk0p46 0 0 0 0 0 0 0 0 0 0 0 0 0 0 0
 259      15 mmcblk0p47 0 0 0 0 0 0 0 0 0 0 0 0 0 0 0
 259      16 mmcblk0p48 0 0 0 0 0 0 0 0 0 0 0 0 0 0 0
 259      17 mmcblk0p49 0 0 0 0 0 0 0 0 0 0 0 0 0 0 0
 259      18 mmcblk0p50 0 0 0 0 0 0 0 0 0 0 0 0 0 0 0
 259      19 mmcblk0p51 0 0 0 0 0 0 0 0 0 0 0 0 0 0 0
 259      20 mmcblk0p52 0 0 0 0 0 0 0 0 0 0 0 0 0 0 0
 259      21 mmcblk0p53 0 0 0 0 0 0 0 0 0 0 0 0 0 0 0
 259      22 mmcblk0p54 0 0 0 0 0 0 0 0 0 0 0 0 0 0 0
 259      23 mmcblk0p55 0 0 0 0 0 0 0 0 0 0 0 0 0 0 0
 259      24 mmcblk0p56 0 0 0 0 0 0 0 0 0 0 0 0 0 0 0
 259      25 mmcblk0p57 0 0 0 0 0 0 0 0 0 0 0 0 0 0 0
 259      26 mmcblk0p58 0 0 0 0 0 0 0 0 0 0 0 0 0 0 0
 259      27 mmcblk0p59 0 0 0 0 0 0 0 0 0 0 0 0 0 0 0
 259      28 mmcblk0p60 0 0 0 0 0 0 0 0 0 0 0 0 0 0 0
 259      29 mmcblk0p61 0 0 0 0 0 0 0 0 0 0 0 0 0 0 0
 259      30 mmcblk0p62 0 0 0 0 0 0 0 0 0 0 0 0 0 0 0
 259      31 mmcblk0p63 0 0 0 0 0 0 0 0 0 0 0 0 0 0 0
 259      32 mmcblk0p64 0 0 0 0 0 0 0 0 0 0 0 0 0 0 0
 259      33 mmcblk0p65 0 0 0 0 0 0 0 0 0 0 0 0 0 0 0
 259      34 mmcblk0p66 0 0 0 0 0 0 0 0 0 0 0 0 0 0 0
 259      35 mmcblk0p67 1851 1758 140712 1643 0 0 0 0 0 1520 360 0 0 0 0
 259      36 mmcblk0p68 1 0 128 1 0 0 0 0 0 4 0 0 0 0 0
 259      37 mmcblk0p69 0 0 0 0 0 0 0 0 0 0 0 0 0 0 0
 259      38 mmcblk0p70 0 0 0 0 0 0 0 0 0 0 0 0 0 0 0
 259      39 mmcblk0p71 0 0 0 0 0 0 0 0 0 0 0 0 0 0 0
 259      40 mmcblk0p72 47 0 2666 36 5 0 40 12 0 64 16 0 0 0 0
 259      41 mmcblk0p73 1 0 128 1 0 0 0 0 0 4 0 0 0 0 0
 259      42 mmcblk0p74 0 0 0 0 0 0 0 0 0 0 0 0 0 0 0
 259      43 mmcblk0p75 0 0 0 0 0 0 0 0 0 0 0 0 0 0 0
 259      44 mmcblk0p76 0 0 0 0 0 0 0 0 0 0 0 0 0 0 0
 259      45 mmcblk0p77 0 0 0 0 0 0 0 0 0 0 0 0 0 0 0
 259      46 mmcblk0p78 0 0 0 0 0 0 0 0 0 0 0 0 0 0 0
 259      47 mmcblk0p79 0 0 0 0 0 0 0 0 0 0 0 0 0 0 0
 259      48 mmcblk0p80 0 0 0 0 0 0 0 0 0 0 0 0 0 0 0
 253       0 dm-0 356 0 27920 528 0 0 0 0 0 360 528 0 0 0 0
 253       1 dm-1 6485 0 881384 14780 0 0 0 0 0 7856 14780 0 0 0 0
 253       2 dm-2 3108 0 201288 4004 0 0 0 0 0 3144 4004 0 0 0 0
 253       3 dm-3 3688 0 467664 6876 0 0 0 0 0 6056 6876 0 0 0 0
 253       4 dm-4 4955 0 869144 20220 0 0 0 0 0 8112 20220 0 0 0 0
 253       5 dm-5 2648 0 197608 5124 0 0 0 0 0 3316 5124 0 0 0 0
 253       6 dm-6 2870 0 461120 10264 0 0 0 0 0 6352 10264 0 0 0 0
 253       7 dm-7 216 0 26800 280 0 0 0 0 0 368 280 0 0 0 0
   7     128 loop16 19 0 536 21 0 0 0 0 0 56 8 0 0 0 0
   7     136 loop17 27 0 216 27 0 0 0 0 0 32 0 0 0 0 0
   7     144 loop18 15 0 208 16 0 0 0 0 0 52 4 0 0 0 0
   7     152 loop19 24 0 192 26 0 0 0 0 0 28 0 0 0 0 0
   7     160 loop20 42 0 3016 28 0 0 0 0 0 80 4 0 0 0 0
   7     168 loop21 24 0 1416 15 0 0 0 0 0 72 0 0 0 0 0
   7     176 loop22 63 0 5960 44 0 0 0 0 0 100 0 0 0 0 0
   7     184 loop23 102 0 10056 79 0 0 0 0 0 244 0 0 0 0 0
   7     192 loop24 31 1 2168 31 0 0 0 0 0 72 4 0 0 0 0
   7     200 loop25 2565 0 26056 2730 0 0 0 0 0 356 0 0 0 0 0
   7     208 loop26 106 0 17080 84 0 0 0 0 0 108 0 0 0 0 0
   7     216 loop27 9 0 72 4 0 0 0 0 0 20 0 0 0 0 0
   7     224 loop28 18 0 408 8 0 0 0 0 0 64 0 0 0 0 0
   7     232 loop29 85 0 9240 84 0 0 0 0 0 248 0 0 0 0 0
   7     240 loop30 28 0 864 15 0 0 0 0 0 64 0 0 0 0 0
   7     248 loop31 103 1 9368 95 0 0 0 0 0 360 8 0 0 0 0
   7     256 loop32 51 0 6560 51 0 0 0 0 0 120 4 0 0 0 0
   7     264 loop33 111 1 14760 254 0 0 0 0 0 156 124 0 0 0 0
   7     272 loop34 106 5 11816 79 0 0 0 0 0 152 0 0 0 0 0
   7     280 loop35 27 0 1840 19 0 0 0 0 0 56 0 0 0 0 0
   7     288 loop36 72 0 9048 123 0 0 0 0 0 140 44 0 0 0 0
   7     296 loop37 17 0 224 6 0 0 0 0 0 40 0 0 0 0 0
   7     304 loop38 176 1 15376 238 0 0 0 0 0 376 68 0 0 0 0
   7     312 loop39 397 14 37240 324 0 0 0 0 0 1012 8 0 0 0 0
 253       8 dm-8 0 0 0 0 0 0 0 0 0 0 0 0 0 0 0
 253       9 dm-9 92 0 11664 68 0 0 0 0 0 152 68 0 0 0 0
 253      10 dm-10 154 0 15192 328 0 0 0 0 0 388 328 0 0 0 0
 253      11 dm-11 476 0 69808 1100 0 0 0 0 0 1148 1100 0 0 0 0
 253      12 dm-12 0 0 0 0 0 0 0 0 0 0 0 0 0 0 0
 253      13 dm-13 93 0 14608 484 0 0 0 0 0 168 484 0 0 0 0
 253      14 dm-14 0 0 0 0 0 0 0 0 0 0 0 0 0 0 0
 253      15 dm-15 22 0 1800 4 0 0 0 0 0 52 4 0 0 0 0
 253      16 dm-16 0 0 0 0 0 0 0 0 0 0 0 0 0 0 0
 253      17 dm-17 0 0 0 0 0 0 0 0 0 0 0 0 0 0 0
 253      18 dm-18 40 0 6472 48 0 0 0 0 0 112 48 0 0 0 0
 253      19 dm-19 69 0 9112 204 0 0 0 0 0 248 204 0 0 0 0
 253      20 dm-20 365 0 36872 772 0 0 0 0 0 1060 772 0 0 0 0
 253      21 dm-21 23 0 824 8 0 0 0 0 0 60 8 0 0 0 0
 253      22 dm-22 16 0 392 88 0 0 0 0 0 68 88 0 0 0 0
 253      23 dm-23 0 0 0 0 0 0 0 0 0 0 0 0 0 0 0
 253      24 dm-24 15 0 208 4 0 0 0 0 0 36 4 0 0 0 0
 253      25 dm-25 5 0 40 8 0 0 0 0 0 20 8 0 0 0 0
 253      26 dm-26 84 0 16904 108 0 0 0 0 0 112 108 0 0 0 0
 253      27 dm-27 0 0 0 0 0 0 0 0 0 0 0 0 0 0 0
 253      28 dm-28 2552 0 25952 3048 0 0 0 0 0 352 3048 0 0 0 0
 253      29 dm-29 0 0 0 0 0 0 0 0 0 0 0 0 0 0 0
 253      30 dm-30 0 0 0 0 0 0 0 0 0 0 0 0 0 0 0
 253      31 dm-31 0 0 0 0 0 0 0 0 0 0 0 0 0 0 0
 253      32 dm-32 90 0 9256 212 0 0 0 0 0 392 212 0 0 0 0
 253      33 dm-33 0 0 0 0 0 0 0 0 0 0 0 0 0 0 0
 253      34 dm-34 26 0 2120 76 0 0 0 0 0 72 76 0 0 0 0
 253      35 dm-35 48 0 5840 72 0 0 0 0 0 100 72 0 0 0 0
 253      36 dm-36 89 0 9952 152 0 0 0 0 0 244 152 0 0 0 0
 253      37 dm-37 0 0 0 0 0 0 0 0 0 0 0 0 0 0 0
 253      38 dm-38 20 0 1384 16 0 0 0 0 0 76 16 0 0 0 0
 253      39 dm-39 34 0 2952 36 0 0 0 0 0 84 36 0 0 0 0
 253      40 dm-40 0 0 0 0 0 0 0 0 0 0 0 0 0 0 0
 253      41 dm-41 0 0 0 0 0 0 0 0 0 0 0 0 0 0 0
 253      42 dm-42 0 0 0 0 0 0 0 0 0 0 0 0 0 0 0
 253      43 dm-43 6912 0 273168 6836 716 0 11232 752 0 6380 7588 0 0 0 0

2808
   1       0 ram0 0 0 0 0 0 0 0 0 0 0 0 0 0 0 0
   1       1 ram1 0 0 0 0 0 0 0 0 0 0 0 0 0 0 0
   1       2 ram2 0 0 0 0 0 0 0 0 0 0 0 0 0 0 0
   1       3 ram3 0 0 0 0 0 0 0 0 0 0 0 0 0 0 0
   1       4 ram4 0 0 0 0 0 0 0 0 0 0 0 0 0 0 0
   1       5 ram5 0 0 0 0 0 0 0 0 0 0 0 0 0 0 0
   1       6 ram6 0 0 0 0 0 0 0 0 0 0 0 0 0 0 0
   1       7 ram7 0 0 0 0 0 0 0 0 0 0 0 0 0 0 0
   1       8 ram8 0 0 0 0 0 0 0 0 0 0 0 0 0 0 0
   1       9 ram9 0 0 0 0 0 0 0 0 0 0 0 0 0 0 0
   1      10 ram10 0 0 0 0 0 0 0 0 0 0 0 0 0 0 0
   1      11 ram11 0 0 0 0 0 0 0 0 0 0 0 0 0 0 0
   1      12 ram12 0 0 0 0 0 0 0 0 0 0 0 0 0 0 0
   1      13 ram13 0 0 0 0 0 0 0 0 0 0 0 0 0 0 0
   1      14 ram14 0 0 0 0 0 0 0 0 0 0 0 0 0 0 0
   1      15 ram15 0 0 0 0 0 0 0 0 0 0 0 0 0 0 0
   7       0 loop0 183 0 16168 352 0 0 0 0 0 344 116 0 0 0 0
   7       8 loop1 70 0 9008 122 0 0 0 0 0 136 32 0 0 0 0
   7      16 loop2 27 0 216 13 0 0 0 0 0 32 0 0 0 0 0
   7      24 loop3 12 0 296 8 0 0 0 0 0 32 0 0 0 0 0
   7      32 loop4 36 1 3040 29 0 0 0 0 0 56 0 0 0 0 0
   7      40 loop5 215 1 26528 326 0 0 0 0 0 452 60 0 0 0 0
   7      48 loop6 16 0 712 14 0 0 0 0 0 44 0 0 0 0 0
   7      56 loop7 61 0 6856 58 0 0 0 0 0 148 0 0 0 0 0
   7      64 loop8 25 0 1408 16 0 0 0 0 0 96 0 0 0 0 0
   7      72 loop9 734 6 74712 1830 0 0 0 0 0 2036 744 0 0 0 0
   7      80 loop10 24 0 192 17 0 0 0 0 0 28 0 0 0 0 0
   7      88 loop11 32 0 2400 25 0 0 0 0 0 84 0 0 0 0 0
   7      96 loop12 561 3 70776 493 0 0 0 0 0 1080 16 0 0 0 0
   7     104 loop13 27 0 216 48 0 0 0 0 0 44 8 0 0 0 0
   7     112 loop14 15 0 280 9 0 0 0 0 0 40 0 0 0 0 0
   7     120 loop15 52 0 4752 144 0 0 0 0 0 220 76 0 0 0 0
 254       0 zram0 0 0 0 0 0 0 0 0 0 0 0 0 0 0 0
 179       0 mmcblk0 2020 1821 144350 1721 12 0 48 14 0 1592 376 0 0 0 0
 179       1 mmcblk0p1 0 0 0 0 0 0 0 0 0 0 0 0 0 0 0
 179       2 mmcblk0p2 0 0 0 0 0 0 0 0 0 0 0 0 0 0 0
 179       3 mmcblk0p3 0 0 0 0 0 0 0 0 0 0 0 0 0 0 0
 179       4 mmcblk0p4 16 0 146 3 1 0 8 0 0 12 0 0 0 0 0
 179       5 mmcblk0p5 0 0 0 0 0 0 0 0 0 0 0 0 0 0 0
 179       6 mmcblk0p6 0 0 0 0 0 0 0 0 0 0 0 0 0 0 0
 179       7 mmcblk0p7 0 0 0 0 0 0 0 0 0 0 0 0 0 0 0
 179       8 mmcblk0p8 0 0 0 0 0 0 0 0 0 0 0 0 0 0 0
 179       9 mmcblk0p9 0 0 0 0 0 0 0 0 0 0 0 0 0 0 0
 179      10 mmcblk0p10 0 0 0 0 0 0 0 0 0 0 0 0 0 0 0
 179      11 mmcblk0p11 0 0 0 0 0 0 0 0 0 0 0 0 0 0 0
 179      12 mmcblk0p12 0 0 0 0 0 0 0 0 0 0 0 0 0 0 0
 179      13 mmcblk0p13 0 0 0 0 0 0 0 0 0 0 0 0 0 0 0
 179      14 mmcblk0p14 0 0 0 0 0 0 0 0 0 0 0 0 0 0 0
 179      15 mmcblk0p15 0 0 0 0 0 0 0 0 0 0 0 0 0 0 0
 179      16 mmcblk0p16 0 0 0 0 0 0 0 0 0 0 0 0 0 0 0
 179      17 mmcblk0p17 0 0 0 0 0 0 0 0 0 0 0 0 0 0 0
 179      18 mmcblk0p18 0 0 0 0 0 0 0 0 0 0 0 0 0 0 0
 179      19 mmcblk0p19 0 0 0 0 0 0 0 0 0 0 0 0 0 0 0
 179      20 mmcblk0p20 0 0 0 0 0 0 0 0 0 0 0 0 0 0 0
 179      21 mmcblk0p21 54 57 111 17 0 0 0 0 0 28 0 0 0 0 0
 179      22 mmcblk0p22 0 0 0 0 0 0 0 0 0 0 0 0 0 0 0
 179      23 mmcblk0p23 33 6 330 14 0 0 0 0 0 12 0 0 0 0 0
 179      24 mmcblk0p24 0 0 0 0 0 0 0 0 0 0 0 0 0 0 0
 179      25 mmcblk0p25 0 0 0 0 0 0 0 0 0 0 0 0 0 0 0
 179      26 mmcblk0p26 0 0 0 0 0 0 0 0 0 0 0 0 0 0 0
 179      27 mmcblk0p27 0 0 0 0 0 0 0 0 0 0 0 0 0 0 0
 179      28 mmcblk0p28 0 0 0 0 0 0 0 0 0 0 0 0 0 0 0
 179      29 mmcblk0p29 0 0 0 0 0 0 0 0 0 0 0 0 0 0 0
 179      30 mmcblk0p30 0 0 0 0 0 0 0 0 0 0 0 0 0 0 0
 179      31 mmcblk0p31 0 0 0 0 0 0 0 0 0 0 0 0 0 0 0
 259       0 mmcblk0p32 9 0 65 1 0 0 0 0 0 12 0 0 0 0 0
 259       1 mmcblk0p33 0 0 0 0 0 0 0 0 0 0 0 0 0 0 0
 259       2 mmcblk0p34 0 0 0 0 0 0 0 0 0 0 0 0 0 0 0
 259       3 mmcblk0p35 0 0 0 0 0 0 0 0 0 0 0 0 0 0 0
 259       4 mmcblk0p36 0 0 0 0 0 0 0 0 0 0 0 0 0 0 0
 259       5 mmcblk0p37 0 0 0 0 0 0 0 0 0 0 0 0 0 0 0
 259       6 mmcblk0p38 0 0 0 0 0 0 0 0 0 0 0 0 0 0 0
 259       7 mmcblk0p39 0 0 0 0 0 0 0 0 0 0 0 0 0 0 0
 259       8 mmcblk0p40 0 0 0 0 0 0 0 0 0 0 0 0 0 0 0
 259       9 mmcblk0p41 0 0 0 0 0 0 0 0 0 0 0 0 0 0 0
 259      10 mmcblk0p42 0 0 0 0 0 0 0 0 0 0 0 0 0 0 0
 259      11 mmcblk0p43 0 0 0 0 0 0 0 0 0 0 0 0 0 0 0
 259      12 mmcblk0p44 0 0 0 0 0 0 0 0 0 0 0 0 0 0 0
 259      13 mmcblk0p45 0 0 0 0 0 0 0 0 0 0 0 0 0 0 0
 259      14 mmcblk0p46 0 0 0 0 0 0 0 0 0 0 0 0 0 0 0
 259      15 mmcblk0p47 0 0 0 0 0 0 0 0 0 0 0 0 0 0 0
 259      16 mmcblk0p48 0 0 0 0 0 0 0 0 0 0 0 0 0 0 0
 259      17 mmcblk0p49 0 0 0 0 0 0 0 0 0 0 0 0 0 0 0
 259      18 mmcblk0p50 0 0 0 0 0 0 0 0 0 0 0 0 0 0 0
 259      19 mmcblk0p51 0 0 0 0 0 0 0 0 0 0 0 0 0 0 0
 259      20 mmcblk0p52 0 0 0 0 0 0 0 0 0 0 0 0 0 0 0
 259      21 mmcblk0p53 0 0 0 0 0 0 0 0 0 0 0 0 0 0 0
 259      22 mmcblk0p54 0 0 0 0 0 0 0 0 0 0 0 0 0 0 0
 259      23 mmcblk0p55 0 0 0 0 0 0 0 0 0 0 0 0 0 0 0
 259      24 mmcblk0p56 0 0 0 0 0 0 0 0 0 0 0 0 0 0 0
 259      25 mmcblk0p57 0 0 0 0 0 0 0 0 0 0 0 0 0 0 0
 259      26 mmcblk0p58 0 0 0 0 0 0 0 0 0 0 0 0 0 0 0
 259      27 mmcblk0p59 0 0 0 0 0 0 0 0 0 0 0 0 0 0 0
 259      28 mmcblk0p60 0 0 0 0 0 0 0 0 0 0 0 0 0 0 0
 259      29 mmcblk0p61 0 0 0 0 0 0 0 0 0 0 0 0 0 0 0
 259      30 mmcblk0p62 0 0 0 0 0 0 0 0 0 0 0 0 0 0 0
 259      31 mmcblk0p63 0 0 0 0 0 0 0 0 0 0 0 0 0 0 0
 259      32 mmcblk0p64 0 0 0 0 0 0 0 0 0 0 0 0 0 0 0
 259      33 mmcblk0p65 0 0 0 0 0 0 0 0 0 0 0 0 0 0 0
 259      34 mmcblk0p66 0 0 0 0 0 0 0 0 0 0 0 0 0 0 0
 259      35 mmcblk0p67 1851 1758 140712 1643 0 0 0 0 0 1520 360 0 0 0 0
 259      36 mmcblk0p68 1 0 128 1 0 0 0 0 0 4 0 0 0 0 0
 259      37 mmcblk0p69 0 0 0 0 0 0 0 0 0 0 0 0 0 0 0
 259      38 mmcblk0p70 0 0 0 0 0 0 0 0 0 0 0 0 0 0 0
 259      39 mmcblk0p71 0 0 0 0 0 0 0 0 0 0 0 0 0 0 0
 259      40 mmcblk0p72 47 0 2666 36 5 0 40 12 0 64 16 0 0 0 0
 259      41 mmcblk0p73 1 0 128 1 0 0 0 0 0 4 0 0 0 0 0
 259      42 mmcblk0p74 0 0 0 0 0 0 0 0 0 0 0 0 0 0 0
 259      43 mmcblk0p75 0 0 0 0 0 0 0 0 0 0 0 0 0 0 0
 259      44 mmcblk0p76 0 0 0 0 0 0 0 0 0 0 0 0 0 0 0
 259      45 mmcblk0p77 0 0 0 0 0 0 0 0 0 0 0 0 0 0 0
 259      46 mmcblk0p78 0 0 0 0 0 0 0 0 0 0 0 0 0 0 0
 259      47 mmcblk0p79 0 0 0 0 0 0 0 0 0 0 0 0 0 0 0
 259      48 mmcblk0p80 0 0 0 0 0 0 0 0 0 0 0 0 0 0 0
 253       0 dm-0 358 0 27952 536 0 0 0 0 0 372 536 0 0 0 0
 253       1 dm-1 6485 0 881384 14780 0 0 0 0 0 7856 14780 0 0 0 0
 253       2 dm-2 3250 0 228352 5400 0 0 0 0 0 3240 5400 0 0 0 0
 253       3 dm-3 3688 0 467664 6876 0 0 0 0 0 6056 6876 0 0 0 0
 253       4 dm-4 4955 0 869144 20220 0 0 0 0 0 8112 20220 0 0 0 0
 253       5 dm-5 2766 0 224480 6552 0 0 0 0 0 3408 6552 0 0 0 0
 253       6 dm-6 2870 0 461120 10264 0 0 0 0 0 6352 10264 0 0 0 0
 253       7 dm-7 218 0 26832 292 0 0 0 0 0 384 292 0 0 0 0
   7     128 loop16 19 0 536 21 0 0 0 0 0 56 8 0 0 0 0
   7     136 loop17 27 0 216 27 0 0 0 0 0 32 0 0 0 0 0
   7     144 loop18 15 0 208 16 0 0 0 0 0 52 4 0 0 0 0
   7     152 loop19 24 0 192 26 0 0 0 0 0 28 0 0 0 0 0
   7     160 loop20 42 0 3016 28 0 0 0 0 0 80 4 0 0 0 0
   7     168 loop21 24 0 1416 15 0 0 0 0 0 72 0 0 0 0 0
   7     176 loop22 63 0 5960 44 0 0 0 0 0 100 0 0 0 0 0
   7     184 loop23 102 0 10056 79 0 0 0 0 0 244 0 0 0 0 0
   7     192 loop24 31 1 2168 31 0 0 0 0 0 72 4 0 0 0 0
   7     200 loop25 2565 0 26056 2730 0 0 0 0 0 356 0 0 0 0 0
   7     208 loop26 106 0 17080 84 0 0 0 0 0 108 0 0 0 0 0
   7     216 loop27 9 0 72 4 0 0 0 0 0 20 0 0 0 0 0
   7     224 loop28 18 0 408 8 0 0 0 0 0 64 0 0 0 0 0
   7     232 loop29 85 0 9240 84 0 0 0 0 0 248 0 0 0 0 0
   7     240 loop30 28 0 864 15 0 0 0 0 0 64 0 0 0 0 0
   7     248 loop31 103 1 9368 95 0 0 0 0 0 360 8 0 0 0 0
   7     256 loop32 52 0 6576 71 0 0 0 0 0 128 20 0 0 0 0
   7     264 loop33 111 1 14760 254 0 0 0 0 0 156 124 0 0 0 0
   7     272 loop34 106 5 11816 79 0 0 0 0 0 152 0 0 0 0 0
   7     280 loop35 27 0 1840 19 0 0 0 0 0 56 0 0 0 0 0
   7     288 loop36 72 0 9048 123 0 0 0 0 0 140 44 0 0 0 0
   7     296 loop37 17 0 224 6 0 0 0 0 0 40 0 0 0 0 0
   7     304 loop38 181 1 15448 242 0 0 0 0 0 392 68 0 0 0 0
   7     312 loop39 397 14 37240 324 0 0 0 0 0 1012 8 0 0 0 0
 253       8 dm-8 0 0 0 0 0 0 0 0 0 0 0 0 0 0 0
 253       9 dm-9 92 0 11664 68 0 0 0 0 0 152 68 0 0 0 0
 253      10 dm-10 158 0 15256 340 0 0 0 0 0 408 340 0 0 0 0
 253      11 dm-11 479 0 70232 1104 0 0 0 0 0 1164 1104 0 0 0 0
 253      12 dm-12 0 0 0 0 0 0 0 0 0 0 0 0 0 0 0
 253      13 dm-13 93 0 14608 484 0 0 0 0 0 168 484 0 0 0 0
 253      14 dm-14 0 0 0 0 0 0 0 0 0 0 0 0 0 0 0
 253      15 dm-15 22 0 1800 4 0 0 0 0 0 52 4 0 0 0 0
 253      16 dm-16 0 0 0 0 0 0 0 0 0 0 0 0 0 0 0
 253      17 dm-17 0 0 0 0 0 0 0 0 0 0 0 0 0 0 0
 253      18 dm-18 41 0 6488 68 0 0 0 0 0 120 68 0 0 0 0
 253      19 dm-19 69 0 9112 204 0 0 0 0 0 248 204 0 0 0 0
 253      20 dm-20 365 0 36872 772 0 0 0 0 0 1060 772 0 0 0 0
 253      21 dm-21 23 0 824 8 0 0 0 0 0 60 8 0 0 0 0
 253      22 dm-22 16 0 392 88 0 0 0 0 0 68 88 0 0 0 0
 253      23 dm-23 0 0 0 0 0 0 0 0 0 0 0 0 0 0 0
 253      24 dm-24 15 0 208 4 0 0 0 0 0 36 4 0 0 0 0
 253      25 dm-25 5 0 40 8 0 0 0 0 0 20 8 0 0 0 0
 253      26 dm-26 84 0 16904 108 0 0 0 0 0 112 108 0 0 0 0
 253      27 dm-27 0 0 0 0 0 0 0 0 0 0 0 0 0 0 0
 253      28 dm-28 2552 0 25952 3048 0 0 0 0 0 352 3048 0 0 0 0
 253      29 dm-29 0 0 0 0 0 0 0 0 0 0 0 0 0 0 0
 253      30 dm-30 0 0 0 0 0 0 0 0 0 0 0 0 0 0 0
 253      31 dm-31 0 0 0 0 0 0 0 0 0 0 0 0 0 0 0
 253      32 dm-32 90 0 9256 212 0 0 0 0 0 392 212 0 0 0 0
 253      33 dm-33 0 0 0 0 0 0 0 0 0 0 0 0 0 0 0
 253      34 dm-34 26 0 2120 76 0 0 0 0 0 72 76 0 0 0 0
 253      35 dm-35 48 0 5840 72 0 0 0 0 0 100 72 0 0 0 0
 253      36 dm-36 89 0 9952 152 0 0 0 0 0 244 152 0 0 0 0
 253      37 dm-37 0 0 0 0 0 0 0 0 0 0 0 0 0 0 0
 253      38 dm-38 20 0 1384 16 0 0 0 0 0 76 16 0 0 0 0
 253      39 dm-39 34 0 2952 36 0 0 0 0 0 84 36 0 0 0 0
 253      40 dm-40 0 0 0 0 0 0 0 0 0 0 0 0 0 0 0
 253      41 dm-41 0 0 0 0 0 0 0 0 0 0 0 0 0 0 0
 253      42 dm-42 0 0 0 0 0 0 0 0 0 0 0 0 0 0 0
 253      43 dm-43 6941 0 276624 7040 722 0 11264 752 0 6464 7792 0 0 0 0

2838
   1       0 ram0 0 0 0 0 0 0 0 0 0 0 0 0 0 0 0
   1       1 ram1 0 0 0 0 0 0 0 0 0 0 0 0 0 0 0
   1       2 ram2 0 0 0 0 0 0 0 0 0 0 0 0 0 0 0
   1       3 ram3 0 0 0 0 0 0 0 0 0 0 0 0 0 0 0
   1       4 ram4 0 0 0 0 0 0 0 0 0 0 0 0 0 0 0
   1       5 ram5 0 0 0 0 0 0 0 0 0 0 0 0 0 0 0
   1       6 ram6 0 0 0 0 0 0 0 0 0 0 0 0 0 0 0
   1       7 ram7 0 0 0 0 0 0 0 0 0 0 0 0 0 0 0
   1       8 ram8 0 0 0 0 0 0 0 0 0 0 0 0 0 0 0
   1       9 ram9 0 0 0 0 0 0 0 0 0 0 0 0 0 0 0
   1      10 ram10 0 0 0 0 0 0 0 0 0 0 0 0 0 0 0
   1      11 ram11 0 0 0 0 0 0 0 0 0 0 0 0 0 0 0
   1      12 ram12 0 0 0 0 0 0 0 0 0 0 0 0 0 0 0
   1      13 ram13 0 0 0 0 0 0 0 0 0 0 0 0 0 0 0
   1      14 ram14 0 0 0 0 0 0 0 0 0 0 0 0 0 0 0
   1      15 ram15 0 0 0 0 0 0 0 0 0 0 0 0 0 0 0
   7       0 loop0 183 0 16168 352 0 0 0 0 0 344 116 0 0 0 0
   7       8 loop1 70 0 9008 122 0 0 0 0 0 136 32 0 0 0 0
   7      16 loop2 27 0 216 13 0 0 0 0 0 32 0 0 0 0 0
   7      24 loop3 12 0 296 8 0 0 0 0 0 32 0 0 0 0 0
   7      32 loop4 36 1 3040 29 0 0 0 0 0 56 0 0 0 0 0
   7      40 loop5 215 1 26528 326 0 0 0 0 0 452 60 0 0 0 0
   7      48 loop6 16 0 712 14 0 0 0 0 0 44 0 0 0 0 0
   7      56 loop7 61 0 6856 58 0 0 0 0 0 148 0 0 0 0 0
   7      64 loop8 25 0 1408 16 0 0 0 0 0 96 0 0 0 0 0
   7      72 loop9 735 6 74728 1831 0 0 0 0 0 2044 744 0 0 0 0
   7      80 loop10 24 0 192 17 0 0 0 0 0 28 0 0 0 0 0
   7      88 loop11 32 0 2400 25 0 0 0 0 0 84 0 0 0 0 0
   7      96 loop12 563 3 70952 495 0 0 0 0 0 1092 16 0 0 0 0
   7     104 loop13 27 0 216 48 0 0 0 0 0 44 8 0 0 0 0
   7     112 loop14 15 0 280 9 0 0 0 0 0 40 0 0 0 0 0
   7     120 loop15 52 0 4752 144 0 0 0 0 0 220 76 0 0 0 0
 254       0 zram0 0 0 0 0 0 0 0 0 0 0 0 0 0 0 0
 179       0 mmcblk0 2020 1821 144350 1721 12 0 48 14 0 1592 376 0 0 0 0
 179       1 mmcblk0p1 0 0 0 0 0 0 0 0 0 0 0 0 0 0 0
 179       2 mmcblk0p2 0 0 0 0 0 0 0 0 0 0 0 0 0 0 0
 179       3 mmcblk0p3 0 0 0 0 0 0 0 0 0 0 0 0 0 0 0
 179       4 mmcblk0p4 16 0 146 3 1 0 8 0 0 12 0 0 0 0 0
 179       5 mmcblk0p5 0 0 0 0 0 0 0 0 0 0 0 0 0 0 0
 179       6 mmcblk0p6 0 0 0 0 0 0 0 0 0 0 0 0 0 0 0
 179       7 mmcblk0p7 0 0 0 0 0 0 0 0 0 0 0 0 0 0 0
 179       8 mmcblk0p8 0 0 0 0 0 0 0 0 0 0 0 0 0 0 0
 179       9 mmcblk0p9 0 0 0 0 0 0 0 0 0 0 0 0 0 0 0
 179      10 mmcblk0p10 0 0 0 0 0 0 0 0 0 0 0 0 0 0 0
 179      11 mmcblk0p11 0 0 0 0 0 0 0 0 0 0 0 0 0 0 0
 179      12 mmcblk0p12 0 0 0 0 0 0 0 0 0 0 0 0 0 0 0
 179      13 mmcblk0p13 0 0 0 0 0 0 0 0 0 0 0 0 0 0 0
 179      14 mmcblk0p14 0 0 0 0 0 0 0 0 0 0 0 0 0 0 0
 179      15 mmcblk0p15 0 0 0 0 0 0 0 0 0 0 0 0 0 0 0
 179      16 mmcblk0p16 0 0 0 0 0 0 0 0 0 0 0 0 0 0 0
 179      17 mmcblk0p17 0 0 0 0 0 0 0 0 0 0 0 0 0 0 0
 179      18 mmcblk0p18 0 0 0 0 0 0 0 0 0 0 0 0 0 0 0
 179      19 mmcblk0p19 0 0 0 0 0 0 0 0 0 0 0 0 0 0 0
 179      20 mmcblk0p20 0 0 0 0 0 0 0 0 0 0 0 0 0 0 0
 179      21 mmcblk0p21 54 57 111 17 0 0 0 0 0 28 0 0 0 0 0
 179      22 mmcblk0p22 0 0 0 0 0 0 0 0 0 0 0 0 0 0 0
 179      23 mmcblk0p23 33 6 330 14 0 0 0 0 0 12 0 0 0 0 0
 179      24 mmcblk0p24 0 0 0 0 0 0 0 0 0 0 0 0 0 0 0
 179      25 mmcblk0p25 0 0 0 0 0 0 0 0 0 0 0 0 0 0 0
 179      26 mmcblk0p26 0 0 0 0 0 0 0 0 0 0 0 0 0 0 0
 179      27 mmcblk0p27 0 0 0 0 0 0 0 0 0 0 0 0 0 0 0
 179      28 mmcblk0p28 0 0 0 0 0 0 0 0 0 0 0 0 0 0 0
 179      29 mmcblk0p29 0 0 0 0 0 0 0 0 0 0 0 0 0 0 0
 179      30 mmcblk0p30 0 0 0 0 0 0 0 0 0 0 0 0 0 0 0
 179      31 mmcblk0p31 0 0 0 0 0 0 0 0 0 0 0 0 0 0 0
 259       0 mmcblk0p32 9 0 65 1 0 0 0 0 0 12 0 0 0 0 0
 259       1 mmcblk0p33 0 0 0 0 0 0 0 0 0 0 0 0 0 0 0
 259       2 mmcblk0p34 0 0 0 0 0 0 0 0 0 0 0 0 0 0 0
 259       3 mmcblk0p35 0 0 0 0 0 0 0 0 0 0 0 0 0 0 0
 259       4 mmcblk0p36 0 0 0 0 0 0 0 0 0 0 0 0 0 0 0
 259       5 mmcblk0p37 0 0 0 0 0 0 0 0 0 0 0 0 0 0 0
 259       6 mmcblk0p38 0 0 0 0 0 0 0 0 0 0 0 0 0 0 0
 259       7 mmcblk0p39 0 0 0 0 0 0 0 0 0 0 0 0 0 0 0
 259       8 mmcblk0p40 0 0 0 0 0 0 0 0 0 0 0 0 0 0 0
 259       9 mmcblk0p41 0 0 0 0 0 0 0 0 0 0 0 0 0 0 0
 259      10 mmcblk0p42 0 0 0 0 0 0 0 0 0 0 0 0 0 0 0
 259      11 mmcblk0p43 0 0 0 0 0 0 0 0 0 0 0 0 0 0 0
 259      12 mmcblk0p44 0 0 0 0 0 0 0 0 0 0 0 0 0 0 0
 259      13 mmcblk0p45 0 0 0 0 0 0 0 0 0 0 0 0 0 0 0
 259      14 mmcblk0p46 0 0 0 0 0 0 0 0 0 0 0 0 0 0 0
 259      15 mmcblk0p47 0 0 0 0 0 0 0 0 0 0 0 0 0 0 0
 259      16 mmcblk0p48 0 0 0 0 0 0 0 0 0 0 0 0 0 0 0
 259      17 mmcblk0p49 0 0 0 0 0 0 0 0 0 0 0 0 0 0 0
 259      18 mmcblk0p50 0 0 0 0 0 0 0 0 0 0 0 0 0 0 0
 259      19 mmcblk0p51 0 0 0 0 0 0 0 0 0 0 0 0 0 0 0
 259      20 mmcblk0p52 0 0 0 0 0 0 0 0 0 0 0 0 0 0 0
 259      21 mmcblk0p53 0 0 0 0 0 0 0 0 0 0 0 0 0 0 0
 259      22 mmcblk0p54 0 0 0 0 0 0 0 0 0 0 0 0 0 0 0
 259      23 mmcblk0p55 0 0 0 0 0 0 0 0 0 0 0 0 0 0 0
 259      24 mmcblk0p56 0 0 0 0 0 0 0 0 0 0 0 0 0 0 0
 259      25 mmcblk0p57 0 0 0 0 0 0 0 0 0 0 0 0 0 0 0
 259      26 mmcblk0p58 0 0 0 0 0 0 0 0 0 0 0 0 0 0 0
 259      27 mmcblk0p59 0 0 0 0 0 0 0 0 0 0 0 0 0 0 0
 259      28 mmcblk0p60 0 0 0 0 0 0 0 0 0 0 0 0 0 0 0
 259      29 mmcblk0p61 0 0 0 0 0 0 0 0 0 0 0 0 0 0 0
 259      30 mmcblk0p62 0 0 0 0 0 0 0 0 0 0 0 0 0 0 0
 259      31 mmcblk0p63 0 0 0 0 0 0 0 0 0 0 0 0 0 0 0
 259      32 mmcblk0p64 0 0 0 0 0 0 0 0 0 0 0 0 0 0 0
 259      33 mmcblk0p65 0 0 0 0 0 0 0 0 0 0 0 0 0 0 0
 259      34 mmcblk0p66 0 0 0 0 0 0 0 0 0 0 0 0 0 0 0
 259      35 mmcblk0p67 1851 1758 140712 1643 0 0 0 0 0 1520 360 0 0 0 0
 259      36 mmcblk0p68 1 0 128 1 0 0 0 0 0 4 0 0 0 0 0
 259      37 mmcblk0p69 0 0 0 0 0 0 0 0 0 0 0 0 0 0 0
 259      38 mmcblk0p70 0 0 0 0 0 0 0 0 0 0 0 0 0 0 0
 259      39 mmcblk0p71 0 0 0 0 0 0 0 0 0 0 0 0 0 0 0
 259      40 mmcblk0p72 47 0 2666 36 5 0 40 12 0 64 16 0 0 0 0
 259      41 mmcblk0p73 1 0 128 1 0 0 0 0 0 4 0 0 0 0 0
 259      42 mmcblk0p74 0 0 0 0 0 0 0 0 0 0 0 0 0 0 0
 259      43 mmcblk0p75 0 0 0 0 0 0 0 0 0 0 0 0 0 0 0
 259      44 mmcblk0p76 0 0 0 0 0 0 0 0 0 0 0 0 0 0 0
 259      45 mmcblk0p77 0 0 0 0 0 0 0 0 0 0 0 0 0 0 0
 259      46 mmcblk0p78 0 0 0 0 0 0 0 0 0 0 0 0 0 0 0
 259      47 mmcblk0p79 0 0 0 0 0 0 0 0 0 0 0 0 0 0 0
 259      48 mmcblk0p80 0 0 0 0 0 0 0 0 0 0 0 0 0 0 0
 253       0 dm-0 535 0 88184 860 0 0 0 0 1 584 860 0 0 0 0
 253       1 dm-1 6487 0 882288 14788 0 0 0 0 0 7868 14788 0 0 0 0
 253       2 dm-2 3253 0 228384 5400 0 0 0 0 0 3252 5400 0 0 0 0
 253       3 dm-3 3692 0 467848 6880 0 0 0 0 1 6072 6880 0 0 0 0
 253       4 dm-4 4957 0 870048 20228 0 0 0 0 0 8124 20228 0 0 0 0
 253       5 dm-5 2768 0 224504 6560 0 0 0 0 0 3424 6560 0 0 0 0
 253       6 dm-6 2874 0 461304 10268 0 0 0 0 1 6368 10268 0 0 0 0
 253       7 dm-7 326 0 86512 828 0 0 0 0 1 608 828 0 0 0 0
   7     128 loop16 19 0 536 21 0 0 0 0 0 56 8 0 0 0 0
   7     136 loop17 27 0 216 27 0 0 0 0 0 32 0 0 0 0 0
   7     144 loop18 15 0 208 16 0 0 0 0 0 52 4 0 0 0 0
   7     152 loop19 24 0 192 26 0 0 0 0 0 28 0 0 0 0 0
   7     160 loop20 42 0 3016 28 0 0 0 0 0 80 4 0 0 0 0
   7     168 loop21 24 0 1416 15 0 0 0 0 0 72 0 0 0 0 0
   7     176 loop22 63 0 5960 44 0 0 0 0 0 100 0 0 0 0 0
   7     184 loop23 102 0 10056 79 0 0 0 0 0 244 0 0 0 0 0
   7     192 loop24 31 1 2168 31 0 0 0 0 0 72 4 0 0 0 0
   7     200 loop25 2565 0 26056 2730 0 0 0 0 0 356 0 0 0 0 0
   7     208 loop26 106 0 17080 84 0 0 0 0 0 108 0 0 0 0 0
   7     216 loop27 9 0 72 4 0 0 0 0 0 20 0 0 0 0 0
   7     224 loop28 18 0 408 8 0 0 0 0 0 64 0 0 0 0 0
   7     232 loop29 85 0 9240 84 0 0 0 0 0 248 0 0 0 0 0
   7     240 loop30 28 0 864 15 0 0 0 0 0 64 0 0 0 0 0
   7     248 loop31 103 1 9368 95 0 0 0 0 0 360 8 0 0 0 0
   7     256 loop32 52 0 6576 71 0 0 0 0 0 128 20 0 0 0 0
   7     264 loop33 111 1 14760 254 0 0 0 0 0 156 124 0 0 0 0
   7     272 loop34 106 5 11816 79 0 0 0 0 0 152 0 0 0 0 0
   7     280 loop35 27 0 1840 19 0 0 0 0 0 56 0 0 0 0 0
   7     288 loop36 72 0 9048 123 0 0 0 0 0 140 44 0 0 0 0
   7     296 loop37 17 0 224 6 0 0 0 0 0 40 0 0 0 0 0
   7     304 loop38 181 1 15448 242 0 0 0 0 0 392 68 0 0 0 0
   7     312 loop39 397 14 37240 324 0 0 0 0 0 1012 8 0 0 0 0
 253       8 dm-8 0 0 0 0 0 0 0 0 0 0 0 0 0 0 0
 253       9 dm-9 92 0 11664 68 0 0 0 0 0 152 68 0 0 0 0
 253      10 dm-10 158 0 15256 340 0 0 0 0 0 408 340 0 0 0 0
 253      11 dm-11 480 0 70264 1104 0 0 0 0 0 1168 1104 0 0 0 0
 253      12 dm-12 0 0 0 0 0 0 0 0 0 0 0 0 0 0 0
 253      13 dm-13 93 0 14608 484 0 0 0 0 0 168 484 0 0 0 0
 253      14 dm-14 0 0 0 0 0 0 0 0 0 0 0 0 0 0 0
 253      15 dm-15 22 0 1800 4 0 0 0 0 0 52 4 0 0 0 0
 253      16 dm-16 0 0 0 0 0 0 0 0 0 0 0 0 0 0 0
 253      17 dm-17 0 0 0 0 0 0 0 0 0 0 0 0 0 0 0
 253      18 dm-18 41 0 6488 68 0 0 0 0 0 120 68 0 0 0 0
 253      19 dm-19 69 0 9112 204 0 0 0 0 0 248 204 0 0 0 0
 253      20 dm-20 365 0 36872 772 0 0 0 0 0 1060 772 0 0 0 0
 253      21 dm-21 23 0 824 8 0 0 0 0 0 60 8 0 0 0 0
 253      22 dm-22 16 0 392 88 0 0 0 0 0 68 88 0 0 0 0
 253      23 dm-23 0 0 0 0 0 0 0 0 0 0 0 0 0 0 0
 253      24 dm-24 15 0 208 4 0 0 0 0 0 36 4 0 0 0 0
 253      25 dm-25 5 0 40 8 0 0 0 0 0 20 8 0 0 0 0
 253      26 dm-26 84 0 16904 108 0 0 0 0 0 112 108 0 0 0 0
 253      27 dm-27 0 0 0 0 0 0 0 0 0 0 0 0 0 0 0
 253      28 dm-28 2552 0 25952 3048 0 0 0 0 0 352 3048 0 0 0 0
 253      29 dm-29 0 0 0 0 0 0 0 0 0 0 0 0 0 0 0
 253      30 dm-30 0 0 0 0 0 0 0 0 0 0 0 0 0 0 0
 253      31 dm-31 0 0 0 0 0 0 0 0 0 0 0 0 0 0 0
 253      32 dm-32 90 0 9256 212 0 0 0 0 0 392 212 0 0 0 0
 253      33 dm-33 0 0 0 0 0 0 0 0 0 0 0 0 0 0 0
 253      34 dm-34 26 0 2120 76 0 0 0 0 0 72 76 0 0 0 0
 253      35 dm-35 48 0 5840 72 0 0 0 0 0 100 72 0 0 0 0
 253      36 dm-36 89 0 9952 152 0 0 0 0 0 244 152 0 0 0 0
 253      37 dm-37 0 0 0 0 0 0 0 0 0 0 0 0 0 0 0
 253      38 dm-38 20 0 1384 16 0 0 0 0 0 76 16 0 0 0 0
 253      39 dm-39 34 0 2952 36 0 0 0 0 0 84 36 0 0 0 0
 253      40 dm-40 0 0 0 0 0 0 0 0 0 0 0 0 0 0 0
 253      41 dm-41 0 0 0 0 0 0 0 0 0 0 0 0 0 0 0
 253      42 dm-42 0 0 0 0 0 0 0 0 0 0 0 0 0 0 0
 253      43 dm-43 6951 0 277072 7044 746 0 11408 764 0 6524 7808 0 0 0 0

2866
   1       0 ram0 0 0 0 0 0 0 0 0 0 0 0 0 0 0 0
   1       1 ram1 0 0 0 0 0 0 0 0 0 0 0 0 0 0 0
   1       2 ram2 0 0 0 0 0 0 0 0 0 0 0 0 0 0 0
   1       3 ram3 0 0 0 0 0 0 0 0 0 0 0 0 0 0 0
   1       4 ram4 0 0 0 0 0 0 0 0 0 0 0 0 0 0 0
   1       5 ram5 0 0 0 0 0 0 0 0 0 0 0 0 0 0 0
   1       6 ram6 0 0 0 0 0 0 0 0 0 0 0 0 0 0 0
   1       7 ram7 0 0 0 0 0 0 0 0 0 0 0 0 0 0 0
   1       8 ram8 0 0 0 0 0 0 0 0 0 0 0 0 0 0 0
   1       9 ram9 0 0 0 0 0 0 0 0 0 0 0 0 0 0 0
   1      10 ram10 0 0 0 0 0 0 0 0 0 0 0 0 0 0 0
   1      11 ram11 0 0 0 0 0 0 0 0 0 0 0 0 0 0 0
   1      12 ram12 0 0 0 0 0 0 0 0 0 0 0 0 0 0 0
   1      13 ram13 0 0 0 0 0 0 0 0 0 0 0 0 0 0 0
   1      14 ram14 0 0 0 0 0 0 0 0 0 0 0 0 0 0 0
   1      15 ram15 0 0 0 0 0 0 0 0 0 0 0 0 0 0 0
   7       0 loop0 183 0 16168 352 0 0 0 0 0 344 116 0 0 0 0
   7       8 loop1 70 0 9008 122 0 0 0 0 0 136 32 0 0 0 0
   7      16 loop2 27 0 216 13 0 0 0 0 0 32 0 0 0 0 0
   7      24 loop3 12 0 296 8 0 0 0 0 0 32 0 0 0 0 0
   7      32 loop4 36 1 3040 29 0 0 0 0 0 56 0 0 0 0 0
   7      40 loop5 215 1 26528 326 0 0 0 0 0 452 60 0 0 0 0
   7      48 loop6 16 0 712 14 0 0 0 0 0 44 0 0 0 0 0
   7      56 loop7 61 0 6856 58 0 0 0 0 0 148 0 0 0 0 0
   7      64 loop8 25 0 1408 16 0 0 0 0 0 96 0 0 0 0 0
   7      72 loop9 735 6 74728 1831 0 0 0 0 0 2044 744 0 0 0 0
   7      80 loop10 24 0 192 17 0 0 0 0 0 28 0 0 0 0 0
   7      88 loop11 32 0 2400 25 0 0 0 0 0 84 0 0 0 0 0
   7      96 loop12 563 3 70952 495 0 0 0 0 0 1092 16 0 0 0 0
   7     104 loop13 27 0 216 48 0 0 0 0 0 44 8 0 0 0 0
   7     112 loop14 15 0 280 9 0 0 0 0 0 40 0 0 0 0 0
   7     120 loop15 52 0 4752 144 0 0 0 0 0 220 76 0 0 0 0
 254       0 zram0 0 0 0 0 0 0 0 0 0 0 0 0 0 0 0
 179       0 mmcblk0 2020 1821 144350 1721 12 0 48 14 0 1592 376 0 0 0 0
 179       1 mmcblk0p1 0 0 0 0 0 0 0 0 0 0 0 0 0 0 0
 179       2 mmcblk0p2 0 0 0 0 0 0 0 0 0 0 0 0 0 0 0
 179       3 mmcblk0p3 0 0 0 0 0 0 0 0 0 0 0 0 0 0 0
 179       4 mmcblk0p4 16 0 146 3 1 0 8 0 0 12 0 0 0 0 0
 179       5 mmcblk0p5 0 0 0 0 0 0 0 0 0 0 0 0 0 0 0
 179       6 mmcblk0p6 0 0 0 0 0 0 0 0 0 0 0 0 0 0 0
 179       7 mmcblk0p7 0 0 0 0 0 0 0 0 0 0 0 0 0 0 0
 179       8 mmcblk0p8 0 0 0 0 0 0 0 0 0 0 0 0 0 0 0
 179       9 mmcblk0p9 0 0 0 0 0 0 0 0 0 0 0 0 0 0 0
 179      10 mmcblk0p10 0 0 0 0 0 0 0 0 0 0 0 0 0 0 0
 179      11 mmcblk0p11 0 0 0 0 0 0 0 0 0 0 0 0 0 0 0
 179      12 mmcblk0p12 0 0 0 0 0 0 0 0 0 0 0 0 0 0 0
 179      13 mmcblk0p13 0 0 0 0 0 0 0 0 0 0 0 0 0 0 0
 179      14 mmcblk0p14 0 0 0 0 0 0 0 0 0 0 0 0 0 0 0
 179      15 mmcblk0p15 0 0 0 0 0 0 0 0 0 0 0 0 0 0 0
 179      16 mmcblk0p16 0 0 0 0 0 0 0 0 0 0 0 0 0 0 0
 179      17 mmcblk0p17 0 0 0 0 0 0 0 0 0 0 0 0 0 0 0
 179      18 mmcblk0p18 0 0 0 0 0 0 0 0 0 0 0 0 0 0 0
 179      19 mmcblk0p19 0 0 0 0 0 0 0 0 0 0 0 0 0 0 0
 179      20 mmcblk0p20 0 0 0 0 0 0 0 0 0 0 0 0 0 0 0
 179      21 mmcblk0p21 54 57 111 17 0 0 0 0 0 28 0 0 0 0 0
 179      22 mmcblk0p22 0 0 0 0 0 0 0 0 0 0 0 0 0 0 0
 179      23 mmcblk0p23 33 6 330 14 0 0 0 0 0 12 0 0 0 0 0
 179      24 mmcblk0p24 0 0 0 0 0 0 0 0 0 0 0 0 0 0 0
 179      25 mmcblk0p25 0 0 0 0 0 0 0 0 0 0 0 0 0 0 0
 179      26 mmcblk0p26 0 0 0 0 0 0 0 0 0 0 0 0 0 0 0
 179      27 mmcblk0p27 0 0 0 0 0 0 0 0 0 0 0 0 0 0 0
 179      28 mmcblk0p28 0 0 0 0 0 0 0 0 0 0 0 0 0 0 0
 179      29 mmcblk0p29 0 0 0 0 0 0 0 0 0 0 0 0 0 0 0
 179      30 mmcblk0p30 0 0 0 0 0 0 0 0 0 0 0 0 0 0 0
 179      31 mmcblk0p31 0 0 0 0 0 0 0 0 0 0 0 0 0 0 0
 259       0 mmcblk0p32 9 0 65 1 0 0 0 0 0 12 0 0 0 0 0
 259       1 mmcblk0p33 0 0 0 0 0 0 0 0 0 0 0 0 0 0 0
 259       2 mmcblk0p34 0 0 0 0 0 0 0 0 0 0 0 0 0 0 0
 259       3 mmcblk0p35 0 0 0 0 0 0 0 0 0 0 0 0 0 0 0
 259       4 mmcblk0p36 0 0 0 0 0 0 0 0 0 0 0 0 0 0 0
 259       5 mmcblk0p37 0 0 0 0 0 0 0 0 0 0 0 0 0 0 0
 259       6 mmcblk0p38 0 0 0 0 0 0 0 0 0 0 0 0 0 0 0
 259       7 mmcblk0p39 0 0 0 0 0 0 0 0 0 0 0 0 0 0 0
 259       8 mmcblk0p40 0 0 0 0 0 0 0 0 0 0 0 0 0 0 0
 259       9 mmcblk0p41 0 0 0 0 0 0 0 0 0 0 0 0 0 0 0
 259      10 mmcblk0p42 0 0 0 0 0 0 0 0 0 0 0 0 0 0 0
 259      11 mmcblk0p43 0 0 0 0 0 0 0 0 0 0 0 0 0 0 0
 259      12 mmcblk0p44 0 0 0 0 0 0 0 0 0 0 0 0 0 0 0
 259      13 mmcblk0p45 0 0 0 0 0 0 0 0 0 0 0 0 0 0 0
 259      14 mmcblk0p46 0 0 0 0 0 0 0 0 0 0 0 0 0 0 0
 259      15 mmcblk0p47 0 0 0 0 0 0 0 0 0 0 0 0 0 0 0
 259      16 mmcblk0p48 0 0 0 0 0 0 0 0 0 0 0 0 0 0 0
 259      17 mmcblk0p49 0 0 0 0 0 0 0 0 0 0 0 0 0 0 0
 259      18 mmcblk0p50 0 0 0 0 0 0 0 0 0 0 0 0 0 0 0
 259      19 mmcblk0p51 0 0 0 0 0 0 0 0 0 0 0 0 0 0 0
 259      20 mmcblk0p52 0 0 0 0 0 0 0 0 0 0 0 0 0 0 0
 259      21 mmcblk0p53 0 0 0 0 0 0 0 0 0 0 0 0 0 0 0
 259      22 mmcblk0p54 0 0 0 0 0 0 0 0 0 0 0 0 0 0 0
 259      23 mmcblk0p55 0 0 0 0 0 0 0 0 0 0 0 0 0 0 0
 259      24 mmcblk0p56 0 0 0 0 0 0 0 0 0 0 0 0 0 0 0
 259      25 mmcblk0p57 0 0 0 0 0 0 0 0 0 0 0 0 0 0 0
 259      26 mmcblk0p58 0 0 0 0 0 0 0 0 0 0 0 0 0 0 0
 259      27 mmcblk0p59 0 0 0 0 0 0 0 0 0 0 0 0 0 0 0
 259      28 mmcblk0p60 0 0 0 0 0 0 0 0 0 0 0 0 0 0 0
 259      29 mmcblk0p61 0 0 0 0 0 0 0 0 0 0 0 0 0 0 0
 259      30 mmcblk0p62 0 0 0 0 0 0 0 0 0 0 0 0 0 0 0
 259      31 mmcblk0p63 0 0 0 0 0 0 0 0 0 0 0 0 0 0 0
 259      32 mmcblk0p64 0 0 0 0 0 0 0 0 0 0 0 0 0 0 0
 259      33 mmcblk0p65 0 0 0 0 0 0 0 0 0 0 0 0 0 0 0
 259      34 mmcblk0p66 0 0 0 0 0 0 0 0 0 0 0 0 0 0 0
 259      35 mmcblk0p67 1851 1758 140712 1643 0 0 0 0 0 1520 360 0 0 0 0
 259      36 mmcblk0p68 1 0 128 1 0 0 0 0 0 4 0 0 0 0 0
 259      37 mmcblk0p69 0 0 0 0 0 0 0 0 0 0 0 0 0 0 0
 259      38 mmcblk0p70 0 0 0 0 0 0 0 0 0 0 0 0 0 0 0
 259      39 mmcblk0p71 0 0 0 0 0 0 0 0 0 0 0 0 0 0 0
 259      40 mmcblk0p72 47 0 2666 36 5 0 40 12 0 64 16 0 0 0 0
 259      41 mmcblk0p73 1 0 128 1 0 0 0 0 0 4 0 0 0 0 0
 259      42 mmcblk0p74 0 0 0 0 0 0 0 0 0 0 0 0 0 0 0
 259      43 mmcblk0p75 0 0 0 0 0 0 0 0 0 0 0 0 0 0 0
 259      44 mmcblk0p76 0 0 0 0 0 0 0 0 0 0 0 0 0 0 0
 259      45 mmcblk0p77 0 0 0 0 0 0 0 0 0 0 0 0 0 0 0
 259      46 mmcblk0p78 0 0 0 0 0 0 0 0 0 0 0 0 0 0 0
 259      47 mmcblk0p79 0 0 0 0 0 0 0 0 0 0 0 0 0 0 0
 259      48 mmcblk0p80 0 0 0 0 0 0 0 0 0 0 0 0 0 0 0
 253       0 dm-0 548 0 93456 896 0 0 0 0 0 624 896 0 0 0 0
 253       1 dm-1 6501 0 884104 14848 0 0 0 0 0 7904 14848 0 0 0 0
 253       2 dm-2 3259 0 229432 5408 0 0 0 0 0 3272 5408 0 0 0 0
 253       3 dm-3 3693 0 467976 6880 0 0 0 0 0 6076 6880 0 0 0 0
 253       4 dm-4 4971 0 871864 20308 0 0 0 0 0 8156 20308 0 0 0 0
 253       5 dm-5 2773 0 225544 6572 0 0 0 0 0 3448 6572 0 0 0 0
 253       6 dm-6 2875 0 461432 10268 0 0 0 0 0 6372 10268 0 0 0 0
 253       7 dm-7 332 0 91728 864 0 0 0 0 0 644 864 0 0 0 0
   7     128 loop16 19 0 536 21 0 0 0 0 0 56 8 0 0 0 0
   7     136 loop17 27 0 216 27 0 0 0 0 0 32 0 0 0 0 0
   7     144 loop18 15 0 208 16 0 0 0 0 0 52 4 0 0 0 0
   7     152 loop19 24 0 192 26 0 0 0 0 0 28 0 0 0 0 0
   7     160 loop20 42 0 3016 28 0 0 0 0 0 80 4 0 0 0 0
   7     168 loop21 24 0 1416 15 0 0 0 0 0 72 0 0 0 0 0
   7     176 loop22 63 0 5960 44 0 0 0 0 0 100 0 0 0 0 0
   7     184 loop23 102 0 10056 79 0 0 0 0 0 244 0 0 0 0 0
   7     192 loop24 31 1 2168 31 0 0 0 0 0 72 4 0 0 0 0
   7     200 loop25 2565 0 26056 2730 0 0 0 0 0 356 0 0 0 0 0
   7     208 loop26 106 0 17080 84 0 0 0 0 0 108 0 0 0 0 0
   7     216 loop27 9 0 72 4 0 0 0 0 0 20 0 0 0 0 0
   7     224 loop28 18 0 408 8 0 0 0 0 0 64 0 0 0 0 0
   7     232 loop29 85 0 9240 84 0 0 0 0 0 248 0 0 0 0 0
   7     240 loop30 28 0 864 15 0 0 0 0 0 64 0 0 0 0 0
   7     248 loop31 103 1 9368 95 0 0 0 0 0 360 8 0 0 0 0
   7     256 loop32 52 0 6576 71 0 0 0 0 0 128 20 0 0 0 0
   7     264 loop33 111 1 14760 254 0 0 0 0 0 156 124 0 0 0 0
   7     272 loop34 106 5 11816 79 0 0 0 0 0 152 0 0 0 0 0
   7     280 loop35 27 0 1840 19 0 0 0 0 0 56 0 0 0 0 0
   7     288 loop36 72 0 9048 123 0 0 0 0 0 140 44 0 0 0 0
   7     296 loop37 17 0 224 6 0 0 0 0 0 40 0 0 0 0 0
   7     304 loop38 181 1 15448 242 0 0 0 0 0 392 68 0 0 0 0
   7     312 loop39 397 14 37240 324 0 0 0 0 0 1012 8 0 0 0 0
 253       8 dm-8 0 0 0 0 0 0 0 0 0 0 0 0 0 0 0
 253       9 dm-9 92 0 11664 68 0 0 0 0 0 152 68 0 0 0 0
 253      10 dm-10 158 0 15256 340 0 0 0 0 0 408 340 0 0 0 0
 253      11 dm-11 480 0 70264 1104 0 0 0 0 0 1168 1104 0 0 0 0
 253      12 dm-12 0 0 0 0 0 0 0 0 0 0 0 0 0 0 0
 253      13 dm-13 93 0 14608 484 0 0 0 0 0 168 484 0 0 0 0
 253      14 dm-14 0 0 0 0 0 0 0 0 0 0 0 0 0 0 0
 253      15 dm-15 22 0 1800 4 0 0 0 0 0 52 4 0 0 0 0
 253      16 dm-16 0 0 0 0 0 0 0 0 0 0 0 0 0 0 0
 253      17 dm-17 0 0 0 0 0 0 0 0 0 0 0 0 0 0 0
 253      18 dm-18 41 0 6488 68 0 0 0 0 0 120 68 0 0 0 0
 253      19 dm-19 69 0 9112 204 0 0 0 0 0 248 204 0 0 0 0
 253      20 dm-20 365 0 36872 772 0 0 0 0 0 1060 772 0 0 0 0
 253      21 dm-21 23 0 824 8 0 0 0 0 0 60 8 0 0 0 0
 253      22 dm-22 16 0 392 88 0 0 0 0 0 68 88 0 0 0 0
 253      23 dm-23 0 0 0 0 0 0 0 0 0 0 0 0 0 0 0
 253      24 dm-24 15 0 208 4 0 0 0 0 0 36 4 0 0 0 0
 253      25 dm-25 5 0 40 8 0 0 0 0 0 20 8 0 0 0 0
 253      26 dm-26 84 0 16904 108 0 0 0 0 0 112 108 0 0 0 0
 253      27 dm-27 0 0 0 0 0 0 0 0 0 0 0 0 0 0 0
 253      28 dm-28 2552 0 25952 3048 0 0 0 0 0 352 3048 0 0 0 0
 253      29 dm-29 0 0 0 0 0 0 0 0 0 0 0 0 0 0 0
 253      30 dm-30 0 0 0 0 0 0 0 0 0 0 0 0 0 0 0
 253      31 dm-31 0 0 0 0 0 0 0 0 0 0 0 0 0 0 0
 253      32 dm-32 90 0 9256 212 0 0 0 0 0 392 212 0 0 0 0
 253      33 dm-33 0 0 0 0 0 0 0 0 0 0 0 0 0 0 0
 253      34 dm-34 26 0 2120 76 0 0 0 0 0 72 76 0 0 0 0
 253      35 dm-35 48 0 5840 72 0 0 0 0 0 100 72 0 0 0 0
 253      36 dm-36 89 0 9952 152 0 0 0 0 0 244 152 0 0 0 0
 253      37 dm-37 0 0 0 0 0 0 0 0 0 0 0 0 0 0 0
 253      38 dm-38 20 0 1384 16 0 0 0 0 0 76 16 0 0 0 0
 253      39 dm-39 34 0 2952 36 0 0 0 0 0 84 36 0 0 0 0
 253      40 dm-40 0 0 0 0 0 0 0 0 0 0 0 0 0 0 0
 253      41 dm-41 0 0 0 0 0 0 0 0 0 0 0 0 0 0 0
 253      42 dm-42 0 0 0 0 0 0 0 0 0 0 0 0 0 0 0
 253      43 dm-43 6957 0 277152 7056 749 0 11432 768 0 6552 7824 0 0 0 0

2891
   1       0 ram0 0 0 0 0 0 0 0 0 0 0 0 0 0 0 0
   1       1 ram1 0 0 0 0 0 0 0 0 0 0 0 0 0 0 0
   1       2 ram2 0 0 0 0 0 0 0 0 0 0 0 0 0 0 0
   1       3 ram3 0 0 0 0 0 0 0 0 0 0 0 0 0 0 0
   1       4 ram4 0 0 0 0 0 0 0 0 0 0 0 0 0 0 0
   1       5 ram5 0 0 0 0 0 0 0 0 0 0 0 0 0 0 0
   1       6 ram6 0 0 0 0 0 0 0 0 0 0 0 0 0 0 0
   1       7 ram7 0 0 0 0 0 0 0 0 0 0 0 0 0 0 0
   1       8 ram8 0 0 0 0 0 0 0 0 0 0 0 0 0 0 0
   1       9 ram9 0 0 0 0 0 0 0 0 0 0 0 0 0 0 0
   1      10 ram10 0 0 0 0 0 0 0 0 0 0 0 0 0 0 0
   1      11 ram11 0 0 0 0 0 0 0 0 0 0 0 0 0 0 0
   1      12 ram12 0 0 0 0 0 0 0 0 0 0 0 0 0 0 0
   1      13 ram13 0 0 0 0 0 0 0 0 0 0 0 0 0 0 0
   1      14 ram14 0 0 0 0 0 0 0 0 0 0 0 0 0 0 0
   1      15 ram15 0 0 0 0 0 0 0 0 0 0 0 0 0 0 0
   7       0 loop0 183 0 16168 352 0 0 0 0 0 344 116 0 0 0 0
   7       8 loop1 70 0 9008 122 0 0 0 0 0 136 32 0 0 0 0
   7      16 loop2 27 0 216 13 0 0 0 0 0 32 0 0 0 0 0
   7      24 loop3 12 0 296 8 0 0 0 0 0 32 0 0 0 0 0
   7      32 loop4 36 1 3040 29 0 0 0 0 0 56 0 0 0 0 0
   7      40 loop5 215 1 26528 326 0 0 0 0 0 452 60 0 0 0 0
   7      48 loop6 16 0 712 14 0 0 0 0 0 44 0 0 0 0 0
   7      56 loop7 61 0 6856 58 0 0 0 0 0 148 0 0 0 0 0
   7      64 loop8 25 0 1408 16 0 0 0 0 0 96 0 0 0 0 0
   7      72 loop9 735 6 74728 1831 0 0 0 0 0 2044 744 0 0 0 0
   7      80 loop10 24 0 192 17 0 0 0 0 0 28 0 0 0 0 0
   7      88 loop11 32 0 2400 25 0 0 0 0 0 84 0 0 0 0 0
   7      96 loop12 563 3 70952 495 0 0 0 0 0 1092 16 0 0 0 0
   7     104 loop13 27 0 216 48 0 0 0 0 0 44 8 0 0 0 0
   7     112 loop14 15 0 280 9 0 0 0 0 0 40 0 0 0 0 0
   7     120 loop15 52 0 4752 144 0 0 0 0 0 220 76 0 0 0 0
 254       0 zram0 0 0 0 0 0 0 0 0 0 0 0 0 0 0 0
 179       0 mmcblk0 2020 1821 144350 1721 12 0 48 14 0 1592 376 0 0 0 0
 179       1 mmcblk0p1 0 0 0 0 0 0 0 0 0 0 0 0 0 0 0
 179       2 mmcblk0p2 0 0 0 0 0 0 0 0 0 0 0 0 0 0 0
 179       3 mmcblk0p3 0 0 0 0 0 0 0 0 0 0 0 0 0 0 0
 179       4 mmcblk0p4 16 0 146 3 1 0 8 0 0 12 0 0 0 0 0
 179       5 mmcblk0p5 0 0 0 0 0 0 0 0 0 0 0 0 0 0 0
 179       6 mmcblk0p6 0 0 0 0 0 0 0 0 0 0 0 0 0 0 0
 179       7 mmcblk0p7 0 0 0 0 0 0 0 0 0 0 0 0 0 0 0
 179       8 mmcblk0p8 0 0 0 0 0 0 0 0 0 0 0 0 0 0 0
 179       9 mmcblk0p9 0 0 0 0 0 0 0 0 0 0 0 0 0 0 0
 179      10 mmcblk0p10 0 0 0 0 0 0 0 0 0 0 0 0 0 0 0
 179      11 mmcblk0p11 0 0 0 0 0 0 0 0 0 0 0 0 0 0 0
 179      12 mmcblk0p12 0 0 0 0 0 0 0 0 0 0 0 0 0 0 0
 179      13 mmcblk0p13 0 0 0 0 0 0 0 0 0 0 0 0 0 0 0
 179      14 mmcblk0p14 0 0 0 0 0 0 0 0 0 0 0 0 0 0 0
 179      15 mmcblk0p15 0 0 0 0 0 0 0 0 0 0 0 0 0 0 0
 179      16 mmcblk0p16 0 0 0 0 0 0 0 0 0 0 0 0 0 0 0
 179      17 mmcblk0p17 0 0 0 0 0 0 0 0 0 0 0 0 0 0 0
 179      18 mmcblk0p18 0 0 0 0 0 0 0 0 0 0 0 0 0 0 0
 179      19 mmcblk0p19 0 0 0 0 0 0 0 0 0 0 0 0 0 0 0
 179      20 mmcblk0p20 0 0 0 0 0 0 0 0 0 0 0 0 0 0 0
 179      21 mmcblk0p21 54 57 111 17 0 0 0 0 0 28 0 0 0 0 0
 179      22 mmcblk0p22 0 0 0 0 0 0 0 0 0 0 0 0 0 0 0
 179      23 mmcblk0p23 33 6 330 14 0 0 0 0 0 12 0 0 0 0 0
 179      24 mmcblk0p24 0 0 0 0 0 0 0 0 0 0 0 0 0 0 0
 179      25 mmcblk0p25 0 0 0 0 0 0 0 0 0 0 0 0 0 0 0
 179      26 mmcblk0p26 0 0 0 0 0 0 0 0 0 0 0 0 0 0 0
 179      27 mmcblk0p27 0 0 0 0 0 0 0 0 0 0 0 0 0 0 0
 179      28 mmcblk0p28 0 0 0 0 0 0 0 0 0 0 0 0 0 0 0
 179      29 mmcblk0p29 0 0 0 0 0 0 0 0 0 0 0 0 0 0 0
 179      30 mmcblk0p30 0 0 0 0 0 0 0 0 0 0 0 0 0 0 0
 179      31 mmcblk0p31 0 0 0 0 0 0 0 0 0 0 0 0 0 0 0
 259       0 mmcblk0p32 9 0 65 1 0 0 0 0 0 12 0 0 0 0 0
 259       1 mmcblk0p33 0 0 0 0 0 0 0 0 0 0 0 0 0 0 0
 259       2 mmcblk0p34 0 0 0 0 0 0 0 0 0 0 0 0 0 0 0
 259       3 mmcblk0p35 0 0 0 0 0 0 0 0 0 0 0 0 0 0 0
 259       4 mmcblk0p36 0 0 0 0 0 0 0 0 0 0 0 0 0 0 0
 259       5 mmcblk0p37 0 0 0 0 0 0 0 0 0 0 0 0 0 0 0
 259       6 mmcblk0p38 0 0 0 0 0 0 0 0 0 0 0 0 0 0 0
 259       7 mmcblk0p39 0 0 0 0 0 0 0 0 0 0 0 0 0 0 0
 259       8 mmcblk0p40 0 0 0 0 0 0 0 0 0 0 0 0 0 0 0
 259       9 mmcblk0p41 0 0 0 0 0 0 0 0 0 0 0 0 0 0 0
 259      10 mmcblk0p42 0 0 0 0 0 0 0 0 0 0 0 0 0 0 0
 259      11 mmcblk0p43 0 0 0 0 0 0 0 0 0 0 0 0 0 0 0
 259      12 mmcblk0p44 0 0 0 0 0 0 0 0 0 0 0 0 0 0 0
 259      13 mmcblk0p45 0 0 0 0 0 0 0 0 0 0 0 0 0 0 0
 259      14 mmcblk0p46 0 0 0 0 0 0 0 0 0 0 0 0 0 0 0
 259      15 mmcblk0p47 0 0 0 0 0 0 0 0 0 0 0 0 0 0 0
 259      16 mmcblk0p48 0 0 0 0 0 0 0 0 0 0 0 0 0 0 0
 259      17 mmcblk0p49 0 0 0 0 0 0 0 0 0 0 0 0 0 0 0
 259      18 mmcblk0p50 0 0 0 0 0 0 0 0 0 0 0 0 0 0 0
 259      19 mmcblk0p51 0 0 0 0 0 0 0 0 0 0 0 0 0 0 0
 259      20 mmcblk0p52 0 0 0 0 0 0 0 0 0 0 0 0 0 0 0
 259      21 mmcblk0p53 0 0 0 0 0 0 0 0 0 0 0 0 0 0 0
 259      22 mmcblk0p54 0 0 0 0 0 0 0 0 0 0 0 0 0 0 0
 259      23 mmcblk0p55 0 0 0 0 0 0 0 0 0 0 0 0 0 0 0
 259      24 mmcblk0p56 0 0 0 0 0 0 0 0 0 0 0 0 0 0 0
 259      25 mmcblk0p57 0 0 0 0 0 0 0 0 0 0 0 0 0 0 0
 259      26 mmcblk0p58 0 0 0 0 0 0 0 0 0 0 0 0 0 0 0
 259      27 mmcblk0p59 0 0 0 0 0 0 0 0 0 0 0 0 0 0 0
 259      28 mmcblk0p60 0 0 0 0 0 0 0 0 0 0 0 0 0 0 0
 259      29 mmcblk0p61 0 0 0 0 0 0 0 0 0 0 0 0 0 0 0
 259      30 mmcblk0p62 0 0 0 0 0 0 0 0 0 0 0 0 0 0 0
 259      31 mmcblk0p63 0 0 0 0 0 0 0 0 0 0 0 0 0 0 0
 259      32 mmcblk0p64 0 0 0 0 0 0 0 0 0 0 0 0 0 0 0
 259      33 mmcblk0p65 0 0 0 0 0 0 0 0 0 0 0 0 0 0 0
 259      34 mmcblk0p66 0 0 0 0 0 0 0 0 0 0 0 0 0 0 0
 259      35 mmcblk0p67 1851 1758 140712 1643 0 0 0 0 0 1520 360 0 0 0 0
 259      36 mmcblk0p68 1 0 128 1 0 0 0 0 0 4 0 0 0 0 0
 259      37 mmcblk0p69 0 0 0 0 0 0 0 0 0 0 0 0 0 0 0
 259      38 mmcblk0p70 0 0 0 0 0 0 0 0 0 0 0 0 0 0 0
 259      39 mmcblk0p71 0 0 0 0 0 0 0 0 0 0 0 0 0 0 0
 259      40 mmcblk0p72 47 0 2666 36 5 0 40 12 0 64 16 0 0 0 0
 259      41 mmcblk0p73 1 0 128 1 0 0 0 0 0 4 0 0 0 0 0
 259      42 mmcblk0p74 0 0 0 0 0 0 0 0 0 0 0 0 0 0 0
 259      43 mmcblk0p75 0 0 0 0 0 0 0 0 0 0 0 0 0 0 0
 259      44 mmcblk0p76 0 0 0 0 0 0 0 0 0 0 0 0 0 0 0
 259      45 mmcblk0p77 0 0 0 0 0 0 0 0 0 0 0 0 0 0 0
 259      46 mmcblk0p78 0 0 0 0 0 0 0 0 0 0 0 0 0 0 0
 259      47 mmcblk0p79 0 0 0 0 0 0 0 0 0 0 0 0 0 0 0
 259      48 mmcblk0p80 0 0 0 0 0 0 0 0 0 0 0 0 0 0 0
 253       0 dm-0 548 0 93456 896 0 0 0 0 0 624 896 0 0 0 0
 253       1 dm-1 6520 0 885976 14872 0 0 0 0 0 7952 14872 0 0 0 0
 253       2 dm-2 3260 0 229456 5408 0 0 0 0 0 3276 5408 0 0 0 0
 253       3 dm-3 3694 0 467984 6880 0 0 0 0 0 6080 6880 0 0 0 0
 253       4 dm-4 4990 0 873736 20340 0 0 0 0 0 8204 20340 0 0 0 0
 253       5 dm-5 2774 0 225568 6572 0 0 0 0 0 3452 6572 0 0 0 0
 253       6 dm-6 2876 0 461440 10268 0 0 0 0 0 6376 10268 0 0 0 0
 253       7 dm-7 332 0 91728 864 0 0 0 0 0 644 864 0 0 0 0
   7     128 loop16 19 0 536 21 0 0 0 0 0 56 8 0 0 0 0
   7     136 loop17 27 0 216 27 0 0 0 0 0 32 0 0 0 0 0
   7     144 loop18 15 0 208 16 0 0 0 0 0 52 4 0 0 0 0
   7     152 loop19 24 0 192 26 0 0 0 0 0 28 0 0 0 0 0
   7     160 loop20 42 0 3016 28 0 0 0 0 0 80 4 0 0 0 0
   7     168 loop21 24 0 1416 15 0 0 0 0 0 72 0 0 0 0 0
   7     176 loop22 63 0 5960 44 0 0 0 0 0 100 0 0 0 0 0
   7     184 loop23 102 0 10056 79 0 0 0 0 0 244 0 0 0 0 0
   7     192 loop24 31 1 2168 31 0 0 0 0 0 72 4 0 0 0 0
   7     200 loop25 2565 0 26056 2730 0 0 0 0 0 356 0 0 0 0 0
   7     208 loop26 109 0 17328 89 0 0 0 0 0 112 0 0 0 0 0
   7     216 loop27 9 0 72 4 0 0 0 0 0 20 0 0 0 0 0
   7     224 loop28 18 0 408 8 0 0 0 0 0 64 0 0 0 0 0
   7     232 loop29 85 0 9240 84 0 0 0 0 0 248 0 0 0 0 0
   7     240 loop30 28 0 864 15 0 0 0 0 0 64 0 0 0 0 0
   7     248 loop31 103 1 9368 95 0 0 0 0 0 360 8 0 0 0 0
   7     256 loop32 52 0 6576 71 0 0 0 0 0 128 20 0 0 0 0
   7     264 loop33 111 1 14760 254 0 0 0 0 0 156 124 0 0 0 0
   7     272 loop34 106 5 11816 79 0 0 0 0 0 152 0 0 0 0 0
   7     280 loop35 27 0 1840 19 0 0 0 0 0 56 0 0 0 0 0
   7     288 loop36 72 0 9048 123 0 0 0 0 0 140 44 0 0 0 0
   7     296 loop37 17 0 224 6 0 0 0 0 0 40 0 0 0 0 0
   7     304 loop38 181 1 15448 242 0 0 0 0 0 392 68 0 0 0 0
   7     312 loop39 397 14 37240 324 0 0 0 0 0 1012 8 0 0 0 0
 253       8 dm-8 0 0 0 0 0 0 0 0 0 0 0 0 0 0 0
 253       9 dm-9 92 0 11664 68 0 0 0 0 0 152 68 0 0 0 0
 253      10 dm-10 158 0 15256 340 0 0 0 0 0 408 340 0 0 0 0
 253      11 dm-11 480 0 70264 1104 0 0 0 0 0 1168 1104 0 0 0 0
 253      12 dm-12 0 0 0 0 0 0 0 0 0 0 0 0 0 0 0
 253      13 dm-13 93 0 14608 484 0 0 0 0 0 168 484 0 0 0 0
 253      14 dm-14 0 0 0 0 0 0 0 0 0 0 0 0 0 0 0
 253      15 dm-15 22 0 1800 4 0 0 0 0 0 52 4 0 0 0 0
 253      16 dm-16 0 0 0 0 0 0 0 0 0 0 0 0 0 0 0
 253      17 dm-17 0 0 0 0 0 0 0 0 0 0 0 0 0 0 0
 253      18 dm-18 41 0 6488 68 0 0 0 0 0 120 68 0 0 0 0
 253      19 dm-19 69 0 9112 204 0 0 0 0 0 248 204 0 0 0 0
 253      20 dm-20 365 0 36872 772 0 0 0 0 0 1060 772 0 0 0 0
 253      21 dm-21 23 0 824 8 0 0 0 0 0 60 8 0 0 0 0
 253      22 dm-22 16 0 392 88 0 0 0 0 0 68 88 0 0 0 0
 253      23 dm-23 0 0 0 0 0 0 0 0 0 0 0 0 0 0 0
 253      24 dm-24 15 0 208 4 0 0 0 0 0 36 4 0 0 0 0
 253      25 dm-25 5 0 40 8 0 0 0 0 0 20 8 0 0 0 0
 253      26 dm-26 87 0 17152 112 0 0 0 0 0 120 112 0 0 0 0
 253      27 dm-27 0 0 0 0 0 0 0 0 0 0 0 0 0 0 0
 253      28 dm-28 2552 0 25952 3048 0 0 0 0 0 352 3048 0 0 0 0
 253      29 dm-29 0 0 0 0 0 0 0 0 0 0 0 0 0 0 0
 253      30 dm-30 0 0 0 0 0 0 0 0 0 0 0 0 0 0 0
 253      31 dm-31 0 0 0 0 0 0 0 0 0 0 0 0 0 0 0
 253      32 dm-32 90 0 9256 212 0 0 0 0 0 392 212 0 0 0 0
 253      33 dm-33 0 0 0 0 0 0 0 0 0 0 0 0 0 0 0
 253      34 dm-34 26 0 2120 76 0 0 0 0 0 72 76 0 0 0 0
 253      35 dm-35 48 0 5840 72 0 0 0 0 0 100 72 0 0 0 0
 253      36 dm-36 89 0 9952 152 0 0 0 0 0 244 152 0 0 0 0
 253      37 dm-37 0 0 0 0 0 0 0 0 0 0 0 0 0 0 0
 253      38 dm-38 20 0 1384 16 0 0 0 0 0 76 16 0 0 0 0
 253      39 dm-39 34 0 2952 36 0 0 0 0 0 84 36 0 0 0 0
 253      40 dm-40 0 0 0 0 0 0 0 0 0 0 0 0 0 0 0
 253      41 dm-41 0 0 0 0 0 0 0 0 0 0 0 0 0 0 0
 253      42 dm-42 0 0 0 0 0 0 0 0 0 0 0 0 0 0 0
 253      43 dm-43 6978 0 277584 7064 749 0 11432 768 0 6588 7832 0 0 0 0

2921
   1       0 ram0 0 0 0 0 0 0 0 0 0 0 0 0 0 0 0
   1       1 ram1 0 0 0 0 0 0 0 0 0 0 0 0 0 0 0
   1       2 ram2 0 0 0 0 0 0 0 0 0 0 0 0 0 0 0
   1       3 ram3 0 0 0 0 0 0 0 0 0 0 0 0 0 0 0
   1       4 ram4 0 0 0 0 0 0 0 0 0 0 0 0 0 0 0
   1       5 ram5 0 0 0 0 0 0 0 0 0 0 0 0 0 0 0
   1       6 ram6 0 0 0 0 0 0 0 0 0 0 0 0 0 0 0
   1       7 ram7 0 0 0 0 0 0 0 0 0 0 0 0 0 0 0
   1       8 ram8 0 0 0 0 0 0 0 0 0 0 0 0 0 0 0
   1       9 ram9 0 0 0 0 0 0 0 0 0 0 0 0 0 0 0
   1      10 ram10 0 0 0 0 0 0 0 0 0 0 0 0 0 0 0
   1      11 ram11 0 0 0 0 0 0 0 0 0 0 0 0 0 0 0
   1      12 ram12 0 0 0 0 0 0 0 0 0 0 0 0 0 0 0
   1      13 ram13 0 0 0 0 0 0 0 0 0 0 0 0 0 0 0
   1      14 ram14 0 0 0 0 0 0 0 0 0 0 0 0 0 0 0
   1      15 ram15 0 0 0 0 0 0 0 0 0 0 0 0 0 0 0
   7       0 loop0 183 0 16168 352 0 0 0 0 0 344 116 0 0 0 0
   7       8 loop1 70 0 9008 122 0 0 0 0 0 136 32 0 0 0 0
   7      16 loop2 27 0 216 13 0 0 0 0 0 32 0 0 0 0 0
   7      24 loop3 12 0 296 8 0 0 0 0 0 32 0 0 0 0 0
   7      32 loop4 36 1 3040 29 0 0 0 0 0 56 0 0 0 0 0
   7      40 loop5 220 1 27696 340 0 0 0 0 0 476 60 0 0 0 0
   7      48 loop6 17 0 744 15 0 0 0 0 0 48 0 0 0 0 0
   7      56 loop7 61 0 6856 58 0 0 0 0 0 148 0 0 0 0 0
   7      64 loop8 25 0 1408 16 0 0 0 0 0 96 0 0 0 0 0
   7      72 loop9 735 6 74728 1831 0 0 0 0 0 2044 744 0 0 0 0
   7      80 loop10 24 0 192 17 0 0 0 0 0 28 0 0 0 0 0
   7      88 loop11 32 0 2400 25 0 0 0 0 0 84 0 0 0 0 0
   7      96 loop12 564 3 70968 496 0 0 0 0 0 1100 16 0 0 0 0
   7     104 loop13 27 0 216 48 0 0 0 0 0 44 8 0 0 0 0
   7     112 loop14 15 0 280 9 0 0 0 0 0 40 0 0 0 0 0
   7     120 loop15 52 0 4752 144 0 0 0 0 0 220 76 0 0 0 0
 254       0 zram0 0 0 0 0 0 0 0 0 0 0 0 0 0 0 0
 179       0 mmcblk0 2020 1821 144350 1721 12 0 48 14 0 1592 376 0 0 0 0
 179       1 mmcblk0p1 0 0 0 0 0 0 0 0 0 0 0 0 0 0 0
 179       2 mmcblk0p2 0 0 0 0 0 0 0 0 0 0 0 0 0 0 0
 179       3 mmcblk0p3 0 0 0 0 0 0 0 0 0 0 0 0 0 0 0
 179       4 mmcblk0p4 16 0 146 3 1 0 8 0 0 12 0 0 0 0 0
 179       5 mmcblk0p5 0 0 0 0 0 0 0 0 0 0 0 0 0 0 0
 179       6 mmcblk0p6 0 0 0 0 0 0 0 0 0 0 0 0 0 0 0
 179       7 mmcblk0p7 0 0 0 0 0 0 0 0 0 0 0 0 0 0 0
 179       8 mmcblk0p8 0 0 0 0 0 0 0 0 0 0 0 0 0 0 0
 179       9 mmcblk0p9 0 0 0 0 0 0 0 0 0 0 0 0 0 0 0
 179      10 mmcblk0p10 0 0 0 0 0 0 0 0 0 0 0 0 0 0 0
 179      11 mmcblk0p11 0 0 0 0 0 0 0 0 0 0 0 0 0 0 0
 179      12 mmcblk0p12 0 0 0 0 0 0 0 0 0 0 0 0 0 0 0
 179      13 mmcblk0p13 0 0 0 0 0 0 0 0 0 0 0 0 0 0 0
 179      14 mmcblk0p14 0 0 0 0 0 0 0 0 0 0 0 0 0 0 0
 179      15 mmcblk0p15 0 0 0 0 0 0 0 0 0 0 0 0 0 0 0
 179      16 mmcblk0p16 0 0 0 0 0 0 0 0 0 0 0 0 0 0 0
 179      17 mmcblk0p17 0 0 0 0 0 0 0 0 0 0 0 0 0 0 0
 179      18 mmcblk0p18 0 0 0 0 0 0 0 0 0 0 0 0 0 0 0
 179      19 mmcblk0p19 0 0 0 0 0 0 0 0 0 0 0 0 0 0 0
 179      20 mmcblk0p20 0 0 0 0 0 0 0 0 0 0 0 0 0 0 0
 179      21 mmcblk0p21 54 57 111 17 0 0 0 0 0 28 0 0 0 0 0
 179      22 mmcblk0p22 0 0 0 0 0 0 0 0 0 0 0 0 0 0 0
 179      23 mmcblk0p23 33 6 330 14 0 0 0 0 0 12 0 0 0 0 0
 179      24 mmcblk0p24 0 0 0 0 0 0 0 0 0 0 0 0 0 0 0
 179      25 mmcblk0p25 0 0 0 0 0 0 0 0 0 0 0 0 0 0 0
 179      26 mmcblk0p26 0 0 0 0 0 0 0 0 0 0 0 0 0 0 0
 179      27 mmcblk0p27 0 0 0 0 0 0 0 0 0 0 0 0 0 0 0
 179      28 mmcblk0p28 0 0 0 0 0 0 0 0 0 0 0 0 0 0 0
 179      29 mmcblk0p29 0 0 0 0 0 0 0 0 0 0 0 0 0 0 0
 179      30 mmcblk0p30 0 0 0 0 0 0 0 0 0 0 0 0 0 0 0
 179      31 mmcblk0p31 0 0 0 0 0 0 0 0 0 0 0 0 0 0 0
 259       0 mmcblk0p32 9 0 65 1 0 0 0 0 0 12 0 0 0 0 0
 259       1 mmcblk0p33 0 0 0 0 0 0 0 0 0 0 0 0 0 0 0
 259       2 mmcblk0p34 0 0 0 0 0 0 0 0 0 0 0 0 0 0 0
 259       3 mmcblk0p35 0 0 0 0 0 0 0 0 0 0 0 0 0 0 0
 259       4 mmcblk0p36 0 0 0 0 0 0 0 0 0 0 0 0 0 0 0
 259       5 mmcblk0p37 0 0 0 0 0 0 0 0 0 0 0 0 0 0 0
 259       6 mmcblk0p38 0 0 0 0 0 0 0 0 0 0 0 0 0 0 0
 259       7 mmcblk0p39 0 0 0 0 0 0 0 0 0 0 0 0 0 0 0
 259       8 mmcblk0p40 0 0 0 0 0 0 0 0 0 0 0 0 0 0 0
 259       9 mmcblk0p41 0 0 0 0 0 0 0 0 0 0 0 0 0 0 0
 259      10 mmcblk0p42 0 0 0 0 0 0 0 0 0 0 0 0 0 0 0
 259      11 mmcblk0p43 0 0 0 0 0 0 0 0 0 0 0 0 0 0 0
 259      12 mmcblk0p44 0 0 0 0 0 0 0 0 0 0 0 0 0 0 0
 259      13 mmcblk0p45 0 0 0 0 0 0 0 0 0 0 0 0 0 0 0
 259      14 mmcblk0p46 0 0 0 0 0 0 0 0 0 0 0 0 0 0 0
 259      15 mmcblk0p47 0 0 0 0 0 0 0 0 0 0 0 0 0 0 0
 259      16 mmcblk0p48 0 0 0 0 0 0 0 0 0 0 0 0 0 0 0
 259      17 mmcblk0p49 0 0 0 0 0 0 0 0 0 0 0 0 0 0 0
 259      18 mmcblk0p50 0 0 0 0 0 0 0 0 0 0 0 0 0 0 0
 259      19 mmcblk0p51 0 0 0 0 0 0 0 0 0 0 0 0 0 0 0
 259      20 mmcblk0p52 0 0 0 0 0 0 0 0 0 0 0 0 0 0 0
 259      21 mmcblk0p53 0 0 0 0 0 0 0 0 0 0 0 0 0 0 0
 259      22 mmcblk0p54 0 0 0 0 0 0 0 0 0 0 0 0 0 0 0
 259      23 mmcblk0p55 0 0 0 0 0 0 0 0 0 0 0 0 0 0 0
 259      24 mmcblk0p56 0 0 0 0 0 0 0 0 0 0 0 0 0 0 0
 259      25 mmcblk0p57 0 0 0 0 0 0 0 0 0 0 0 0 0 0 0
 259      26 mmcblk0p58 0 0 0 0 0 0 0 0 0 0 0 0 0 0 0
 259      27 mmcblk0p59 0 0 0 0 0 0 0 0 0 0 0 0 0 0 0
 259      28 mmcblk0p60 0 0 0 0 0 0 0 0 0 0 0 0 0 0 0
 259      29 mmcblk0p61 0 0 0 0 0 0 0 0 0 0 0 0 0 0 0
 259      30 mmcblk0p62 0 0 0 0 0 0 0 0 0 0 0 0 0 0 0
 259      31 mmcblk0p63 0 0 0 0 0 0 0 0 0 0 0 0 0 0 0
 259      32 mmcblk0p64 0 0 0 0 0 0 0 0 0 0 0 0 0 0 0
 259      33 mmcblk0p65 0 0 0 0 0 0 0 0 0 0 0 0 0 0 0
 259      34 mmcblk0p66 0 0 0 0 0 0 0 0 0 0 0 0 0 0 0
 259      35 mmcblk0p67 1851 1758 140712 1643 0 0 0 0 0 1520 360 0 0 0 0
 259      36 mmcblk0p68 1 0 128 1 0 0 0 0 0 4 0 0 0 0 0
 259      37 mmcblk0p69 0 0 0 0 0 0 0 0 0 0 0 0 0 0 0
 259      38 mmcblk0p70 0 0 0 0 0 0 0 0 0 0 0 0 0 0 0
 259      39 mmcblk0p71 0 0 0 0 0 0 0 0 0 0 0 0 0 0 0
 259      40 mmcblk0p72 47 0 2666 36 5 0 40 12 0 64 16 0 0 0 0
 259      41 mmcblk0p73 1 0 128 1 0 0 0 0 0 4 0 0 0 0 0
 259      42 mmcblk0p74 0 0 0 0 0 0 0 0 0 0 0 0 0 0 0
 259      43 mmcblk0p75 0 0 0 0 0 0 0 0 0 0 0 0 0 0 0
 259      44 mmcblk0p76 0 0 0 0 0 0 0 0 0 0 0 0 0 0 0
 259      45 mmcblk0p77 0 0 0 0 0 0 0 0 0 0 0 0 0 0 0
 259      46 mmcblk0p78 0 0 0 0 0 0 0 0 0 0 0 0 0 0 0
 259      47 mmcblk0p79 0 0 0 0 0 0 0 0 0 0 0 0 0 0 0
 259      48 mmcblk0p80 0 0 0 0 0 0 0 0 0 0 0 0 0 0 0
 253       0 dm-0 557 0 93824 908 0 0 0 0 0 648 908 0 0 0 0
 253       1 dm-1 6537 0 887328 14912 0 0 0 0 0 7992 14912 0 0 0 0
 253       2 dm-2 3311 0 233312 5624 0 0 0 0 0 3408 5624 0 0 0 0
 253       3 dm-3 3694 0 467984 6880 0 0 0 0 0 6080 6880 0 0 0 0
 253       4 dm-4 5001 0 875040 20380 0 0 0 0 0 8248 20380 0 0 0 0
 253       5 dm-5 2820 0 229384 6860 0 0 0 0 1 3596 6860 0 0 0 0
 253       6 dm-6 2876 0 461440 10268 0 0 0 0 0 6376 10268 0 0 0 0
 253       7 dm-7 341 0 92096 884 0 0 0 0 0 672 884 0 0 0 0
   7     128 loop16 19 0 536 21 0 0 0 0 0 56 8 0 0 0 0
   7     136 loop17 27 0 216 27 0 0 0 0 0 32 0 0 0 0 0
   7     144 loop18 15 0 208 16 0 0 0 0 0 52 4 0 0 0 0
   7     152 loop19 24 0 192 26 0 0 0 0 0 28 0 0 0 0 0
   7     160 loop20 42 0 3016 28 0 0 0 0 0 80 4 0 0 0 0
   7     168 loop21 24 0 1416 15 0 0 0 0 0 72 0 0 0 0 0
   7     176 loop22 63 0 5960 44 0 0 0 0 0 100 0 0 0 0 0
   7     184 loop23 102 0 10056 79 0 0 0 0 0 244 0 0 0 0 0
   7     192 loop24 31 1 2168 31 0 0 0 0 0 72 4 0 0 0 0
   7     200 loop25 2565 0 26056 2730 0 0 0 0 0 356 0 0 0 0 0
   7     208 loop26 109 0 17328 89 0 0 0 0 0 112 0 0 0 0 0
   7     216 loop27 9 0 72 4 0 0 0 0 0 20 0 0 0 0 0
   7     224 loop28 18 0 408 8 0 0 0 0 0 64 0 0 0 0 0
   7     232 loop29 85 0 9240 84 0 0 0 0 0 248 0 0 0 0 0
   7     240 loop30 28 0 864 15 0 0 0 0 0 64 0 0 0 0 0
   7     248 loop31 103 1 9368 95 0 0 0 0 0 360 8 0 0 0 0
   7     256 loop32 52 0 6576 71 0 0 0 0 0 128 20 0 0 0 0
   7     264 loop33 111 1 14760 254 0 0 0 0 0 156 124 0 0 0 0
   7     272 loop34 106 5 11816 79 0 0 0 0 0 152 0 0 0 0 0
   7     280 loop35 27 0 1840 19 0 0 0 0 0 56 0 0 0 0 0
   7     288 loop36 72 0 9048 123 0 0 0 0 0 140 44 0 0 0 0
   7     296 loop37 17 0 224 6 0 0 0 0 0 40 0 0 0 0 0
   7     304 loop38 188 1 16584 273 0 0 0 0 1 424 92 0 0 0 0
   7     312 loop39 397 14 37240 324 0 0 0 0 0 1012 8 0 0 0 0
 253       8 dm-8 0 0 0 0 0 0 0 0 0 0 0 0 0 0 0
 253       9 dm-9 92 0 11664 68 0 0 0 0 0 152 68 0 0 0 0
 253      10 dm-10 165 0 16624 372 0 0 0 0 1 440 372 0 0 0 0
 253      11 dm-11 481 0 70280 1108 0 0 0 0 0 1176 1108 0 0 0 0
 253      12 dm-12 0 0 0 0 0 0 0 0 0 0 0 0 0 0 0
 253      13 dm-13 93 0 14608 484 0 0 0 0 0 168 484 0 0 0 0
 253      14 dm-14 0 0 0 0 0 0 0 0 0 0 0 0 0 0 0
 253      15 dm-15 22 0 1800 4 0 0 0 0 0 52 4 0 0 0 0
 253      16 dm-16 0 0 0 0 0 0 0 0 0 0 0 0 0 0 0
 253      17 dm-17 0 0 0 0 0 0 0 0 0 0 0 0 0 0 0
 253      18 dm-18 41 0 6488 68 0 0 0 0 0 120 68 0 0 0 0
 253      19 dm-19 69 0 9112 204 0 0 0 0 0 248 204 0 0 0 0
 253      20 dm-20 365 0 36872 772 0 0 0 0 0 1060 772 0 0 0 0
 253      21 dm-21 23 0 824 8 0 0 0 0 0 60 8 0 0 0 0
 253      22 dm-22 16 0 392 88 0 0 0 0 0 68 88 0 0 0 0
 253      23 dm-23 0 0 0 0 0 0 0 0 0 0 0 0 0 0 0
 253      24 dm-24 15 0 208 4 0 0 0 0 0 36 4 0 0 0 0
 253      25 dm-25 5 0 40 8 0 0 0 0 0 20 8 0 0 0 0
 253      26 dm-26 87 0 17152 112 0 0 0 0 0 120 112 0 0 0 0
 253      27 dm-27 0 0 0 0 0 0 0 0 0 0 0 0 0 0 0
 253      28 dm-28 2552 0 25952 3048 0 0 0 0 0 352 3048 0 0 0 0
 253      29 dm-29 0 0 0 0 0 0 0 0 0 0 0 0 0 0 0
 253      30 dm-30 0 0 0 0 0 0 0 0 0 0 0 0 0 0 0
 253      31 dm-31 0 0 0 0 0 0 0 0 0 0 0 0 0 0 0
 253      32 dm-32 90 0 9256 212 0 0 0 0 0 392 212 0 0 0 0
 253      33 dm-33 0 0 0 0 0 0 0 0 0 0 0 0 0 0 0
 253      34 dm-34 26 0 2120 76 0 0 0 0 0 72 76 0 0 0 0
 253      35 dm-35 48 0 5840 72 0 0 0 0 0 100 72 0 0 0 0
 253      36 dm-36 89 0 9952 152 0 0 0 0 0 244 152 0 0 0 0
 253      37 dm-37 0 0 0 0 0 0 0 0 0 0 0 0 0 0 0
 253      38 dm-38 20 0 1384 16 0 0 0 0 0 76 16 0 0 0 0
 253      39 dm-39 34 0 2952 36 0 0 0 0 0 84 36 0 0 0 0
 253      40 dm-40 0 0 0 0 0 0 0 0 0 0 0 0 0 0 0
 253      41 dm-41 0 0 0 0 0 0 0 0 0 0 0 0 0 0 0
 253      42 dm-42 0 0 0 0 0 0 0 0 0 0 0 0 0 0 0
 253      43 dm-43 7005 0 279160 7136 765 0 12120 840 1 6692 7976 0 0 0 0

2949
   1       0 ram0 0 0 0 0 0 0 0 0 0 0 0 0 0 0 0
   1       1 ram1 0 0 0 0 0 0 0 0 0 0 0 0 0 0 0
   1       2 ram2 0 0 0 0 0 0 0 0 0 0 0 0 0 0 0
   1       3 ram3 0 0 0 0 0 0 0 0 0 0 0 0 0 0 0
   1       4 ram4 0 0 0 0 0 0 0 0 0 0 0 0 0 0 0
   1       5 ram5 0 0 0 0 0 0 0 0 0 0 0 0 0 0 0
   1       6 ram6 0 0 0 0 0 0 0 0 0 0 0 0 0 0 0
   1       7 ram7 0 0 0 0 0 0 0 0 0 0 0 0 0 0 0
   1       8 ram8 0 0 0 0 0 0 0 0 0 0 0 0 0 0 0
   1       9 ram9 0 0 0 0 0 0 0 0 0 0 0 0 0 0 0
   1      10 ram10 0 0 0 0 0 0 0 0 0 0 0 0 0 0 0
   1      11 ram11 0 0 0 0 0 0 0 0 0 0 0 0 0 0 0
   1      12 ram12 0 0 0 0 0 0 0 0 0 0 0 0 0 0 0
   1      13 ram13 0 0 0 0 0 0 0 0 0 0 0 0 0 0 0
   1      14 ram14 0 0 0 0 0 0 0 0 0 0 0 0 0 0 0
   1      15 ram15 0 0 0 0 0 0 0 0 0 0 0 0 0 0 0
   7       0 loop0 183 0 16168 352 0 0 0 0 0 344 116 0 0 0 0
   7       8 loop1 70 0 9008 122 0 0 0 0 0 136 32 0 0 0 0
   7      16 loop2 27 0 216 13 0 0 0 0 0 32 0 0 0 0 0
   7      24 loop3 12 0 296 8 0 0 0 0 0 32 0 0 0 0 0
   7      32 loop4 36 1 3040 29 0 0 0 0 0 56 0 0 0 0 0
   7      40 loop5 220 1 27696 340 0 0 0 0 0 476 60 0 0 0 0
   7      48 loop6 17 0 744 15 0 0 0 0 0 48 0 0 0 0 0
   7      56 loop7 61 0 6856 58 0 0 0 0 0 148 0 0 0 0 0
   7      64 loop8 25 0 1408 16 0 0 0 0 0 96 0 0 0 0 0
   7      72 loop9 735 6 74728 1831 0 0 0 0 0 2044 744 0 0 0 0
   7      80 loop10 24 0 192 17 0 0 0 0 0 28 0 0 0 0 0
   7      88 loop11 32 0 2400 25 0 0 0 0 0 84 0 0 0 0 0
   7      96 loop12 564 3 70968 496 0 0 0 0 0 1100 16 0 0 0 0
   7     104 loop13 27 0 216 48 0 0 0 0 0 44 8 0 0 0 0
   7     112 loop14 15 0 280 9 0 0 0 0 0 40 0 0 0 0 0
   7     120 loop15 52 0 4752 144 0 0 0 0 0 220 76 0 0 0 0
 254       0 zram0 0 0 0 0 0 0 0 0 0 0 0 0 0 0 0
 179       0 mmcblk0 2020 1821 144350 1721 12 0 48 14 0 1592 376 0 0 0 0
 179       1 mmcblk0p1 0 0 0 0 0 0 0 0 0 0 0 0 0 0 0
 179       2 mmcblk0p2 0 0 0 0 0 0 0 0 0 0 0 0 0 0 0
 179       3 mmcblk0p3 0 0 0 0 0 0 0 0 0 0 0 0 0 0 0
 179       4 mmcblk0p4 16 0 146 3 1 0 8 0 0 12 0 0 0 0 0
 179       5 mmcblk0p5 0 0 0 0 0 0 0 0 0 0 0 0 0 0 0
 179       6 mmcblk0p6 0 0 0 0 0 0 0 0 0 0 0 0 0 0 0
 179       7 mmcblk0p7 0 0 0 0 0 0 0 0 0 0 0 0 0 0 0
 179       8 mmcblk0p8 0 0 0 0 0 0 0 0 0 0 0 0 0 0 0
 179       9 mmcblk0p9 0 0 0 0 0 0 0 0 0 0 0 0 0 0 0
 179      10 mmcblk0p10 0 0 0 0 0 0 0 0 0 0 0 0 0 0 0
 179      11 mmcblk0p11 0 0 0 0 0 0 0 0 0 0 0 0 0 0 0
 179      12 mmcblk0p12 0 0 0 0 0 0 0 0 0 0 0 0 0 0 0
 179      13 mmcblk0p13 0 0 0 0 0 0 0 0 0 0 0 0 0 0 0
 179      14 mmcblk0p14 0 0 0 0 0 0 0 0 0 0 0 0 0 0 0
 179      15 mmcblk0p15 0 0 0 0 0 0 0 0 0 0 0 0 0 0 0
 179      16 mmcblk0p16 0 0 0 0 0 0 0 0 0 0 0 0 0 0 0
 179      17 mmcblk0p17 0 0 0 0 0 0 0 0 0 0 0 0 0 0 0
 179      18 mmcblk0p18 0 0 0 0 0 0 0 0 0 0 0 0 0 0 0
 179      19 mmcblk0p19 0 0 0 0 0 0 0 0 0 0 0 0 0 0 0
 179      20 mmcblk0p20 0 0 0 0 0 0 0 0 0 0 0 0 0 0 0
 179      21 mmcblk0p21 54 57 111 17 0 0 0 0 0 28 0 0 0 0 0
 179      22 mmcblk0p22 0 0 0 0 0 0 0 0 0 0 0 0 0 0 0
 179      23 mmcblk0p23 33 6 330 14 0 0 0 0 0 12 0 0 0 0 0
 179      24 mmcblk0p24 0 0 0 0 0 0 0 0 0 0 0 0 0 0 0
 179      25 mmcblk0p25 0 0 0 0 0 0 0 0 0 0 0 0 0 0 0
 179      26 mmcblk0p26 0 0 0 0 0 0 0 0 0 0 0 0 0 0 0
 179      27 mmcblk0p27 0 0 0 0 0 0 0 0 0 0 0 0 0 0 0
 179      28 mmcblk0p28 0 0 0 0 0 0 0 0 0 0 0 0 0 0 0
 179      29 mmcblk0p29 0 0 0 0 0 0 0 0 0 0 0 0 0 0 0
 179      30 mmcblk0p30 0 0 0 0 0 0 0 0 0 0 0 0 0 0 0
 179      31 mmcblk0p31 0 0 0 0 0 0 0 0 0 0 0 0 0 0 0
 259       0 mmcblk0p32 9 0 65 1 0 0 0 0 0 12 0 0 0 0 0
 259       1 mmcblk0p33 0 0 0 0 0 0 0 0 0 0 0 0 0 0 0
 259       2 mmcblk0p34 0 0 0 0 0 0 0 0 0 0 0 0 0 0 0
 259       3 mmcblk0p35 0 0 0 0 0 0 0 0 0 0 0 0 0 0 0
 259       4 mmcblk0p36 0 0 0 0 0 0 0 0 0 0 0 0 0 0 0
 259       5 mmcblk0p37 0 0 0 0 0 0 0 0 0 0 0 0 0 0 0
 259       6 mmcblk0p38 0 0 0 0 0 0 0 0 0 0 0 0 0 0 0
 259       7 mmcblk0p39 0 0 0 0 0 0 0 0 0 0 0 0 0 0 0
 259       8 mmcblk0p40 0 0 0 0 0 0 0 0 0 0 0 0 0 0 0
 259       9 mmcblk0p41 0 0 0 0 0 0 0 0 0 0 0 0 0 0 0
 259      10 mmcblk0p42 0 0 0 0 0 0 0 0 0 0 0 0 0 0 0
 259      11 mmcblk0p43 0 0 0 0 0 0 0 0 0 0 0 0 0 0 0
 259      12 mmcblk0p44 0 0 0 0 0 0 0 0 0 0 0 0 0 0 0
 259      13 mmcblk0p45 0 0 0 0 0 0 0 0 0 0 0 0 0 0 0
 259      14 mmcblk0p46 0 0 0 0 0 0 0 0 0 0 0 0 0 0 0
 259      15 mmcblk0p47 0 0 0 0 0 0 0 0 0 0 0 0 0 0 0
 259      16 mmcblk0p48 0 0 0 0 0 0 0 0 0 0 0 0 0 0 0
 259      17 mmcblk0p49 0 0 0 0 0 0 0 0 0 0 0 0 0 0 0
 259      18 mmcblk0p50 0 0 0 0 0 0 0 0 0 0 0 0 0 0 0
 259      19 mmcblk0p51 0 0 0 0 0 0 0 0 0 0 0 0 0 0 0
 259      20 mmcblk0p52 0 0 0 0 0 0 0 0 0 0 0 0 0 0 0
 259      21 mmcblk0p53 0 0 0 0 0 0 0 0 0 0 0 0 0 0 0
 259      22 mmcblk0p54 0 0 0 0 0 0 0 0 0 0 0 0 0 0 0
 259      23 mmcblk0p55 0 0 0 0 0 0 0 0 0 0 0 0 0 0 0
 259      24 mmcblk0p56 0 0 0 0 0 0 0 0 0 0 0 0 0 0 0
 259      25 mmcblk0p57 0 0 0 0 0 0 0 0 0 0 0 0 0 0 0
 259      26 mmcblk0p58 0 0 0 0 0 0 0 0 0 0 0 0 0 0 0
 259      27 mmcblk0p59 0 0 0 0 0 0 0 0 0 0 0 0 0 0 0
 259      28 mmcblk0p60 0 0 0 0 0 0 0 0 0 0 0 0 0 0 0
 259      29 mmcblk0p61 0 0 0 0 0 0 0 0 0 0 0 0 0 0 0
 259      30 mmcblk0p62 0 0 0 0 0 0 0 0 0 0 0 0 0 0 0
 259      31 mmcblk0p63 0 0 0 0 0 0 0 0 0 0 0 0 0 0 0
 259      32 mmcblk0p64 0 0 0 0 0 0 0 0 0 0 0 0 0 0 0
 259      33 mmcblk0p65 0 0 0 0 0 0 0 0 0 0 0 0 0 0 0
 259      34 mmcblk0p66 0 0 0 0 0 0 0 0 0 0 0 0 0 0 0
 259      35 mmcblk0p67 1851 1758 140712 1643 0 0 0 0 0 1520 360 0 0 0 0
 259      36 mmcblk0p68 1 0 128 1 0 0 0 0 0 4 0 0 0 0 0
 259      37 mmcblk0p69 0 0 0 0 0 0 0 0 0 0 0 0 0 0 0
 259      38 mmcblk0p70 0 0 0 0 0 0 0 0 0 0 0 0 0 0 0
 259      39 mmcblk0p71 0 0 0 0 0 0 0 0 0 0 0 0 0 0 0
 259      40 mmcblk0p72 47 0 2666 36 5 0 40 12 0 64 16 0 0 0 0
 259      41 mmcblk0p73 1 0 128 1 0 0 0 0 0 4 0 0 0 0 0
 259      42 mmcblk0p74 0 0 0 0 0 0 0 0 0 0 0 0 0 0 0
 259      43 mmcblk0p75 0 0 0 0 0 0 0 0 0 0 0 0 0 0 0
 259      44 mmcblk0p76 0 0 0 0 0 0 0 0 0 0 0 0 0 0 0
 259      45 mmcblk0p77 0 0 0 0 0 0 0 0 0 0 0 0 0 0 0
 259      46 mmcblk0p78 0 0 0 0 0 0 0 0 0 0 0 0 0 0 0
 259      47 mmcblk0p79 0 0 0 0 0 0 0 0 0 0 0 0 0 0 0
 259      48 mmcblk0p80 0 0 0 0 0 0 0 0 0 0 0 0 0 0 0
 253       0 dm-0 557 0 93824 908 0 0 0 0 0 648 908 0 0 0 0
 253       1 dm-1 6742 0 942880 19644 0 0 0 0 0 8124 19644 0 0 0 0
 253       2 dm-2 3313 0 233408 5648 0 0 0 0 0 3420 5648 0 0 0 0
 253       3 dm-3 3694 0 467984 6880 0 0 0 0 0 6080 6880 0 0 0 0
 253       4 dm-4 5202 0 930560 26200 0 0 0 0 0 8384 26200 0 0 0 0
 253       5 dm-5 2822 0 229480 6888 0 0 0 0 0 3612 6888 0 0 0 0
 253       6 dm-6 2876 0 461440 10268 0 0 0 0 0 6376 10268 0 0 0 0
 253       7 dm-7 341 0 92096 884 0 0 0 0 0 672 884 0 0 0 0
   7     128 loop16 19 0 536 21 0 0 0 0 0 56 8 0 0 0 0
   7     136 loop17 27 0 216 27 0 0 0 0 0 32 0 0 0 0 0
   7     144 loop18 15 0 208 16 0 0 0 0 0 52 4 0 0 0 0
   7     152 loop19 24 0 192 26 0 0 0 0 0 28 0 0 0 0 0
   7     160 loop20 42 0 3016 28 0 0 0 0 0 80 4 0 0 0 0
   7     168 loop21 24 0 1416 15 0 0 0 0 0 72 0 0 0 0 0
   7     176 loop22 73 0 7600 172 0 0 0 0 0 128 112 0 0 0 0
   7     184 loop23 102 0 10056 79 0 0 0 0 0 244 0 0 0 0 0
   7     192 loop24 31 1 2168 31 0 0 0 0 0 72 4 0 0 0 0
   7     200 loop25 2565 0 26056 2730 0 0 0 0 0 356 0 0 0 0 0
   7     208 loop26 109 0 17328 89 0 0 0 0 0 112 0 0 0 0 0
   7     216 loop27 9 0 72 4 0 0 0 0 0 20 0 0 0 0 0
   7     224 loop28 18 0 408 8 0 0 0 0 0 64 0 0 0 0 0
   7     232 loop29 85 0 9240 84 0 0 0 0 0 248 0 0 0 0 0
   7     240 loop30 28 0 864 15 0 0 0 0 0 64 0 0 0 0 0
   7     248 loop31 103 1 9368 95 0 0 0 0 0 360 8 0 0 0 0
   7     256 loop32 52 0 6576 71 0 0 0 0 0 128 20 0 0 0 0
   7     264 loop33 111 1 14760 254 0 0 0 0 0 156 124 0 0 0 0
   7     272 loop34 106 5 11816 79 0 0 0 0 0 152 0 0 0 0 0
   7     280 loop35 27 0 1840 19 0 0 0 0 0 56 0 0 0 0 0
   7     288 loop36 72 0 9048 123 0 0 0 0 0 140 44 0 0 0 0
   7     296 loop37 17 0 224 6 0 0 0 0 0 40 0 0 0 0 0
   7     304 loop38 192 1 17096 289 0 0 0 0 0 436 100 0 0 0 0
   7     312 loop39 397 14 37240 324 0 0 0 0 0 1012 8 0 0 0 0
 253       8 dm-8 0 0 0 0 0 0 0 0 0 0 0 0 0 0 0
 253       9 dm-9 92 0 11664 68 0 0 0 0 0 152 68 0 0 0 0
 253      10 dm-10 168 0 16896 396 0 0 0 0 0 452 396 0 0 0 0
 253      11 dm-11 481 0 70280 1108 0 0 0 0 0 1176 1108 0 0 0 0
 253      12 dm-12 0 0 0 0 0 0 0 0 0 0 0 0 0 0 0
 253      13 dm-13 93 0 14608 484 0 0 0 0 0 168 484 0 0 0 0
 253      14 dm-14 0 0 0 0 0 0 0 0 0 0 0 0 0 0 0
 253      15 dm-15 22 0 1800 4 0 0 0 0 0 52 4 0 0 0 0
 253      16 dm-16 0 0 0 0 0 0 0 0 0 0 0 0 0 0 0
 253      17 dm-17 0 0 0 0 0 0 0 0 0 0 0 0 0 0 0
 253      18 dm-18 41 0 6488 68 0 0 0 0 0 120 68 0 0 0 0
 253      19 dm-19 69 0 9112 204 0 0 0 0 0 248 204 0 0 0 0
 253      20 dm-20 365 0 36872 772 0 0 0 0 0 1060 772 0 0 0 0
 253      21 dm-21 23 0 824 8 0 0 0 0 0 60 8 0 0 0 0
 253      22 dm-22 16 0 392 88 0 0 0 0 0 68 88 0 0 0 0
 253      23 dm-23 0 0 0 0 0 0 0 0 0 0 0 0 0 0 0
 253      24 dm-24 15 0 208 4 0 0 0 0 0 36 4 0 0 0 0
 253      25 dm-25 5 0 40 8 0 0 0 0 0 20 8 0 0 0 0
 253      26 dm-26 87 0 17152 112 0 0 0 0 0 120 112 0 0 0 0
 253      27 dm-27 0 0 0 0 0 0 0 0 0 0 0 0 0 0 0
 253      28 dm-28 2552 0 25952 3048 0 0 0 0 0 352 3048 0 0 0 0
 253      29 dm-29 0 0 0 0 0 0 0 0 0 0 0 0 0 0 0
 253      30 dm-30 0 0 0 0 0 0 0 0 0 0 0 0 0 0 0
 253      31 dm-31 0 0 0 0 0 0 0 0 0 0 0 0 0 0 0
 253      32 dm-32 90 0 9256 212 0 0 0 0 0 392 212 0 0 0 0
 253      33 dm-33 0 0 0 0 0 0 0 0 0 0 0 0 0 0 0
 253      34 dm-34 26 0 2120 76 0 0 0 0 0 72 76 0 0 0 0
 253      35 dm-35 56 0 7464 184 0 0 0 0 0 124 184 0 0 0 0
 253      36 dm-36 89 0 9952 152 0 0 0 0 0 244 152 0 0 0 0
 253      37 dm-37 0 0 0 0 0 0 0 0 0 0 0 0 0 0 0
 253      38 dm-38 20 0 1384 16 0 0 0 0 0 76 16 0 0 0 0
 253      39 dm-39 34 0 2952 36 0 0 0 0 0 84 36 0 0 0 0
 253      40 dm-40 0 0 0 0 0 0 0 0 0 0 0 0 0 0 0
 253      41 dm-41 0 0 0 0 0 0 0 0 0 0 0 0 0 0 0
 253      42 dm-42 0 0 0 0 0 0 0 0 0 0 0 0 0 0 0
 253      43 dm-43 7082 0 281656 7708 766 0 12136 844 0 6764 8552 0 0 0 0

2977
   1       0 ram0 0 0 0 0 0 0 0 0 0 0 0 0 0 0 0
   1       1 ram1 0 0 0 0 0 0 0 0 0 0 0 0 0 0 0
   1       2 ram2 0 0 0 0 0 0 0 0 0 0 0 0 0 0 0
   1       3 ram3 0 0 0 0 0 0 0 0 0 0 0 0 0 0 0
   1       4 ram4 0 0 0 0 0 0 0 0 0 0 0 0 0 0 0
   1       5 ram5 0 0 0 0 0 0 0 0 0 0 0 0 0 0 0
   1       6 ram6 0 0 0 0 0 0 0 0 0 0 0 0 0 0 0
   1       7 ram7 0 0 0 0 0 0 0 0 0 0 0 0 0 0 0
   1       8 ram8 0 0 0 0 0 0 0 0 0 0 0 0 0 0 0
   1       9 ram9 0 0 0 0 0 0 0 0 0 0 0 0 0 0 0
   1      10 ram10 0 0 0 0 0 0 0 0 0 0 0 0 0 0 0
   1      11 ram11 0 0 0 0 0 0 0 0 0 0 0 0 0 0 0
   1      12 ram12 0 0 0 0 0 0 0 0 0 0 0 0 0 0 0
   1      13 ram13 0 0 0 0 0 0 0 0 0 0 0 0 0 0 0
   1      14 ram14 0 0 0 0 0 0 0 0 0 0 0 0 0 0 0
   1      15 ram15 0 0 0 0 0 0 0 0 0 0 0 0 0 0 0
   7       0 loop0 183 0 16168 352 0 0 0 0 0 344 116 0 0 0 0
   7       8 loop1 70 0 9008 122 0 0 0 0 0 136 32 0 0 0 0
   7      16 loop2 27 0 216 13 0 0 0 0 0 32 0 0 0 0 0
   7      24 loop3 12 0 296 8 0 0 0 0 0 32 0 0 0 0 0
   7      32 loop4 36 1 3040 29 0 0 0 0 0 56 0 0 0 0 0
   7      40 loop5 220 1 27696 340 0 0 0 0 0 476 60 0 0 0 0
   7      48 loop6 17 0 744 15 0 0 0 0 0 48 0 0 0 0 0
   7      56 loop7 61 0 6856 58 0 0 0 0 0 148 0 0 0 0 0
   7      64 loop8 25 0 1408 16 0 0 0 0 0 96 0 0 0 0 0
   7      72 loop9 735 6 74728 1831 0 0 0 0 0 2044 744 0 0 0 0
   7      80 loop10 24 0 192 17 0 0 0 0 0 28 0 0 0 0 0
   7      88 loop11 32 0 2400 25 0 0 0 0 0 84 0 0 0 0 0
   7      96 loop12 564 3 70968 496 0 0 0 0 0 1100 16 0 0 0 0
   7     104 loop13 27 0 216 48 0 0 0 0 0 44 8 0 0 0 0
   7     112 loop14 15 0 280 9 0 0 0 0 0 40 0 0 0 0 0
   7     120 loop15 52 0 4752 144 0 0 0 0 0 220 76 0 0 0 0
 254       0 zram0 0 0 0 0 0 0 0 0 0 0 0 0 0 0 0
 179       0 mmcblk0 2020 1821 144350 1721 12 0 48 14 0 1592 376 0 0 0 0
 179       1 mmcblk0p1 0 0 0 0 0 0 0 0 0 0 0 0 0 0 0
 179       2 mmcblk0p2 0 0 0 0 0 0 0 0 0 0 0 0 0 0 0
 179       3 mmcblk0p3 0 0 0 0 0 0 0 0 0 0 0 0 0 0 0
 179       4 mmcblk0p4 16 0 146 3 1 0 8 0 0 12 0 0 0 0 0
 179       5 mmcblk0p5 0 0 0 0 0 0 0 0 0 0 0 0 0 0 0
 179       6 mmcblk0p6 0 0 0 0 0 0 0 0 0 0 0 0 0 0 0
 179       7 mmcblk0p7 0 0 0 0 0 0 0 0 0 0 0 0 0 0 0
 179       8 mmcblk0p8 0 0 0 0 0 0 0 0 0 0 0 0 0 0 0
 179       9 mmcblk0p9 0 0 0 0 0 0 0 0 0 0 0 0 0 0 0
 179      10 mmcblk0p10 0 0 0 0 0 0 0 0 0 0 0 0 0 0 0
 179      11 mmcblk0p11 0 0 0 0 0 0 0 0 0 0 0 0 0 0 0
 179      12 mmcblk0p12 0 0 0 0 0 0 0 0 0 0 0 0 0 0 0
 179      13 mmcblk0p13 0 0 0 0 0 0 0 0 0 0 0 0 0 0 0
 179      14 mmcblk0p14 0 0 0 0 0 0 0 0 0 0 0 0 0 0 0
 179      15 mmcblk0p15 0 0 0 0 0 0 0 0 0 0 0 0 0 0 0
 179      16 mmcblk0p16 0 0 0 0 0 0 0 0 0 0 0 0 0 0 0
 179      17 mmcblk0p17 0 0 0 0 0 0 0 0 0 0 0 0 0 0 0
 179      18 mmcblk0p18 0 0 0 0 0 0 0 0 0 0 0 0 0 0 0
 179      19 mmcblk0p19 0 0 0 0 0 0 0 0 0 0 0 0 0 0 0
 179      20 mmcblk0p20 0 0 0 0 0 0 0 0 0 0 0 0 0 0 0
 179      21 mmcblk0p21 54 57 111 17 0 0 0 0 0 28 0 0 0 0 0
 179      22 mmcblk0p22 0 0 0 0 0 0 0 0 0 0 0 0 0 0 0
 179      23 mmcblk0p23 33 6 330 14 0 0 0 0 0 12 0 0 0 0 0
 179      24 mmcblk0p24 0 0 0 0 0 0 0 0 0 0 0 0 0 0 0
 179      25 mmcblk0p25 0 0 0 0 0 0 0 0 0 0 0 0 0 0 0
 179      26 mmcblk0p26 0 0 0 0 0 0 0 0 0 0 0 0 0 0 0
 179      27 mmcblk0p27 0 0 0 0 0 0 0 0 0 0 0 0 0 0 0
 179      28 mmcblk0p28 0 0 0 0 0 0 0 0 0 0 0 0 0 0 0
 179      29 mmcblk0p29 0 0 0 0 0 0 0 0 0 0 0 0 0 0 0
 179      30 mmcblk0p30 0 0 0 0 0 0 0 0 0 0 0 0 0 0 0
 179      31 mmcblk0p31 0 0 0 0 0 0 0 0 0 0 0 0 0 0 0
 259       0 mmcblk0p32 9 0 65 1 0 0 0 0 0 12 0 0 0 0 0
 259       1 mmcblk0p33 0 0 0 0 0 0 0 0 0 0 0 0 0 0 0
 259       2 mmcblk0p34 0 0 0 0 0 0 0 0 0 0 0 0 0 0 0
 259       3 mmcblk0p35 0 0 0 0 0 0 0 0 0 0 0 0 0 0 0
 259       4 mmcblk0p36 0 0 0 0 0 0 0 0 0 0 0 0 0 0 0
 259       5 mmcblk0p37 0 0 0 0 0 0 0 0 0 0 0 0 0 0 0
 259       6 mmcblk0p38 0 0 0 0 0 0 0 0 0 0 0 0 0 0 0
 259       7 mmcblk0p39 0 0 0 0 0 0 0 0 0 0 0 0 0 0 0
 259       8 mmcblk0p40 0 0 0 0 0 0 0 0 0 0 0 0 0 0 0
 259       9 mmcblk0p41 0 0 0 0 0 0 0 0 0 0 0 0 0 0 0
 259      10 mmcblk0p42 0 0 0 0 0 0 0 0 0 0 0 0 0 0 0
 259      11 mmcblk0p43 0 0 0 0 0 0 0 0 0 0 0 0 0 0 0
 259      12 mmcblk0p44 0 0 0 0 0 0 0 0 0 0 0 0 0 0 0
 259      13 mmcblk0p45 0 0 0 0 0 0 0 0 0 0 0 0 0 0 0
 259      14 mmcblk0p46 0 0 0 0 0 0 0 0 0 0 0 0 0 0 0
 259      15 mmcblk0p47 0 0 0 0 0 0 0 0 0 0 0 0 0 0 0
 259      16 mmcblk0p48 0 0 0 0 0 0 0 0 0 0 0 0 0 0 0
 259      17 mmcblk0p49 0 0 0 0 0 0 0 0 0 0 0 0 0 0 0
 259      18 mmcblk0p50 0 0 0 0 0 0 0 0 0 0 0 0 0 0 0
 259      19 mmcblk0p51 0 0 0 0 0 0 0 0 0 0 0 0 0 0 0
 259      20 mmcblk0p52 0 0 0 0 0 0 0 0 0 0 0 0 0 0 0
 259      21 mmcblk0p53 0 0 0 0 0 0 0 0 0 0 0 0 0 0 0
 259      22 mmcblk0p54 0 0 0 0 0 0 0 0 0 0 0 0 0 0 0
 259      23 mmcblk0p55 0 0 0 0 0 0 0 0 0 0 0 0 0 0 0
 259      24 mmcblk0p56 0 0 0 0 0 0 0 0 0 0 0 0 0 0 0
 259      25 mmcblk0p57 0 0 0 0 0 0 0 0 0 0 0 0 0 0 0
 259      26 mmcblk0p58 0 0 0 0 0 0 0 0 0 0 0 0 0 0 0
 259      27 mmcblk0p59 0 0 0 0 0 0 0 0 0 0 0 0 0 0 0
 259      28 mmcblk0p60 0 0 0 0 0 0 0 0 0 0 0 0 0 0 0
 259      29 mmcblk0p61 0 0 0 0 0 0 0 0 0 0 0 0 0 0 0
 259      30 mmcblk0p62 0 0 0 0 0 0 0 0 0 0 0 0 0 0 0
 259      31 mmcblk0p63 0 0 0 0 0 0 0 0 0 0 0 0 0 0 0
 259      32 mmcblk0p64 0 0 0 0 0 0 0 0 0 0 0 0 0 0 0
 259      33 mmcblk0p65 0 0 0 0 0 0 0 0 0 0 0 0 0 0 0
 259      34 mmcblk0p66 0 0 0 0 0 0 0 0 0 0 0 0 0 0 0
 259      35 mmcblk0p67 1851 1758 140712 1643 0 0 0 0 0 1520 360 0 0 0 0
 259      36 mmcblk0p68 1 0 128 1 0 0 0 0 0 4 0 0 0 0 0
 259      37 mmcblk0p69 0 0 0 0 0 0 0 0 0 0 0 0 0 0 0
 259      38 mmcblk0p70 0 0 0 0 0 0 0 0 0 0 0 0 0 0 0
 259      39 mmcblk0p71 0 0 0 0 0 0 0 0 0 0 0 0 0 0 0
 259      40 mmcblk0p72 47 0 2666 36 5 0 40 12 0 64 16 0 0 0 0
 259      41 mmcblk0p73 1 0 128 1 0 0 0 0 0 4 0 0 0 0 0
 259      42 mmcblk0p74 0 0 0 0 0 0 0 0 0 0 0 0 0 0 0
 259      43 mmcblk0p75 0 0 0 0 0 0 0 0 0 0 0 0 0 0 0
 259      44 mmcblk0p76 0 0 0 0 0 0 0 0 0 0 0 0 0 0 0
 259      45 mmcblk0p77 0 0 0 0 0 0 0 0 0 0 0 0 0 0 0
 259      46 mmcblk0p78 0 0 0 0 0 0 0 0 0 0 0 0 0 0 0
 259      47 mmcblk0p79 0 0 0 0 0 0 0 0 0 0 0 0 0 0 0
 259      48 mmcblk0p80 0 0 0 0 0 0 0 0 0 0 0 0 0 0 0
 253       0 dm-0 557 0 93824 908 0 0 0 0 0 648 908 0 0 0 0
 253       1 dm-1 6743 0 943272 19644 0 0 0 0 0 8128 19644 0 0 0 0
 253       2 dm-2 3323 0 234520 5672 0 0 0 0 1 3440 5672 0 0 0 0
 253       3 dm-3 3694 0 467984 6880 0 0 0 0 0 6080 6880 0 0 0 0
 253       4 dm-4 5203 0 930952 26204 0 0 0 0 0 8392 26204 0 0 0 0
 253       5 dm-5 2832 0 230592 6908 0 0 0 0 2 3628 6908 0 0 0 0
 253       6 dm-6 2876 0 461440 10268 0 0 0 0 0 6376 10268 0 0 0 0
 253       7 dm-7 341 0 92096 884 0 0 0 0 0 672 884 0 0 0 0
   7     128 loop16 19 0 536 21 0 0 0 0 0 56 8 0 0 0 0
   7     136 loop17 27 0 216 27 0 0 0 0 0 32 0 0 0 0 0
   7     144 loop18 15 0 208 16 0 0 0 0 0 52 4 0 0 0 0
   7     152 loop19 24 0 192 26 0 0 0 0 0 28 0 0 0 0 0
   7     160 loop20 42 0 3016 28 0 0 0 0 0 80 4 0 0 0 0
   7     168 loop21 24 0 1416 15 0 0 0 0 0 72 0 0 0 0 0
   7     176 loop22 73 0 7600 172 0 0 0 0 0 128 112 0 0 0 0
   7     184 loop23 102 0 10056 79 0 0 0 0 0 244 0 0 0 0 0
   7     192 loop24 31 1 2168 31 0 0 0 0 0 72 4 0 0 0 0
   7     200 loop25 2565 0 26056 2730 0 0 0 0 0 356 0 0 0 0 0
   7     208 loop26 109 0 17328 89 0 0 0 0 0 112 0 0 0 0 0
   7     216 loop27 9 0 72 4 0 0 0 0 0 20 0 0 0 0 0
   7     224 loop28 18 0 408 8 0 0 0 0 0 64 0 0 0 0 0
   7     232 loop29 85 0 9240 84 0 0 0 0 0 248 0 0 0 0 0
   7     240 loop30 28 0 864 15 0 0 0 0 0 64 0 0 0 0 0
   7     248 loop31 103 1 9368 95 0 0 0 0 0 360 8 0 0 0 0
   7     256 loop32 52 0 6576 71 0 0 0 0 0 128 20 0 0 0 0
   7     264 loop33 111 1 14760 254 0 0 0 0 0 156 124 0 0 0 0
   7     272 loop34 106 5 11816 79 0 0 0 0 0 152 0 0 0 0 0
   7     280 loop35 27 0 1840 19 0 0 0 0 0 56 0 0 0 0 0
   7     288 loop36 72 0 9048 123 0 0 0 0 0 140 44 0 0 0 0
   7     296 loop37 17 0 224 6 0 0 0 0 0 40 0 0 0 0 0
   7     304 loop38 192 1 17096 289 0 0 0 0 0 436 100 0 0 0 0
   7     312 loop39 397 14 37240 324 0 0 0 0 0 1012 8 0 0 0 0
 253       8 dm-8 0 0 0 0 0 0 0 0 0 0 0 0 0 0 0
 253       9 dm-9 92 0 11664 68 0 0 0 0 0 152 68 0 0 0 0
 253      10 dm-10 168 0 16896 396 0 0 0 0 0 452 396 0 0 0 0
 253      11 dm-11 481 0 70280 1108 0 0 0 0 0 1176 1108 0 0 0 0
 253      12 dm-12 0 0 0 0 0 0 0 0 0 0 0 0 0 0 0
 253      13 dm-13 93 0 14608 484 0 0 0 0 0 168 484 0 0 0 0
 253      14 dm-14 0 0 0 0 0 0 0 0 0 0 0 0 0 0 0
 253      15 dm-15 22 0 1800 4 0 0 0 0 0 52 4 0 0 0 0
 253      16 dm-16 0 0 0 0 0 0 0 0 0 0 0 0 0 0 0
 253      17 dm-17 0 0 0 0 0 0 0 0 0 0 0 0 0 0 0
 253      18 dm-18 41 0 6488 68 0 0 0 0 0 120 68 0 0 0 0
 253      19 dm-19 69 0 9112 204 0 0 0 0 0 248 204 0 0 0 0
 253      20 dm-20 365 0 36872 772 0 0 0 0 0 1060 772 0 0 0 0
 253      21 dm-21 23 0 824 8 0 0 0 0 0 60 8 0 0 0 0
 253      22 dm-22 16 0 392 88 0 0 0 0 0 68 88 0 0 0 0
 253      23 dm-23 0 0 0 0 0 0 0 0 0 0 0 0 0 0 0
 253      24 dm-24 15 0 208 4 0 0 0 0 0 36 4 0 0 0 0
 253      25 dm-25 5 0 40 8 0 0 0 0 0 20 8 0 0 0 0
 253      26 dm-26 87 0 17152 112 0 0 0 0 0 120 112 0 0 0 0
 253      27 dm-27 0 0 0 0 0 0 0 0 0 0 0 0 0 0 0
 253      28 dm-28 2552 0 25952 3048 0 0 0 0 0 352 3048 0 0 0 0
 253      29 dm-29 0 0 0 0 0 0 0 0 0 0 0 0 0 0 0
 253      30 dm-30 0 0 0 0 0 0 0 0 0 0 0 0 0 0 0
 253      31 dm-31 0 0 0 0 0 0 0 0 0 0 0 0 0 0 0
 253      32 dm-32 90 0 9256 212 0 0 0 0 0 392 212 0 0 0 0
 253      33 dm-33 0 0 0 0 0 0 0 0 0 0 0 0 0 0 0
 253      34 dm-34 26 0 2120 76 0 0 0 0 0 72 76 0 0 0 0
 253      35 dm-35 56 0 7464 184 0 0 0 0 0 124 184 0 0 0 0
 253      36 dm-36 89 0 9952 152 0 0 0 0 0 244 152 0 0 0 0
 253      37 dm-37 0 0 0 0 0 0 0 0 0 0 0 0 0 0 0
 253      38 dm-38 20 0 1384 16 0 0 0 0 0 76 16 0 0 0 0
 253      39 dm-39 34 0 2952 36 0 0 0 0 0 84 36 0 0 0 0
 253      40 dm-40 0 0 0 0 0 0 0 0 0 0 0 0 0 0 0
 253      41 dm-41 0 0 0 0 0 0 0 0 0 0 0 0 0 0 0
 253      42 dm-42 0 0 0 0 0 0 0 0 0 0 0 0 0 0 0
 253      43 dm-43 7082 0 281656 7708 769 0 12152 844 0 6768 8552 0 0 0 0

3008
   1       0 ram0 0 0 0 0 0 0 0 0 0 0 0 0 0 0 0
   1       1 ram1 0 0 0 0 0 0 0 0 0 0 0 0 0 0 0
   1       2 ram2 0 0 0 0 0 0 0 0 0 0 0 0 0 0 0
   1       3 ram3 0 0 0 0 0 0 0 0 0 0 0 0 0 0 0
   1       4 ram4 0 0 0 0 0 0 0 0 0 0 0 0 0 0 0
   1       5 ram5 0 0 0 0 0 0 0 0 0 0 0 0 0 0 0
   1       6 ram6 0 0 0 0 0 0 0 0 0 0 0 0 0 0 0
   1       7 ram7 0 0 0 0 0 0 0 0 0 0 0 0 0 0 0
   1       8 ram8 0 0 0 0 0 0 0 0 0 0 0 0 0 0 0
   1       9 ram9 0 0 0 0 0 0 0 0 0 0 0 0 0 0 0
   1      10 ram10 0 0 0 0 0 0 0 0 0 0 0 0 0 0 0
   1      11 ram11 0 0 0 0 0 0 0 0 0 0 0 0 0 0 0
   1      12 ram12 0 0 0 0 0 0 0 0 0 0 0 0 0 0 0
   1      13 ram13 0 0 0 0 0 0 0 0 0 0 0 0 0 0 0
   1      14 ram14 0 0 0 0 0 0 0 0 0 0 0 0 0 0 0
   1      15 ram15 0 0 0 0 0 0 0 0 0 0 0 0 0 0 0
   7       0 loop0 183 0 16168 352 0 0 0 0 0 344 116 0 0 0 0
   7       8 loop1 70 0 9008 122 0 0 0 0 0 136 32 0 0 0 0
   7      16 loop2 27 0 216 13 0 0 0 0 0 32 0 0 0 0 0
   7      24 loop3 12 0 296 8 0 0 0 0 0 32 0 0 0 0 0
   7      32 loop4 36 1 3040 29 0 0 0 0 0 56 0 0 0 0 0
   7      40 loop5 220 1 27696 340 0 0 0 0 0 476 60 0 0 0 0
   7      48 loop6 17 0 744 15 0 0 0 0 0 48 0 0 0 0 0
   7      56 loop7 61 0 6856 58 0 0 0 0 0 148 0 0 0 0 0
   7      64 loop8 25 0 1408 16 0 0 0 0 0 96 0 0 0 0 0
   7      72 loop9 735 6 74728 1831 0 0 0 0 0 2044 744 0 0 0 0
   7      80 loop10 24 0 192 17 0 0 0 0 0 28 0 0 0 0 0
   7      88 loop11 32 0 2400 25 0 0 0 0 0 84 0 0 0 0 0
   7      96 loop12 566 3 71288 506 0 0 0 0 0 1112 20 0 0 0 0
   7     104 loop13 27 0 216 48 0 0 0 0 0 44 8 0 0 0 0
   7     112 loop14 15 0 280 9 0 0 0 0 0 40 0 0 0 0 0
   7     120 loop15 52 0 4752 144 0 0 0 0 0 220 76 0 0 0 0
 254       0 zram0 0 0 0 0 0 0 0 0 0 0 0 0 0 0 0
 179       0 mmcblk0 2020 1821 144350 1721 12 0 48 14 0 1592 376 0 0 0 0
 179       1 mmcblk0p1 0 0 0 0 0 0 0 0 0 0 0 0 0 0 0
 179       2 mmcblk0p2 0 0 0 0 0 0 0 0 0 0 0 0 0 0 0
 179       3 mmcblk0p3 0 0 0 0 0 0 0 0 0 0 0 0 0 0 0
 179       4 mmcblk0p4 16 0 146 3 1 0 8 0 0 12 0 0 0 0 0
 179       5 mmcblk0p5 0 0 0 0 0 0 0 0 0 0 0 0 0 0 0
 179       6 mmcblk0p6 0 0 0 0 0 0 0 0 0 0 0 0 0 0 0
 179       7 mmcblk0p7 0 0 0 0 0 0 0 0 0 0 0 0 0 0 0
 179       8 mmcblk0p8 0 0 0 0 0 0 0 0 0 0 0 0 0 0 0
 179       9 mmcblk0p9 0 0 0 0 0 0 0 0 0 0 0 0 0 0 0
 179      10 mmcblk0p10 0 0 0 0 0 0 0 0 0 0 0 0 0 0 0
 179      11 mmcblk0p11 0 0 0 0 0 0 0 0 0 0 0 0 0 0 0
 179      12 mmcblk0p12 0 0 0 0 0 0 0 0 0 0 0 0 0 0 0
 179      13 mmcblk0p13 0 0 0 0 0 0 0 0 0 0 0 0 0 0 0
 179      14 mmcblk0p14 0 0 0 0 0 0 0 0 0 0 0 0 0 0 0
 179      15 mmcblk0p15 0 0 0 0 0 0 0 0 0 0 0 0 0 0 0
 179      16 mmcblk0p16 0 0 0 0 0 0 0 0 0 0 0 0 0 0 0
 179      17 mmcblk0p17 0 0 0 0 0 0 0 0 0 0 0 0 0 0 0
 179      18 mmcblk0p18 0 0 0 0 0 0 0 0 0 0 0 0 0 0 0
 179      19 mmcblk0p19 0 0 0 0 0 0 0 0 0 0 0 0 0 0 0
 179      20 mmcblk0p20 0 0 0 0 0 0 0 0 0 0 0 0 0 0 0
 179      21 mmcblk0p21 54 57 111 17 0 0 0 0 0 28 0 0 0 0 0
 179      22 mmcblk0p22 0 0 0 0 0 0 0 0 0 0 0 0 0 0 0
 179      23 mmcblk0p23 33 6 330 14 0 0 0 0 0 12 0 0 0 0 0
 179      24 mmcblk0p24 0 0 0 0 0 0 0 0 0 0 0 0 0 0 0
 179      25 mmcblk0p25 0 0 0 0 0 0 0 0 0 0 0 0 0 0 0
 179      26 mmcblk0p26 0 0 0 0 0 0 0 0 0 0 0 0 0 0 0
 179      27 mmcblk0p27 0 0 0 0 0 0 0 0 0 0 0 0 0 0 0
 179      28 mmcblk0p28 0 0 0 0 0 0 0 0 0 0 0 0 0 0 0
 179      29 mmcblk0p29 0 0 0 0 0 0 0 0 0 0 0 0 0 0 0
 179      30 mmcblk0p30 0 0 0 0 0 0 0 0 0 0 0 0 0 0 0
 179      31 mmcblk0p31 0 0 0 0 0 0 0 0 0 0 0 0 0 0 0
 259       0 mmcblk0p32 9 0 65 1 0 0 0 0 0 12 0 0 0 0 0
 259       1 mmcblk0p33 0 0 0 0 0 0 0 0 0 0 0 0 0 0 0
 259       2 mmcblk0p34 0 0 0 0 0 0 0 0 0 0 0 0 0 0 0
 259       3 mmcblk0p35 0 0 0 0 0 0 0 0 0 0 0 0 0 0 0
 259       4 mmcblk0p36 0 0 0 0 0 0 0 0 0 0 0 0 0 0 0
 259       5 mmcblk0p37 0 0 0 0 0 0 0 0 0 0 0 0 0 0 0
 259       6 mmcblk0p38 0 0 0 0 0 0 0 0 0 0 0 0 0 0 0
 259       7 mmcblk0p39 0 0 0 0 0 0 0 0 0 0 0 0 0 0 0
 259       8 mmcblk0p40 0 0 0 0 0 0 0 0 0 0 0 0 0 0 0
 259       9 mmcblk0p41 0 0 0 0 0 0 0 0 0 0 0 0 0 0 0
 259      10 mmcblk0p42 0 0 0 0 0 0 0 0 0 0 0 0 0 0 0
 259      11 mmcblk0p43 0 0 0 0 0 0 0 0 0 0 0 0 0 0 0
 259      12 mmcblk0p44 0 0 0 0 0 0 0 0 0 0 0 0 0 0 0
 259      13 mmcblk0p45 0 0 0 0 0 0 0 0 0 0 0 0 0 0 0
 259      14 mmcblk0p46 0 0 0 0 0 0 0 0 0 0 0 0 0 0 0
 259      15 mmcblk0p47 0 0 0 0 0 0 0 0 0 0 0 0 0 0 0
 259      16 mmcblk0p48 0 0 0 0 0 0 0 0 0 0 0 0 0 0 0
 259      17 mmcblk0p49 0 0 0 0 0 0 0 0 0 0 0 0 0 0 0
 259      18 mmcblk0p50 0 0 0 0 0 0 0 0 0 0 0 0 0 0 0
 259      19 mmcblk0p51 0 0 0 0 0 0 0 0 0 0 0 0 0 0 0
 259      20 mmcblk0p52 0 0 0 0 0 0 0 0 0 0 0 0 0 0 0
 259      21 mmcblk0p53 0 0 0 0 0 0 0 0 0 0 0 0 0 0 0
 259      22 mmcblk0p54 0 0 0 0 0 0 0 0 0 0 0 0 0 0 0
 259      23 mmcblk0p55 0 0 0 0 0 0 0 0 0 0 0 0 0 0 0
 259      24 mmcblk0p56 0 0 0 0 0 0 0 0 0 0 0 0 0 0 0
 259      25 mmcblk0p57 0 0 0 0 0 0 0 0 0 0 0 0 0 0 0
 259      26 mmcblk0p58 0 0 0 0 0 0 0 0 0 0 0 0 0 0 0
 259      27 mmcblk0p59 0 0 0 0 0 0 0 0 0 0 0 0 0 0 0
 259      28 mmcblk0p60 0 0 0 0 0 0 0 0 0 0 0 0 0 0 0
 259      29 mmcblk0p61 0 0 0 0 0 0 0 0 0 0 0 0 0 0 0
 259      30 mmcblk0p62 0 0 0 0 0 0 0 0 0 0 0 0 0 0 0
 259      31 mmcblk0p63 0 0 0 0 0 0 0 0 0 0 0 0 0 0 0
 259      32 mmcblk0p64 0 0 0 0 0 0 0 0 0 0 0 0 0 0 0
 259      33 mmcblk0p65 0 0 0 0 0 0 0 0 0 0 0 0 0 0 0
 259      34 mmcblk0p66 0 0 0 0 0 0 0 0 0 0 0 0 0 0 0
 259      35 mmcblk0p67 1851 1758 140712 1643 0 0 0 0 0 1520 360 0 0 0 0
 259      36 mmcblk0p68 1 0 128 1 0 0 0 0 0 4 0 0 0 0 0
 259      37 mmcblk0p69 0 0 0 0 0 0 0 0 0 0 0 0 0 0 0
 259      38 mmcblk0p70 0 0 0 0 0 0 0 0 0 0 0 0 0 0 0
 259      39 mmcblk0p71 0 0 0 0 0 0 0 0 0 0 0 0 0 0 0
 259      40 mmcblk0p72 47 0 2666 36 5 0 40 12 0 64 16 0 0 0 0
 259      41 mmcblk0p73 1 0 128 1 0 0 0 0 0 4 0 0 0 0 0
 259      42 mmcblk0p74 0 0 0 0 0 0 0 0 0 0 0 0 0 0 0
 259      43 mmcblk0p75 0 0 0 0 0 0 0 0 0 0 0 0 0 0 0
 259      44 mmcblk0p76 0 0 0 0 0 0 0 0 0 0 0 0 0 0 0
 259      45 mmcblk0p77 0 0 0 0 0 0 0 0 0 0 0 0 0 0 0
 259      46 mmcblk0p78 0 0 0 0 0 0 0 0 0 0 0 0 0 0 0
 259      47 mmcblk0p79 0 0 0 0 0 0 0 0 0 0 0 0 0 0 0
 259      48 mmcblk0p80 0 0 0 0 0 0 0 0 0 0 0 0 0 0 0
 253       0 dm-0 557 0 93824 908 0 0 0 0 0 648 908 0 0 0 0
 253       1 dm-1 6792 0 964680 19776 0 0 0 0 0 8280 19776 0 0 0 0
 253       2 dm-2 3330 0 235648 5688 0 0 0 0 0 3456 5688 0 0 0 0
 253       3 dm-3 3702 0 470680 6912 0 0 0 0 0 6104 6912 0 0 0 0
 253       4 dm-4 5248 0 952328 26392 0 0 0 0 0 8544 26392 0 0 0 0
 253       5 dm-5 2839 0 231720 6936 0 0 0 0 0 3652 6936 0 0 0 0
 253       6 dm-6 2882 0 464120 10296 0 0 0 0 0 6400 10296 0 0 0 0
 253       7 dm-7 341 0 92096 884 0 0 0 0 0 672 884 0 0 0 0
   7     128 loop16 19 0 536 21 0 0 0 0 0 56 8 0 0 0 0
   7     136 loop17 27 0 216 27 0 0 0 0 0 32 0 0 0 0 0
   7     144 loop18 15 0 208 16 0 0 0 0 0 52 4 0 0 0 0
   7     152 loop19 24 0 192 26 0 0 0 0 0 28 0 0 0 0 0
   7     160 loop20 42 0 3016 28 0 0 0 0 0 80 4 0 0 0 0
   7     168 loop21 24 0 1416 15 0 0 0 0 0 72 0 0 0 0 0
   7     176 loop22 73 0 7600 172 0 0 0 0 0 128 112 0 0 0 0
   7     184 loop23 102 0 10056 79 0 0 0 0 0 244 0 0 0 0 0
   7     192 loop24 31 1 2168 31 0 0 0 0 0 72 4 0 0 0 0
   7     200 loop25 2565 0 26056 2730 0 0 0 0 0 356 0 0 0 0 0
   7     208 loop26 109 0 17328 89 0 0 0 0 0 112 0 0 0 0 0
   7     216 loop27 9 0 72 4 0 0 0 0 0 20 0 0 0 0 0
   7     224 loop28 18 0 408 8 0 0 0 0 0 64 0 0 0 0 0
   7     232 loop29 85 0 9240 84 0 0 0 0 0 248 0 0 0 0 0
   7     240 loop30 28 0 864 15 0 0 0 0 0 64 0 0 0 0 0
   7     248 loop31 103 1 9368 95 0 0 0 0 0 360 8 0 0 0 0
   7     256 loop32 52 0 6576 71 0 0 0 0 0 128 20 0 0 0 0
   7     264 loop33 111 1 14760 254 0 0 0 0 0 156 124 0 0 0 0
   7     272 loop34 106 5 11816 79 0 0 0 0 0 152 0 0 0 0 0
   7     280 loop35 27 0 1840 19 0 0 0 0 0 56 0 0 0 0 0
   7     288 loop36 72 0 9048 123 0 0 0 0 0 140 44 0 0 0 0
   7     296 loop37 17 0 224 6 0 0 0 0 0 40 0 0 0 0 0
   7     304 loop38 192 1 17096 289 0 0 0 0 0 436 100 0 0 0 0
   7     312 loop39 397 14 37240 324 0 0 0 0 0 1012 8 0 0 0 0
 253       8 dm-8 0 0 0 0 0 0 0 0 0 0 0 0 0 0 0
 253       9 dm-9 92 0 11664 68 0 0 0 0 0 152 68 0 0 0 0
 253      10 dm-10 168 0 16896 396 0 0 0 0 0 452 396 0 0 0 0
 253      11 dm-11 483 0 70600 1116 0 0 0 0 0 1188 1116 0 0 0 0
 253      12 dm-12 0 0 0 0 0 0 0 0 0 0 0 0 0 0 0
 253      13 dm-13 93 0 14608 484 0 0 0 0 0 168 484 0 0 0 0
 253      14 dm-14 0 0 0 0 0 0 0 0 0 0 0 0 0 0 0
 253      15 dm-15 22 0 1800 4 0 0 0 0 0 52 4 0 0 0 0
 253      16 dm-16 0 0 0 0 0 0 0 0 0 0 0 0 0 0 0
 253      17 dm-17 0 0 0 0 0 0 0 0 0 0 0 0 0 0 0
 253      18 dm-18 41 0 6488 68 0 0 0 0 0 120 68 0 0 0 0
 253      19 dm-19 69 0 9112 204 0 0 0 0 0 248 204 0 0 0 0
 253      20 dm-20 365 0 36872 772 0 0 0 0 0 1060 772 0 0 0 0
 253      21 dm-21 23 0 824 8 0 0 0 0 0 60 8 0 0 0 0
 253      22 dm-22 16 0 392 88 0 0 0 0 0 68 88 0 0 0 0
 253      23 dm-23 0 0 0 0 0 0 0 0 0 0 0 0 0 0 0
 253      24 dm-24 15 0 208 4 0 0 0 0 0 36 4 0 0 0 0
 253      25 dm-25 5 0 40 8 0 0 0 0 0 20 8 0 0 0 0
 253      26 dm-26 87 0 17152 112 0 0 0 0 0 120 112 0 0 0 0
 253      27 dm-27 0 0 0 0 0 0 0 0 0 0 0 0 0 0 0
 253      28 dm-28 2552 0 25952 3048 0 0 0 0 0 352 3048 0 0 0 0
 253      29 dm-29 0 0 0 0 0 0 0 0 0 0 0 0 0 0 0
 253      30 dm-30 0 0 0 0 0 0 0 0 0 0 0 0 0 0 0
 253      31 dm-31 0 0 0 0 0 0 0 0 0 0 0 0 0 0 0
 253      32 dm-32 90 0 9256 212 0 0 0 0 0 392 212 0 0 0 0
 253      33 dm-33 0 0 0 0 0 0 0 0 0 0 0 0 0 0 0
 253      34 dm-34 26 0 2120 76 0 0 0 0 0 72 76 0 0 0 0
 253      35 dm-35 56 0 7464 184 0 0 0 0 0 124 184 0 0 0 0
 253      36 dm-36 89 0 9952 152 0 0 0 0 0 244 152 0 0 0 0
 253      37 dm-37 0 0 0 0 0 0 0 0 0 0 0 0 0 0 0
 253      38 dm-38 20 0 1384 16 0 0 0 0 0 76 16 0 0 0 0
 253      39 dm-39 34 0 2952 36 0 0 0 0 0 84 36 0 0 0 0
 253      40 dm-40 0 0 0 0 0 0 0 0 0 0 0 0 0 0 0
 253      41 dm-41 0 0 0 0 0 0 0 0 0 0 0 0 0 0 0
 253      42 dm-42 0 0 0 0 0 0 0 0 0 0 0 0 0 0 0
 253      43 dm-43 7086 0 282048 7720 772 0 12176 848 0 6796 8568 0 0 0 0

3033
   1       0 ram0 0 0 0 0 0 0 0 0 0 0 0 0 0 0 0
   1       1 ram1 0 0 0 0 0 0 0 0 0 0 0 0 0 0 0
   1       2 ram2 0 0 0 0 0 0 0 0 0 0 0 0 0 0 0
   1       3 ram3 0 0 0 0 0 0 0 0 0 0 0 0 0 0 0
   1       4 ram4 0 0 0 0 0 0 0 0 0 0 0 0 0 0 0
   1       5 ram5 0 0 0 0 0 0 0 0 0 0 0 0 0 0 0
   1       6 ram6 0 0 0 0 0 0 0 0 0 0 0 0 0 0 0
   1       7 ram7 0 0 0 0 0 0 0 0 0 0 0 0 0 0 0
   1       8 ram8 0 0 0 0 0 0 0 0 0 0 0 0 0 0 0
   1       9 ram9 0 0 0 0 0 0 0 0 0 0 0 0 0 0 0
   1      10 ram10 0 0 0 0 0 0 0 0 0 0 0 0 0 0 0
   1      11 ram11 0 0 0 0 0 0 0 0 0 0 0 0 0 0 0
   1      12 ram12 0 0 0 0 0 0 0 0 0 0 0 0 0 0 0
   1      13 ram13 0 0 0 0 0 0 0 0 0 0 0 0 0 0 0
   1      14 ram14 0 0 0 0 0 0 0 0 0 0 0 0 0 0 0
   1      15 ram15 0 0 0 0 0 0 0 0 0 0 0 0 0 0 0
   7       0 loop0 183 0 16168 352 0 0 0 0 0 344 116 0 0 0 0
   7       8 loop1 70 0 9008 122 0 0 0 0 0 136 32 0 0 0 0
   7      16 loop2 27 0 216 13 0 0 0 0 0 32 0 0 0 0 0
   7      24 loop3 12 0 296 8 0 0 0 0 0 32 0 0 0 0 0
   7      32 loop4 36 1 3040 29 0 0 0 0 0 56 0 0 0 0 0
   7      40 loop5 220 1 27696 340 0 0 0 0 0 476 60 0 0 0 0
   7      48 loop6 17 0 744 15 0 0 0 0 0 48 0 0 0 0 0
   7      56 loop7 61 0 6856 58 0 0 0 0 0 148 0 0 0 0 0
   7      64 loop8 25 0 1408 16 0 0 0 0 0 96 0 0 0 0 0
   7      72 loop9 735 6 74728 1831 0 0 0 0 0 2044 744 0 0 0 0
   7      80 loop10 24 0 192 17 0 0 0 0 0 28 0 0 0 0 0
   7      88 loop11 32 0 2400 25 0 0 0 0 0 84 0 0 0 0 0
   7      96 loop12 566 3 71288 506 0 0 0 0 0 1112 20 0 0 0 0
   7     104 loop13 27 0 216 48 0 0 0 0 0 44 8 0 0 0 0
   7     112 loop14 15 0 280 9 0 0 0 0 0 40 0 0 0 0 0
   7     120 loop15 52 0 4752 144 0 0 0 0 0 220 76 0 0 0 0
 254       0 zram0 0 0 0 0 0 0 0 0 0 0 0 0 0 0 0
 179       0 mmcblk0 2020 1821 144350 1721 12 0 48 14 0 1592 376 0 0 0 0
 179       1 mmcblk0p1 0 0 0 0 0 0 0 0 0 0 0 0 0 0 0
 179       2 mmcblk0p2 0 0 0 0 0 0 0 0 0 0 0 0 0 0 0
 179       3 mmcblk0p3 0 0 0 0 0 0 0 0 0 0 0 0 0 0 0
 179       4 mmcblk0p4 16 0 146 3 1 0 8 0 0 12 0 0 0 0 0
 179       5 mmcblk0p5 0 0 0 0 0 0 0 0 0 0 0 0 0 0 0
 179       6 mmcblk0p6 0 0 0 0 0 0 0 0 0 0 0 0 0 0 0
 179       7 mmcblk0p7 0 0 0 0 0 0 0 0 0 0 0 0 0 0 0
 179       8 mmcblk0p8 0 0 0 0 0 0 0 0 0 0 0 0 0 0 0
 179       9 mmcblk0p9 0 0 0 0 0 0 0 0 0 0 0 0 0 0 0
 179      10 mmcblk0p10 0 0 0 0 0 0 0 0 0 0 0 0 0 0 0
 179      11 mmcblk0p11 0 0 0 0 0 0 0 0 0 0 0 0 0 0 0
 179      12 mmcblk0p12 0 0 0 0 0 0 0 0 0 0 0 0 0 0 0
 179      13 mmcblk0p13 0 0 0 0 0 0 0 0 0 0 0 0 0 0 0
 179      14 mmcblk0p14 0 0 0 0 0 0 0 0 0 0 0 0 0 0 0
 179      15 mmcblk0p15 0 0 0 0 0 0 0 0 0 0 0 0 0 0 0
 179      16 mmcblk0p16 0 0 0 0 0 0 0 0 0 0 0 0 0 0 0
 179      17 mmcblk0p17 0 0 0 0 0 0 0 0 0 0 0 0 0 0 0
 179      18 mmcblk0p18 0 0 0 0 0 0 0 0 0 0 0 0 0 0 0
 179      19 mmcblk0p19 0 0 0 0 0 0 0 0 0 0 0 0 0 0 0
 179      20 mmcblk0p20 0 0 0 0 0 0 0 0 0 0 0 0 0 0 0
 179      21 mmcblk0p21 54 57 111 17 0 0 0 0 0 28 0 0 0 0 0
 179      22 mmcblk0p22 0 0 0 0 0 0 0 0 0 0 0 0 0 0 0
 179      23 mmcblk0p23 33 6 330 14 0 0 0 0 0 12 0 0 0 0 0
 179      24 mmcblk0p24 0 0 0 0 0 0 0 0 0 0 0 0 0 0 0
 179      25 mmcblk0p25 0 0 0 0 0 0 0 0 0 0 0 0 0 0 0
 179      26 mmcblk0p26 0 0 0 0 0 0 0 0 0 0 0 0 0 0 0
 179      27 mmcblk0p27 0 0 0 0 0 0 0 0 0 0 0 0 0 0 0
 179      28 mmcblk0p28 0 0 0 0 0 0 0 0 0 0 0 0 0 0 0
 179      29 mmcblk0p29 0 0 0 0 0 0 0 0 0 0 0 0 0 0 0
 179      30 mmcblk0p30 0 0 0 0 0 0 0 0 0 0 0 0 0 0 0
 179      31 mmcblk0p31 0 0 0 0 0 0 0 0 0 0 0 0 0 0 0
 259       0 mmcblk0p32 9 0 65 1 0 0 0 0 0 12 0 0 0 0 0
 259       1 mmcblk0p33 0 0 0 0 0 0 0 0 0 0 0 0 0 0 0
 259       2 mmcblk0p34 0 0 0 0 0 0 0 0 0 0 0 0 0 0 0
 259       3 mmcblk0p35 0 0 0 0 0 0 0 0 0 0 0 0 0 0 0
 259       4 mmcblk0p36 0 0 0 0 0 0 0 0 0 0 0 0 0 0 0
 259       5 mmcblk0p37 0 0 0 0 0 0 0 0 0 0 0 0 0 0 0
 259       6 mmcblk0p38 0 0 0 0 0 0 0 0 0 0 0 0 0 0 0
 259       7 mmcblk0p39 0 0 0 0 0 0 0 0 0 0 0 0 0 0 0
 259       8 mmcblk0p40 0 0 0 0 0 0 0 0 0 0 0 0 0 0 0
 259       9 mmcblk0p41 0 0 0 0 0 0 0 0 0 0 0 0 0 0 0
 259      10 mmcblk0p42 0 0 0 0 0 0 0 0 0 0 0 0 0 0 0
 259      11 mmcblk0p43 0 0 0 0 0 0 0 0 0 0 0 0 0 0 0
 259      12 mmcblk0p44 0 0 0 0 0 0 0 0 0 0 0 0 0 0 0
 259      13 mmcblk0p45 0 0 0 0 0 0 0 0 0 0 0 0 0 0 0
 259      14 mmcblk0p46 0 0 0 0 0 0 0 0 0 0 0 0 0 0 0
 259      15 mmcblk0p47 0 0 0 0 0 0 0 0 0 0 0 0 0 0 0
 259      16 mmcblk0p48 0 0 0 0 0 0 0 0 0 0 0 0 0 0 0
 259      17 mmcblk0p49 0 0 0 0 0 0 0 0 0 0 0 0 0 0 0
 259      18 mmcblk0p50 0 0 0 0 0 0 0 0 0 0 0 0 0 0 0
 259      19 mmcblk0p51 0 0 0 0 0 0 0 0 0 0 0 0 0 0 0
 259      20 mmcblk0p52 0 0 0 0 0 0 0 0 0 0 0 0 0 0 0
 259      21 mmcblk0p53 0 0 0 0 0 0 0 0 0 0 0 0 0 0 0
 259      22 mmcblk0p54 0 0 0 0 0 0 0 0 0 0 0 0 0 0 0
 259      23 mmcblk0p55 0 0 0 0 0 0 0 0 0 0 0 0 0 0 0
 259      24 mmcblk0p56 0 0 0 0 0 0 0 0 0 0 0 0 0 0 0
 259      25 mmcblk0p57 0 0 0 0 0 0 0 0 0 0 0 0 0 0 0
 259      26 mmcblk0p58 0 0 0 0 0 0 0 0 0 0 0 0 0 0 0
 259      27 mmcblk0p59 0 0 0 0 0 0 0 0 0 0 0 0 0 0 0
 259      28 mmcblk0p60 0 0 0 0 0 0 0 0 0 0 0 0 0 0 0
 259      29 mmcblk0p61 0 0 0 0 0 0 0 0 0 0 0 0 0 0 0
 259      30 mmcblk0p62 0 0 0 0 0 0 0 0 0 0 0 0 0 0 0
 259      31 mmcblk0p63 0 0 0 0 0 0 0 0 0 0 0 0 0 0 0
 259      32 mmcblk0p64 0 0 0 0 0 0 0 0 0 0 0 0 0 0 0
 259      33 mmcblk0p65 0 0 0 0 0 0 0 0 0 0 0 0 0 0 0
 259      34 mmcblk0p66 0 0 0 0 0 0 0 0 0 0 0 0 0 0 0
 259      35 mmcblk0p67 1851 1758 140712 1643 0 0 0 0 0 1520 360 0 0 0 0
 259      36 mmcblk0p68 1 0 128 1 0 0 0 0 0 4 0 0 0 0 0
 259      37 mmcblk0p69 0 0 0 0 0 0 0 0 0 0 0 0 0 0 0
 259      38 mmcblk0p70 0 0 0 0 0 0 0 0 0 0 0 0 0 0 0
 259      39 mmcblk0p71 0 0 0 0 0 0 0 0 0 0 0 0 0 0 0
 259      40 mmcblk0p72 47 0 2666 36 5 0 40 12 0 64 16 0 0 0 0
 259      41 mmcblk0p73 1 0 128 1 0 0 0 0 0 4 0 0 0 0 0
 259      42 mmcblk0p74 0 0 0 0 0 0 0 0 0 0 0 0 0 0 0
 259      43 mmcblk0p75 0 0 0 0 0 0 0 0 0 0 0 0 0 0 0
 259      44 mmcblk0p76 0 0 0 0 0 0 0 0 0 0 0 0 0 0 0
 259      45 mmcblk0p77 0 0 0 0 0 0 0 0 0 0 0 0 0 0 0
 259      46 mmcblk0p78 0 0 0 0 0 0 0 0 0 0 0 0 0 0 0
 259      47 mmcblk0p79 0 0 0 0 0 0 0 0 0 0 0 0 0 0 0
 259      48 mmcblk0p80 0 0 0 0 0 0 0 0 0 0 0 0 0 0 0
 253       0 dm-0 557 0 93824 908 0 0 0 0 0 648 908 0 0 0 0
 253       1 dm-1 6921 0 1008760 19968 0 0 0 0 1 8512 19968 0 0 0 0
 253       2 dm-2 3330 0 235648 5688 0 0 0 0 0 3456 5688 0 0 0 0
 253       3 dm-3 3702 0 470680 6912 0 0 0 0 0 6104 6912 0 0 0 0
 253       4 dm-4 5334 0 996064 26628 0 0 0 0 2 8780 26628 0 0 0 0
 253       5 dm-5 2839 0 231720 6936 0 0 0 0 0 3652 6936 0 0 0 0
 253       6 dm-6 2882 0 464120 10296 0 0 0 0 0 6400 10296 0 0 0 0
 253       7 dm-7 341 0 92096 884 0 0 0 0 0 672 884 0 0 0 0
   7     128 loop16 19 0 536 21 0 0 0 0 0 56 8 0 0 0 0
   7     136 loop17 27 0 216 27 0 0 0 0 0 32 0 0 0 0 0
   7     144 loop18 15 0 208 16 0 0 0 0 0 52 4 0 0 0 0
   7     152 loop19 24 0 192 26 0 0 0 0 0 28 0 0 0 0 0
   7     160 loop20 42 0 3016 28 0 0 0 0 0 80 4 0 0 0 0
   7     168 loop21 24 0 1416 15 0 0 0 0 0 72 0 0 0 0 0
   7     176 loop22 73 0 7600 172 0 0 0 0 0 128 112 0 0 0 0
   7     184 loop23 102 0 10056 79 0 0 0 0 0 244 0 0 0 0 0
   7     192 loop24 31 1 2168 31 0 0 0 0 0 72 4 0 0 0 0
   7     200 loop25 2565 0 26056 2730 0 0 0 0 0 356 0 0 0 0 0
   7     208 loop26 109 0 17328 89 0 0 0 0 0 112 0 0 0 0 0
   7     216 loop27 9 0 72 4 0 0 0 0 0 20 0 0 0 0 0
   7     224 loop28 18 0 408 8 0 0 0 0 0 64 0 0 0 0 0
   7     232 loop29 85 0 9240 84 0 0 0 0 0 248 0 0 0 0 0
   7     240 loop30 28 0 864 15 0 0 0 0 0 64 0 0 0 0 0
   7     248 loop31 103 1 9368 95 0 0 0 0 0 360 8 0 0 0 0
   7     256 loop32 52 0 6576 71 0 0 0 0 0 128 20 0 0 0 0
   7     264 loop33 111 1 14760 254 0 0 0 0 0 156 124 0 0 0 0
   7     272 loop34 106 5 11816 79 0 0 0 0 0 152 0 0 0 0 0
   7     280 loop35 27 0 1840 19 0 0 0 0 0 56 0 0 0 0 0
   7     288 loop36 72 0 9048 123 0 0 0 0 0 140 44 0 0 0 0
   7     296 loop37 17 0 224 6 0 0 0 0 0 40 0 0 0 0 0
   7     304 loop38 192 1 17096 289 0 0 0 0 0 436 100 0 0 0 0
   7     312 loop39 397 14 37240 324 0 0 0 0 0 1012 8 0 0 0 0
 253       8 dm-8 0 0 0 0 0 0 0 0 0 0 0 0 0 0 0
 253       9 dm-9 92 0 11664 68 0 0 0 0 0 152 68 0 0 0 0
 253      10 dm-10 168 0 16896 396 0 0 0 0 0 452 396 0 0 0 0
 253      11 dm-11 483 0 70600 1116 0 0 0 0 0 1188 1116 0 0 0 0
 253      12 dm-12 0 0 0 0 0 0 0 0 0 0 0 0 0 0 0
 253      13 dm-13 93 0 14608 484 0 0 0 0 0 168 484 0 0 0 0
 253      14 dm-14 0 0 0 0 0 0 0 0 0 0 0 0 0 0 0
 253      15 dm-15 22 0 1800 4 0 0 0 0 0 52 4 0 0 0 0
 253      16 dm-16 0 0 0 0 0 0 0 0 0 0 0 0 0 0 0
 253      17 dm-17 0 0 0 0 0 0 0 0 0 0 0 0 0 0 0
 253      18 dm-18 41 0 6488 68 0 0 0 0 0 120 68 0 0 0 0
 253      19 dm-19 69 0 9112 204 0 0 0 0 0 248 204 0 0 0 0
 253      20 dm-20 365 0 36872 772 0 0 0 0 0 1060 772 0 0 0 0
 253      21 dm-21 23 0 824 8 0 0 0 0 0 60 8 0 0 0 0
 253      22 dm-22 16 0 392 88 0 0 0 0 0 68 88 0 0 0 0
 253      23 dm-23 0 0 0 0 0 0 0 0 0 0 0 0 0 0 0
 253      24 dm-24 15 0 208 4 0 0 0 0 0 36 4 0 0 0 0
 253      25 dm-25 5 0 40 8 0 0 0 0 0 20 8 0 0 0 0
 253      26 dm-26 87 0 17152 112 0 0 0 0 0 120 112 0 0 0 0
 253      27 dm-27 0 0 0 0 0 0 0 0 0 0 0 0 0 0 0
 253      28 dm-28 2552 0 25952 3048 0 0 0 0 0 352 3048 0 0 0 0
 253      29 dm-29 0 0 0 0 0 0 0 0 0 0 0 0 0 0 0
 253      30 dm-30 0 0 0 0 0 0 0 0 0 0 0 0 0 0 0
 253      31 dm-31 0 0 0 0 0 0 0 0 0 0 0 0 0 0 0
 253      32 dm-32 90 0 9256 212 0 0 0 0 0 392 212 0 0 0 0
 253      33 dm-33 0 0 0 0 0 0 0 0 0 0 0 0 0 0 0
 253      34 dm-34 26 0 2120 76 0 0 0 0 0 72 76 0 0 0 0
 253      35 dm-35 56 0 7464 184 0 0 0 0 0 124 184 0 0 0 0
 253      36 dm-36 89 0 9952 152 0 0 0 0 0 244 152 0 0 0 0
 253      37 dm-37 0 0 0 0 0 0 0 0 0 0 0 0 0 0 0
 253      38 dm-38 20 0 1384 16 0 0 0 0 0 76 16 0 0 0 0
 253      39 dm-39 34 0 2952 36 0 0 0 0 0 84 36 0 0 0 0
 253      40 dm-40 0 0 0 0 0 0 0 0 0 0 0 0 0 0 0
 253      41 dm-41 0 0 0 0 0 0 0 0 0 0 0 0 0 0 0
 253      42 dm-42 0 0 0 0 0 0 0 0 0 0 0 0 0 0 0
 253      43 dm-43 7088 0 282064 7720 790 0 12272 856 0 6820 8576 0 0 0 0

3059
   1       0 ram0 0 0 0 0 0 0 0 0 0 0 0 0 0 0 0
   1       1 ram1 0 0 0 0 0 0 0 0 0 0 0 0 0 0 0
   1       2 ram2 0 0 0 0 0 0 0 0 0 0 0 0 0 0 0
   1       3 ram3 0 0 0 0 0 0 0 0 0 0 0 0 0 0 0
   1       4 ram4 0 0 0 0 0 0 0 0 0 0 0 0 0 0 0
   1       5 ram5 0 0 0 0 0 0 0 0 0 0 0 0 0 0 0
   1       6 ram6 0 0 0 0 0 0 0 0 0 0 0 0 0 0 0
   1       7 ram7 0 0 0 0 0 0 0 0 0 0 0 0 0 0 0
   1       8 ram8 0 0 0 0 0 0 0 0 0 0 0 0 0 0 0
   1       9 ram9 0 0 0 0 0 0 0 0 0 0 0 0 0 0 0
   1      10 ram10 0 0 0 0 0 0 0 0 0 0 0 0 0 0 0
   1      11 ram11 0 0 0 0 0 0 0 0 0 0 0 0 0 0 0
   1      12 ram12 0 0 0 0 0 0 0 0 0 0 0 0 0 0 0
   1      13 ram13 0 0 0 0 0 0 0 0 0 0 0 0 0 0 0
   1      14 ram14 0 0 0 0 0 0 0 0 0 0 0 0 0 0 0
   1      15 ram15 0 0 0 0 0 0 0 0 0 0 0 0 0 0 0
   7       0 loop0 183 0 16168 352 0 0 0 0 0 344 116 0 0 0 0
   7       8 loop1 70 0 9008 122 0 0 0 0 0 136 32 0 0 0 0
   7      16 loop2 27 0 216 13 0 0 0 0 0 32 0 0 0 0 0
   7      24 loop3 12 0 296 8 0 0 0 0 0 32 0 0 0 0 0
   7      32 loop4 36 1 3040 29 0 0 0 0 0 56 0 0 0 0 0
   7      40 loop5 220 1 27696 340 0 0 0 0 0 476 60 0 0 0 0
   7      48 loop6 17 0 744 15 0 0 0 0 0 48 0 0 0 0 0
   7      56 loop7 61 0 6856 58 0 0 0 0 0 148 0 0 0 0 0
   7      64 loop8 25 0 1408 16 0 0 0 0 0 96 0 0 0 0 0
   7      72 loop9 735 6 74728 1831 0 0 0 0 0 2044 744 0 0 0 0
   7      80 loop10 24 0 192 17 0 0 0 0 0 28 0 0 0 0 0
   7      88 loop11 32 0 2400 25 0 0 0 0 0 84 0 0 0 0 0
   7      96 loop12 566 3 71288 506 0 0 0 0 0 1112 20 0 0 0 0
   7     104 loop13 27 0 216 48 0 0 0 0 0 44 8 0 0 0 0
   7     112 loop14 15 0 280 9 0 0 0 0 0 40 0 0 0 0 0
   7     120 loop15 52 0 4752 144 0 0 0 0 0 220 76 0 0 0 0
 254       0 zram0 0 0 0 0 0 0 0 0 0 0 0 0 0 0 0
 179       0 mmcblk0 2020 1821 144350 1721 12 0 48 14 0 1592 376 0 0 0 0
 179       1 mmcblk0p1 0 0 0 0 0 0 0 0 0 0 0 0 0 0 0
 179       2 mmcblk0p2 0 0 0 0 0 0 0 0 0 0 0 0 0 0 0
 179       3 mmcblk0p3 0 0 0 0 0 0 0 0 0 0 0 0 0 0 0
 179       4 mmcblk0p4 16 0 146 3 1 0 8 0 0 12 0 0 0 0 0
 179       5 mmcblk0p5 0 0 0 0 0 0 0 0 0 0 0 0 0 0 0
 179       6 mmcblk0p6 0 0 0 0 0 0 0 0 0 0 0 0 0 0 0
 179       7 mmcblk0p7 0 0 0 0 0 0 0 0 0 0 0 0 0 0 0
 179       8 mmcblk0p8 0 0 0 0 0 0 0 0 0 0 0 0 0 0 0
 179       9 mmcblk0p9 0 0 0 0 0 0 0 0 0 0 0 0 0 0 0
 179      10 mmcblk0p10 0 0 0 0 0 0 0 0 0 0 0 0 0 0 0
 179      11 mmcblk0p11 0 0 0 0 0 0 0 0 0 0 0 0 0 0 0
 179      12 mmcblk0p12 0 0 0 0 0 0 0 0 0 0 0 0 0 0 0
 179      13 mmcblk0p13 0 0 0 0 0 0 0 0 0 0 0 0 0 0 0
 179      14 mmcblk0p14 0 0 0 0 0 0 0 0 0 0 0 0 0 0 0
 179      15 mmcblk0p15 0 0 0 0 0 0 0 0 0 0 0 0 0 0 0
 179      16 mmcblk0p16 0 0 0 0 0 0 0 0 0 0 0 0 0 0 0
 179      17 mmcblk0p17 0 0 0 0 0 0 0 0 0 0 0 0 0 0 0
 179      18 mmcblk0p18 0 0 0 0 0 0 0 0 0 0 0 0 0 0 0
 179      19 mmcblk0p19 0 0 0 0 0 0 0 0 0 0 0 0 0 0 0
 179      20 mmcblk0p20 0 0 0 0 0 0 0 0 0 0 0 0 0 0 0
 179      21 mmcblk0p21 54 57 111 17 0 0 0 0 0 28 0 0 0 0 0
 179      22 mmcblk0p22 0 0 0 0 0 0 0 0 0 0 0 0 0 0 0
 179      23 mmcblk0p23 33 6 330 14 0 0 0 0 0 12 0 0 0 0 0
 179      24 mmcblk0p24 0 0 0 0 0 0 0 0 0 0 0 0 0 0 0
 179      25 mmcblk0p25 0 0 0 0 0 0 0 0 0 0 0 0 0 0 0
 179      26 mmcblk0p26 0 0 0 0 0 0 0 0 0 0 0 0 0 0 0
 179      27 mmcblk0p27 0 0 0 0 0 0 0 0 0 0 0 0 0 0 0
 179      28 mmcblk0p28 0 0 0 0 0 0 0 0 0 0 0 0 0 0 0
 179      29 mmcblk0p29 0 0 0 0 0 0 0 0 0 0 0 0 0 0 0
 179      30 mmcblk0p30 0 0 0 0 0 0 0 0 0 0 0 0 0 0 0
 179      31 mmcblk0p31 0 0 0 0 0 0 0 0 0 0 0 0 0 0 0
 259       0 mmcblk0p32 9 0 65 1 0 0 0 0 0 12 0 0 0 0 0
 259       1 mmcblk0p33 0 0 0 0 0 0 0 0 0 0 0 0 0 0 0
 259       2 mmcblk0p34 0 0 0 0 0 0 0 0 0 0 0 0 0 0 0
 259       3 mmcblk0p35 0 0 0 0 0 0 0 0 0 0 0 0 0 0 0
 259       4 mmcblk0p36 0 0 0 0 0 0 0 0 0 0 0 0 0 0 0
 259       5 mmcblk0p37 0 0 0 0 0 0 0 0 0 0 0 0 0 0 0
 259       6 mmcblk0p38 0 0 0 0 0 0 0 0 0 0 0 0 0 0 0
 259       7 mmcblk0p39 0 0 0 0 0 0 0 0 0 0 0 0 0 0 0
 259       8 mmcblk0p40 0 0 0 0 0 0 0 0 0 0 0 0 0 0 0
 259       9 mmcblk0p41 0 0 0 0 0 0 0 0 0 0 0 0 0 0 0
 259      10 mmcblk0p42 0 0 0 0 0 0 0 0 0 0 0 0 0 0 0
 259      11 mmcblk0p43 0 0 0 0 0 0 0 0 0 0 0 0 0 0 0
 259      12 mmcblk0p44 0 0 0 0 0 0 0 0 0 0 0 0 0 0 0
 259      13 mmcblk0p45 0 0 0 0 0 0 0 0 0 0 0 0 0 0 0
 259      14 mmcblk0p46 0 0 0 0 0 0 0 0 0 0 0 0 0 0 0
 259      15 mmcblk0p47 0 0 0 0 0 0 0 0 0 0 0 0 0 0 0
 259      16 mmcblk0p48 0 0 0 0 0 0 0 0 0 0 0 0 0 0 0
 259      17 mmcblk0p49 0 0 0 0 0 0 0 0 0 0 0 0 0 0 0
 259      18 mmcblk0p50 0 0 0 0 0 0 0 0 0 0 0 0 0 0 0
 259      19 mmcblk0p51 0 0 0 0 0 0 0 0 0 0 0 0 0 0 0
 259      20 mmcblk0p52 0 0 0 0 0 0 0 0 0 0 0 0 0 0 0
 259      21 mmcblk0p53 0 0 0 0 0 0 0 0 0 0 0 0 0 0 0
 259      22 mmcblk0p54 0 0 0 0 0 0 0 0 0 0 0 0 0 0 0
 259      23 mmcblk0p55 0 0 0 0 0 0 0 0 0 0 0 0 0 0 0
 259      24 mmcblk0p56 0 0 0 0 0 0 0 0 0 0 0 0 0 0 0
 259      25 mmcblk0p57 0 0 0 0 0 0 0 0 0 0 0 0 0 0 0
 259      26 mmcblk0p58 0 0 0 0 0 0 0 0 0 0 0 0 0 0 0
 259      27 mmcblk0p59 0 0 0 0 0 0 0 0 0 0 0 0 0 0 0
 259      28 mmcblk0p60 0 0 0 0 0 0 0 0 0 0 0 0 0 0 0
 259      29 mmcblk0p61 0 0 0 0 0 0 0 0 0 0 0 0 0 0 0
 259      30 mmcblk0p62 0 0 0 0 0 0 0 0 0 0 0 0 0 0 0
 259      31 mmcblk0p63 0 0 0 0 0 0 0 0 0 0 0 0 0 0 0
 259      32 mmcblk0p64 0 0 0 0 0 0 0 0 0 0 0 0 0 0 0
 259      33 mmcblk0p65 0 0 0 0 0 0 0 0 0 0 0 0 0 0 0
 259      34 mmcblk0p66 0 0 0 0 0 0 0 0 0 0 0 0 0 0 0
 259      35 mmcblk0p67 1851 1758 140712 1643 0 0 0 0 0 1520 360 0 0 0 0
 259      36 mmcblk0p68 1 0 128 1 0 0 0 0 0 4 0 0 0 0 0
 259      37 mmcblk0p69 0 0 0 0 0 0 0 0 0 0 0 0 0 0 0
 259      38 mmcblk0p70 0 0 0 0 0 0 0 0 0 0 0 0 0 0 0
 259      39 mmcblk0p71 0 0 0 0 0 0 0 0 0 0 0 0 0 0 0
 259      40 mmcblk0p72 47 0 2666 36 5 0 40 12 0 64 16 0 0 0 0
 259      41 mmcblk0p73 1 0 128 1 0 0 0 0 0 4 0 0 0 0 0
 259      42 mmcblk0p74 0 0 0 0 0 0 0 0 0 0 0 0 0 0 0
 259      43 mmcblk0p75 0 0 0 0 0 0 0 0 0 0 0 0 0 0 0
 259      44 mmcblk0p76 0 0 0 0 0 0 0 0 0 0 0 0 0 0 0
 259      45 mmcblk0p77 0 0 0 0 0 0 0 0 0 0 0 0 0 0 0
 259      46 mmcblk0p78 0 0 0 0 0 0 0 0 0 0 0 0 0 0 0
 259      47 mmcblk0p79 0 0 0 0 0 0 0 0 0 0 0 0 0 0 0
 259      48 mmcblk0p80 0 0 0 0 0 0 0 0 0 0 0 0 0 0 0
 253       0 dm-0 562 0 93888 912 0 0 0 0 0 664 912 0 0 0 0
 253       1 dm-1 6964 0 1022024 19984 0 0 0 0 0 8616 19984 0 0 0 0
 253       2 dm-2 3330 0 235648 5688 0 0 0 0 0 3456 5688 0 0 0 0
 253       3 dm-3 3702 0 470680 6912 0 0 0 0 0 6104 6912 0 0 0 0
 253       4 dm-4 5366 0 1009240 26716 0 0 0 0 0 8904 26716 0 0 0 0
 253       5 dm-5 2839 0 231720 6936 0 0 0 0 0 3652 6936 0 0 0 0
 253       6 dm-6 2882 0 464120 10296 0 0 0 0 0 6400 10296 0 0 0 0
 253       7 dm-7 345 0 92152 892 0 0 0 0 0 688 892 0 0 0 0
   7     128 loop16 19 0 536 21 0 0 0 0 0 56 8 0 0 0 0
   7     136 loop17 27 0 216 27 0 0 0 0 0 32 0 0 0 0 0
   7     144 loop18 15 0 208 16 0 0 0 0 0 52 4 0 0 0 0
   7     152 loop19 24 0 192 26 0 0 0 0 0 28 0 0 0 0 0
   7     160 loop20 42 0 3016 28 0 0 0 0 0 80 4 0 0 0 0
   7     168 loop21 24 0 1416 15 0 0 0 0 0 72 0 0 0 0 0
   7     176 loop22 73 0 7600 172 0 0 0 0 0 128 112 0 0 0 0
   7     184 loop23 102 0 10056 79 0 0 0 0 0 244 0 0 0 0 0
   7     192 loop24 31 1 2168 31 0 0 0 0 0 72 4 0 0 0 0
   7     200 loop25 2565 0 26056 2730 0 0 0 0 0 356 0 0 0 0 0
   7     208 loop26 109 0 17328 89 0 0 0 0 0 112 0 0 0 0 0
   7     216 loop27 9 0 72 4 0 0 0 0 0 20 0 0 0 0 0
   7     224 loop28 18 0 408 8 0 0 0 0 0 64 0 0 0 0 0
   7     232 loop29 85 0 9240 84 0 0 0 0 0 248 0 0 0 0 0
   7     240 loop30 28 0 864 15 0 0 0 0 0 64 0 0 0 0 0
   7     248 loop31 103 1 9368 95 0 0 0 0 0 360 8 0 0 0 0
   7     256 loop32 52 0 6576 71 0 0 0 0 0 128 20 0 0 0 0
   7     264 loop33 111 1 14760 254 0 0 0 0 0 156 124 0 0 0 0
   7     272 loop34 106 5 11816 79 0 0 0 0 0 152 0 0 0 0 0
   7     280 loop35 27 0 1840 19 0 0 0 0 0 56 0 0 0 0 0
   7     288 loop36 72 0 9048 123 0 0 0 0 0 140 44 0 0 0 0
   7     296 loop37 17 0 224 6 0 0 0 0 0 40 0 0 0 0 0
   7     304 loop38 192 1 17096 289 0 0 0 0 0 436 100 0 0 0 0
   7     312 loop39 397 14 37240 324 0 0 0 0 0 1012 8 0 0 0 0
 253       8 dm-8 0 0 0 0 0 0 0 0 0 0 0 0 0 0 0
 253       9 dm-9 92 0 11664 68 0 0 0 0 0 152 68 0 0 0 0
 253      10 dm-10 168 0 16896 396 0 0 0 0 0 452 396 0 0 0 0
 253      11 dm-11 483 0 70600 1116 0 0 0 0 0 1188 1116 0 0 0 0
 253      12 dm-12 0 0 0 0 0 0 0 0 0 0 0 0 0 0 0
 253      13 dm-13 93 0 14608 484 0 0 0 0 0 168 484 0 0 0 0
 253      14 dm-14 0 0 0 0 0 0 0 0 0 0 0 0 0 0 0
 253      15 dm-15 22 0 1800 4 0 0 0 0 0 52 4 0 0 0 0
 253      16 dm-16 0 0 0 0 0 0 0 0 0 0 0 0 0 0 0
 253      17 dm-17 0 0 0 0 0 0 0 0 0 0 0 0 0 0 0
 253      18 dm-18 41 0 6488 68 0 0 0 0 0 120 68 0 0 0 0
 253      19 dm-19 69 0 9112 204 0 0 0 0 0 248 204 0 0 0 0
 253      20 dm-20 365 0 36872 772 0 0 0 0 0 1060 772 0 0 0 0
 253      21 dm-21 23 0 824 8 0 0 0 0 0 60 8 0 0 0 0
 253      22 dm-22 16 0 392 88 0 0 0 0 0 68 88 0 0 0 0
 253      23 dm-23 0 0 0 0 0 0 0 0 0 0 0 0 0 0 0
 253      24 dm-24 15 0 208 4 0 0 0 0 0 36 4 0 0 0 0
 253      25 dm-25 5 0 40 8 0 0 0 0 0 20 8 0 0 0 0
 253      26 dm-26 87 0 17152 112 0 0 0 0 0 120 112 0 0 0 0
 253      27 dm-27 0 0 0 0 0 0 0 0 0 0 0 0 0 0 0
 253      28 dm-28 2552 0 25952 3048 0 0 0 0 0 352 3048 0 0 0 0
 253      29 dm-29 0 0 0 0 0 0 0 0 0 0 0 0 0 0 0
 253      30 dm-30 0 0 0 0 0 0 0 0 0 0 0 0 0 0 0
 253      31 dm-31 0 0 0 0 0 0 0 0 0 0 0 0 0 0 0
 253      32 dm-32 90 0 9256 212 0 0 0 0 0 392 212 0 0 0 0
 253      33 dm-33 0 0 0 0 0 0 0 0 0 0 0 0 0 0 0
 253      34 dm-34 26 0 2120 76 0 0 0 0 0 72 76 0 0 0 0
 253      35 dm-35 56 0 7464 184 0 0 0 0 0 124 184 0 0 0 0
 253      36 dm-36 89 0 9952 152 0 0 0 0 0 244 152 0 0 0 0
 253      37 dm-37 0 0 0 0 0 0 0 0 0 0 0 0 0 0 0
 253      38 dm-38 20 0 1384 16 0 0 0 0 0 76 16 0 0 0 0
 253      39 dm-39 34 0 2952 36 0 0 0 0 0 84 36 0 0 0 0
 253      40 dm-40 0 0 0 0 0 0 0 0 0 0 0 0 0 0 0
 253      41 dm-41 0 0 0 0 0 0 0 0 0 0 0 0 0 0 0
 253      42 dm-42 0 0 0 0 0 0 0 0 0 0 0 0 0 0 0
 253      43 dm-43 7088 0 282064 7720 790 0 12272 856 0 6820 8576 0 0 0 0

3086
   1       0 ram0 0 0 0 0 0 0 0 0 0 0 0 0 0 0 0
   1       1 ram1 0 0 0 0 0 0 0 0 0 0 0 0 0 0 0
   1       2 ram2 0 0 0 0 0 0 0 0 0 0 0 0 0 0 0
   1       3 ram3 0 0 0 0 0 0 0 0 0 0 0 0 0 0 0
   1       4 ram4 0 0 0 0 0 0 0 0 0 0 0 0 0 0 0
   1       5 ram5 0 0 0 0 0 0 0 0 0 0 0 0 0 0 0
   1       6 ram6 0 0 0 0 0 0 0 0 0 0 0 0 0 0 0
   1       7 ram7 0 0 0 0 0 0 0 0 0 0 0 0 0 0 0
   1       8 ram8 0 0 0 0 0 0 0 0 0 0 0 0 0 0 0
   1       9 ram9 0 0 0 0 0 0 0 0 0 0 0 0 0 0 0
   1      10 ram10 0 0 0 0 0 0 0 0 0 0 0 0 0 0 0
   1      11 ram11 0 0 0 0 0 0 0 0 0 0 0 0 0 0 0
   1      12 ram12 0 0 0 0 0 0 0 0 0 0 0 0 0 0 0
   1      13 ram13 0 0 0 0 0 0 0 0 0 0 0 0 0 0 0
   1      14 ram14 0 0 0 0 0 0 0 0 0 0 0 0 0 0 0
   1      15 ram15 0 0 0 0 0 0 0 0 0 0 0 0 0 0 0
   7       0 loop0 183 0 16168 352 0 0 0 0 0 344 116 0 0 0 0
   7       8 loop1 70 0 9008 122 0 0 0 0 0 136 32 0 0 0 0
   7      16 loop2 27 0 216 13 0 0 0 0 0 32 0 0 0 0 0
   7      24 loop3 12 0 296 8 0 0 0 0 0 32 0 0 0 0 0
   7      32 loop4 36 1 3040 29 0 0 0 0 0 56 0 0 0 0 0
   7      40 loop5 220 1 27696 340 0 0 0 0 0 476 60 0 0 0 0
   7      48 loop6 17 0 744 15 0 0 0 0 0 48 0 0 0 0 0
   7      56 loop7 61 0 6856 58 0 0 0 0 0 148 0 0 0 0 0
   7      64 loop8 25 0 1408 16 0 0 0 0 0 96 0 0 0 0 0
   7      72 loop9 735 6 74728 1831 0 0 0 0 0 2044 744 0 0 0 0
   7      80 loop10 24 0 192 17 0 0 0 0 0 28 0 0 0 0 0
   7      88 loop11 32 0 2400 25 0 0 0 0 0 84 0 0 0 0 0
   7      96 loop12 566 3 71288 506 0 0 0 0 0 1112 20 0 0 0 0
   7     104 loop13 27 0 216 48 0 0 0 0 0 44 8 0 0 0 0
   7     112 loop14 15 0 280 9 0 0 0 0 0 40 0 0 0 0 0
   7     120 loop15 52 0 4752 144 0 0 0 0 0 220 76 0 0 0 0
 254       0 zram0 0 0 0 0 0 0 0 0 0 0 0 0 0 0 0
 179       0 mmcblk0 2020 1821 144350 1721 12 0 48 14 0 1592 376 0 0 0 0
 179       1 mmcblk0p1 0 0 0 0 0 0 0 0 0 0 0 0 0 0 0
 179       2 mmcblk0p2 0 0 0 0 0 0 0 0 0 0 0 0 0 0 0
 179       3 mmcblk0p3 0 0 0 0 0 0 0 0 0 0 0 0 0 0 0
 179       4 mmcblk0p4 16 0 146 3 1 0 8 0 0 12 0 0 0 0 0
 179       5 mmcblk0p5 0 0 0 0 0 0 0 0 0 0 0 0 0 0 0
 179       6 mmcblk0p6 0 0 0 0 0 0 0 0 0 0 0 0 0 0 0
 179       7 mmcblk0p7 0 0 0 0 0 0 0 0 0 0 0 0 0 0 0
 179       8 mmcblk0p8 0 0 0 0 0 0 0 0 0 0 0 0 0 0 0
 179       9 mmcblk0p9 0 0 0 0 0 0 0 0 0 0 0 0 0 0 0
 179      10 mmcblk0p10 0 0 0 0 0 0 0 0 0 0 0 0 0 0 0
 179      11 mmcblk0p11 0 0 0 0 0 0 0 0 0 0 0 0 0 0 0
 179      12 mmcblk0p12 0 0 0 0 0 0 0 0 0 0 0 0 0 0 0
 179      13 mmcblk0p13 0 0 0 0 0 0 0 0 0 0 0 0 0 0 0
 179      14 mmcblk0p14 0 0 0 0 0 0 0 0 0 0 0 0 0 0 0
 179      15 mmcblk0p15 0 0 0 0 0 0 0 0 0 0 0 0 0 0 0
 179      16 mmcblk0p16 0 0 0 0 0 0 0 0 0 0 0 0 0 0 0
 179      17 mmcblk0p17 0 0 0 0 0 0 0 0 0 0 0 0 0 0 0
 179      18 mmcblk0p18 0 0 0 0 0 0 0 0 0 0 0 0 0 0 0
 179      19 mmcblk0p19 0 0 0 0 0 0 0 0 0 0 0 0 0 0 0
 179      20 mmcblk0p20 0 0 0 0 0 0 0 0 0 0 0 0 0 0 0
 179      21 mmcblk0p21 54 57 111 17 0 0 0 0 0 28 0 0 0 0 0
 179      22 mmcblk0p22 0 0 0 0 0 0 0 0 0 0 0 0 0 0 0
 179      23 mmcblk0p23 33 6 330 14 0 0 0 0 0 12 0 0 0 0 0
 179      24 mmcblk0p24 0 0 0 0 0 0 0 0 0 0 0 0 0 0 0
 179      25 mmcblk0p25 0 0 0 0 0 0 0 0 0 0 0 0 0 0 0
 179      26 mmcblk0p26 0 0 0 0 0 0 0 0 0 0 0 0 0 0 0
 179      27 mmcblk0p27 0 0 0 0 0 0 0 0 0 0 0 0 0 0 0
 179      28 mmcblk0p28 0 0 0 0 0 0 0 0 0 0 0 0 0 0 0
 179      29 mmcblk0p29 0 0 0 0 0 0 0 0 0 0 0 0 0 0 0
 179      30 mmcblk0p30 0 0 0 0 0 0 0 0 0 0 0 0 0 0 0
 179      31 mmcblk0p31 0 0 0 0 0 0 0 0 0 0 0 0 0 0 0
 259       0 mmcblk0p32 9 0 65 1 0 0 0 0 0 12 0 0 0 0 0
 259       1 mmcblk0p33 0 0 0 0 0 0 0 0 0 0 0 0 0 0 0
 259       2 mmcblk0p34 0 0 0 0 0 0 0 0 0 0 0 0 0 0 0
 259       3 mmcblk0p35 0 0 0 0 0 0 0 0 0 0 0 0 0 0 0
 259       4 mmcblk0p36 0 0 0 0 0 0 0 0 0 0 0 0 0 0 0
 259       5 mmcblk0p37 0 0 0 0 0 0 0 0 0 0 0 0 0 0 0
 259       6 mmcblk0p38 0 0 0 0 0 0 0 0 0 0 0 0 0 0 0
 259       7 mmcblk0p39 0 0 0 0 0 0 0 0 0 0 0 0 0 0 0
 259       8 mmcblk0p40 0 0 0 0 0 0 0 0 0 0 0 0 0 0 0
 259       9 mmcblk0p41 0 0 0 0 0 0 0 0 0 0 0 0 0 0 0
 259      10 mmcblk0p42 0 0 0 0 0 0 0 0 0 0 0 0 0 0 0
 259      11 mmcblk0p43 0 0 0 0 0 0 0 0 0 0 0 0 0 0 0
 259      12 mmcblk0p44 0 0 0 0 0 0 0 0 0 0 0 0 0 0 0
 259      13 mmcblk0p45 0 0 0 0 0 0 0 0 0 0 0 0 0 0 0
 259      14 mmcblk0p46 0 0 0 0 0 0 0 0 0 0 0 0 0 0 0
 259      15 mmcblk0p47 0 0 0 0 0 0 0 0 0 0 0 0 0 0 0
 259      16 mmcblk0p48 0 0 0 0 0 0 0 0 0 0 0 0 0 0 0
 259      17 mmcblk0p49 0 0 0 0 0 0 0 0 0 0 0 0 0 0 0
 259      18 mmcblk0p50 0 0 0 0 0 0 0 0 0 0 0 0 0 0 0
 259      19 mmcblk0p51 0 0 0 0 0 0 0 0 0 0 0 0 0 0 0
 259      20 mmcblk0p52 0 0 0 0 0 0 0 0 0 0 0 0 0 0 0
 259      21 mmcblk0p53 0 0 0 0 0 0 0 0 0 0 0 0 0 0 0
 259      22 mmcblk0p54 0 0 0 0 0 0 0 0 0 0 0 0 0 0 0
 259      23 mmcblk0p55 0 0 0 0 0 0 0 0 0 0 0 0 0 0 0
 259      24 mmcblk0p56 0 0 0 0 0 0 0 0 0 0 0 0 0 0 0
 259      25 mmcblk0p57 0 0 0 0 0 0 0 0 0 0 0 0 0 0 0
 259      26 mmcblk0p58 0 0 0 0 0 0 0 0 0 0 0 0 0 0 0
 259      27 mmcblk0p59 0 0 0 0 0 0 0 0 0 0 0 0 0 0 0
 259      28 mmcblk0p60 0 0 0 0 0 0 0 0 0 0 0 0 0 0 0
 259      29 mmcblk0p61 0 0 0 0 0 0 0 0 0 0 0 0 0 0 0
 259      30 mmcblk0p62 0 0 0 0 0 0 0 0 0 0 0 0 0 0 0
 259      31 mmcblk0p63 0 0 0 0 0 0 0 0 0 0 0 0 0 0 0
 259      32 mmcblk0p64 0 0 0 0 0 0 0 0 0 0 0 0 0 0 0
 259      33 mmcblk0p65 0 0 0 0 0 0 0 0 0 0 0 0 0 0 0
 259      34 mmcblk0p66 0 0 0 0 0 0 0 0 0 0 0 0 0 0 0
 259      35 mmcblk0p67 1851 1758 140712 1643 0 0 0 0 0 1520 360 0 0 0 0
 259      36 mmcblk0p68 1 0 128 1 0 0 0 0 0 4 0 0 0 0 0
 259      37 mmcblk0p69 0 0 0 0 0 0 0 0 0 0 0 0 0 0 0
 259      38 mmcblk0p70 0 0 0 0 0 0 0 0 0 0 0 0 0 0 0
 259      39 mmcblk0p71 0 0 0 0 0 0 0 0 0 0 0 0 0 0 0
 259      40 mmcblk0p72 47 0 2666 36 5 0 40 12 0 64 16 0 0 0 0
 259      41 mmcblk0p73 1 0 128 1 0 0 0 0 0 4 0 0 0 0 0
 259      42 mmcblk0p74 0 0 0 0 0 0 0 0 0 0 0 0 0 0 0
 259      43 mmcblk0p75 0 0 0 0 0 0 0 0 0 0 0 0 0 0 0
 259      44 mmcblk0p76 0 0 0 0 0 0 0 0 0 0 0 0 0 0 0
 259      45 mmcblk0p77 0 0 0 0 0 0 0 0 0 0 0 0 0 0 0
 259      46 mmcblk0p78 0 0 0 0 0 0 0 0 0 0 0 0 0 0 0
 259      47 mmcblk0p79 0 0 0 0 0 0 0 0 0 0 0 0 0 0 0
 259      48 mmcblk0p80 0 0 0 0 0 0 0 0 0 0 0 0 0 0 0
 253       0 dm-0 562 0 93888 912 0 0 0 0 0 664 912 0 0 0 0
 253       1 dm-1 6965 0 1022552 19984 0 0 0 0 0 8620 19984 0 0 0 0
 253       2 dm-2 3330 0 235648 5688 0 0 0 0 0 3456 5688 0 0 0 0
 253       3 dm-3 3702 0 470680 6912 0 0 0 0 0 6104 6912 0 0 0 0
 253       4 dm-4 5367 0 1009768 26716 0 0 0 0 0 8908 26716 0 0 0 0
 253       5 dm-5 2839 0 231720 6936 0 0 0 0 0 3652 6936 0 0 0 0
 253       6 dm-6 2882 0 464120 10296 0 0 0 0 0 6400 10296 0 0 0 0
 253       7 dm-7 345 0 92152 892 0 0 0 0 0 688 892 0 0 0 0
   7     128 loop16 19 0 536 21 0 0 0 0 0 56 8 0 0 0 0
   7     136 loop17 27 0 216 27 0 0 0 0 0 32 0 0 0 0 0
   7     144 loop18 15 0 208 16 0 0 0 0 0 52 4 0 0 0 0
   7     152 loop19 24 0 192 26 0 0 0 0 0 28 0 0 0 0 0
   7     160 loop20 42 0 3016 28 0 0 0 0 0 80 4 0 0 0 0
   7     168 loop21 24 0 1416 15 0 0 0 0 0 72 0 0 0 0 0
   7     176 loop22 73 0 7600 172 0 0 0 0 0 128 112 0 0 0 0
   7     184 loop23 102 0 10056 79 0 0 0 0 0 244 0 0 0 0 0
   7     192 loop24 31 1 2168 31 0 0 0 0 0 72 4 0 0 0 0
   7     200 loop25 2565 0 26056 2730 0 0 0 0 0 356 0 0 0 0 0
   7     208 loop26 109 0 17328 89 0 0 0 0 0 112 0 0 0 0 0
   7     216 loop27 9 0 72 4 0 0 0 0 0 20 0 0 0 0 0
   7     224 loop28 18 0 408 8 0 0 0 0 0 64 0 0 0 0 0
   7     232 loop29 85 0 9240 84 0 0 0 0 0 248 0 0 0 0 0
   7     240 loop30 28 0 864 15 0 0 0 0 0 64 0 0 0 0 0
   7     248 loop31 103 1 9368 95 0 0 0 0 0 360 8 0 0 0 0
   7     256 loop32 52 0 6576 71 0 0 0 0 0 128 20 0 0 0 0
   7     264 loop33 111 1 14760 254 0 0 0 0 0 156 124 0 0 0 0
   7     272 loop34 106 5 11816 79 0 0 0 0 0 152 0 0 0 0 0
   7     280 loop35 27 0 1840 19 0 0 0 0 0 56 0 0 0 0 0
   7     288 loop36 72 0 9048 123 0 0 0 0 0 140 44 0 0 0 0
   7     296 loop37 17 0 224 6 0 0 0 0 0 40 0 0 0 0 0
   7     304 loop38 192 1 17096 289 0 0 0 0 0 436 100 0 0 0 0
   7     312 loop39 397 14 37240 324 0 0 0 0 0 1012 8 0 0 0 0
 253       8 dm-8 0 0 0 0 0 0 0 0 0 0 0 0 0 0 0
 253       9 dm-9 92 0 11664 68 0 0 0 0 0 152 68 0 0 0 0
 253      10 dm-10 168 0 16896 396 0 0 0 0 0 452 396 0 0 0 0
 253      11 dm-11 483 0 70600 1116 0 0 0 0 0 1188 1116 0 0 0 0
 253      12 dm-12 0 0 0 0 0 0 0 0 0 0 0 0 0 0 0
 253      13 dm-13 93 0 14608 484 0 0 0 0 0 168 484 0 0 0 0
 253      14 dm-14 0 0 0 0 0 0 0 0 0 0 0 0 0 0 0
 253      15 dm-15 22 0 1800 4 0 0 0 0 0 52 4 0 0 0 0
 253      16 dm-16 0 0 0 0 0 0 0 0 0 0 0 0 0 0 0
 253      17 dm-17 0 0 0 0 0 0 0 0 0 0 0 0 0 0 0
 253      18 dm-18 41 0 6488 68 0 0 0 0 0 120 68 0 0 0 0
 253      19 dm-19 69 0 9112 204 0 0 0 0 0 248 204 0 0 0 0
 253      20 dm-20 365 0 36872 772 0 0 0 0 0 1060 772 0 0 0 0
 253      21 dm-21 23 0 824 8 0 0 0 0 0 60 8 0 0 0 0
 253      22 dm-22 16 0 392 88 0 0 0 0 0 68 88 0 0 0 0
 253      23 dm-23 0 0 0 0 0 0 0 0 0 0 0 0 0 0 0
 253      24 dm-24 15 0 208 4 0 0 0 0 0 36 4 0 0 0 0
 253      25 dm-25 5 0 40 8 0 0 0 0 0 20 8 0 0 0 0
 253      26 dm-26 87 0 17152 112 0 0 0 0 0 120 112 0 0 0 0
 253      27 dm-27 0 0 0 0 0 0 0 0 0 0 0 0 0 0 0
 253      28 dm-28 2552 0 25952 3048 0 0 0 0 0 352 3048 0 0 0 0
 253      29 dm-29 0 0 0 0 0 0 0 0 0 0 0 0 0 0 0
 253      30 dm-30 0 0 0 0 0 0 0 0 0 0 0 0 0 0 0
 253      31 dm-31 0 0 0 0 0 0 0 0 0 0 0 0 0 0 0
 253      32 dm-32 90 0 9256 212 0 0 0 0 0 392 212 0 0 0 0
 253      33 dm-33 0 0 0 0 0 0 0 0 0 0 0 0 0 0 0
 253      34 dm-34 26 0 2120 76 0 0 0 0 0 72 76 0 0 0 0
 253      35 dm-35 56 0 7464 184 0 0 0 0 0 124 184 0 0 0 0
 253      36 dm-36 89 0 9952 152 0 0 0 0 0 244 152 0 0 0 0
 253      37 dm-37 0 0 0 0 0 0 0 0 0 0 0 0 0 0 0
 253      38 dm-38 20 0 1384 16 0 0 0 0 0 76 16 0 0 0 0
 253      39 dm-39 34 0 2952 36 0 0 0 0 0 84 36 0 0 0 0
 253      40 dm-40 0 0 0 0 0 0 0 0 0 0 0 0 0 0 0
 253      41 dm-41 0 0 0 0 0 0 0 0 0 0 0 0 0 0 0
 253      42 dm-42 0 0 0 0 0 0 0 0 0 0 0 0 0 0 0
 253      43 dm-43 7092 0 282096 7720 811 0 12384 884 0 6884 8604 0 0 0 0

3113
   1       0 ram0 0 0 0 0 0 0 0 0 0 0 0 0 0 0 0
   1       1 ram1 0 0 0 0 0 0 0 0 0 0 0 0 0 0 0
   1       2 ram2 0 0 0 0 0 0 0 0 0 0 0 0 0 0 0
   1       3 ram3 0 0 0 0 0 0 0 0 0 0 0 0 0 0 0
   1       4 ram4 0 0 0 0 0 0 0 0 0 0 0 0 0 0 0
   1       5 ram5 0 0 0 0 0 0 0 0 0 0 0 0 0 0 0
   1       6 ram6 0 0 0 0 0 0 0 0 0 0 0 0 0 0 0
   1       7 ram7 0 0 0 0 0 0 0 0 0 0 0 0 0 0 0
   1       8 ram8 0 0 0 0 0 0 0 0 0 0 0 0 0 0 0
   1       9 ram9 0 0 0 0 0 0 0 0 0 0 0 0 0 0 0
   1      10 ram10 0 0 0 0 0 0 0 0 0 0 0 0 0 0 0
   1      11 ram11 0 0 0 0 0 0 0 0 0 0 0 0 0 0 0
   1      12 ram12 0 0 0 0 0 0 0 0 0 0 0 0 0 0 0
   1      13 ram13 0 0 0 0 0 0 0 0 0 0 0 0 0 0 0
   1      14 ram14 0 0 0 0 0 0 0 0 0 0 0 0 0 0 0
   1      15 ram15 0 0 0 0 0 0 0 0 0 0 0 0 0 0 0
   7       0 loop0 183 0 16168 352 0 0 0 0 0 344 116 0 0 0 0
   7       8 loop1 70 0 9008 122 0 0 0 0 0 136 32 0 0 0 0
   7      16 loop2 27 0 216 13 0 0 0 0 0 32 0 0 0 0 0
   7      24 loop3 12 0 296 8 0 0 0 0 0 32 0 0 0 0 0
   7      32 loop4 36 1 3040 29 0 0 0 0 0 56 0 0 0 0 0
   7      40 loop5 220 1 27696 340 0 0 0 0 0 476 60 0 0 0 0
   7      48 loop6 17 0 744 15 0 0 0 0 0 48 0 0 0 0 0
   7      56 loop7 61 0 6856 58 0 0 0 0 0 148 0 0 0 0 0
   7      64 loop8 25 0 1408 16 0 0 0 0 0 96 0 0 0 0 0
   7      72 loop9 735 6 74728 1831 0 0 0 0 0 2044 744 0 0 0 0
   7      80 loop10 24 0 192 17 0 0 0 0 0 28 0 0 0 0 0
   7      88 loop11 32 0 2400 25 0 0 0 0 0 84 0 0 0 0 0
   7      96 loop12 566 3 71288 506 0 0 0 0 0 1112 20 0 0 0 0
   7     104 loop13 27 0 216 48 0 0 0 0 0 44 8 0 0 0 0
   7     112 loop14 15 0 280 9 0 0 0 0 0 40 0 0 0 0 0
   7     120 loop15 52 0 4752 144 0 0 0 0 0 220 76 0 0 0 0
 254       0 zram0 0 0 0 0 0 0 0 0 0 0 0 0 0 0 0
 179       0 mmcblk0 2020 1821 144350 1721 12 0 48 14 0 1592 376 0 0 0 0
 179       1 mmcblk0p1 0 0 0 0 0 0 0 0 0 0 0 0 0 0 0
 179       2 mmcblk0p2 0 0 0 0 0 0 0 0 0 0 0 0 0 0 0
 179       3 mmcblk0p3 0 0 0 0 0 0 0 0 0 0 0 0 0 0 0
 179       4 mmcblk0p4 16 0 146 3 1 0 8 0 0 12 0 0 0 0 0
 179       5 mmcblk0p5 0 0 0 0 0 0 0 0 0 0 0 0 0 0 0
 179       6 mmcblk0p6 0 0 0 0 0 0 0 0 0 0 0 0 0 0 0
 179       7 mmcblk0p7 0 0 0 0 0 0 0 0 0 0 0 0 0 0 0
 179       8 mmcblk0p8 0 0 0 0 0 0 0 0 0 0 0 0 0 0 0
 179       9 mmcblk0p9 0 0 0 0 0 0 0 0 0 0 0 0 0 0 0
 179      10 mmcblk0p10 0 0 0 0 0 0 0 0 0 0 0 0 0 0 0
 179      11 mmcblk0p11 0 0 0 0 0 0 0 0 0 0 0 0 0 0 0
 179      12 mmcblk0p12 0 0 0 0 0 0 0 0 0 0 0 0 0 0 0
 179      13 mmcblk0p13 0 0 0 0 0 0 0 0 0 0 0 0 0 0 0
 179      14 mmcblk0p14 0 0 0 0 0 0 0 0 0 0 0 0 0 0 0
 179      15 mmcblk0p15 0 0 0 0 0 0 0 0 0 0 0 0 0 0 0
 179      16 mmcblk0p16 0 0 0 0 0 0 0 0 0 0 0 0 0 0 0
 179      17 mmcblk0p17 0 0 0 0 0 0 0 0 0 0 0 0 0 0 0
 179      18 mmcblk0p18 0 0 0 0 0 0 0 0 0 0 0 0 0 0 0
 179      19 mmcblk0p19 0 0 0 0 0 0 0 0 0 0 0 0 0 0 0
 179      20 mmcblk0p20 0 0 0 0 0 0 0 0 0 0 0 0 0 0 0
 179      21 mmcblk0p21 54 57 111 17 0 0 0 0 0 28 0 0 0 0 0
 179      22 mmcblk0p22 0 0 0 0 0 0 0 0 0 0 0 0 0 0 0
 179      23 mmcblk0p23 33 6 330 14 0 0 0 0 0 12 0 0 0 0 0
 179      24 mmcblk0p24 0 0 0 0 0 0 0 0 0 0 0 0 0 0 0
 179      25 mmcblk0p25 0 0 0 0 0 0 0 0 0 0 0 0 0 0 0
 179      26 mmcblk0p26 0 0 0 0 0 0 0 0 0 0 0 0 0 0 0
 179      27 mmcblk0p27 0 0 0 0 0 0 0 0 0 0 0 0 0 0 0
 179      28 mmcblk0p28 0 0 0 0 0 0 0 0 0 0 0 0 0 0 0
 179      29 mmcblk0p29 0 0 0 0 0 0 0 0 0 0 0 0 0 0 0
 179      30 mmcblk0p30 0 0 0 0 0 0 0 0 0 0 0 0 0 0 0
 179      31 mmcblk0p31 0 0 0 0 0 0 0 0 0 0 0 0 0 0 0
 259       0 mmcblk0p32 9 0 65 1 0 0 0 0 0 12 0 0 0 0 0
 259       1 mmcblk0p33 0 0 0 0 0 0 0 0 0 0 0 0 0 0 0
 259       2 mmcblk0p34 0 0 0 0 0 0 0 0 0 0 0 0 0 0 0
 259       3 mmcblk0p35 0 0 0 0 0 0 0 0 0 0 0 0 0 0 0
 259       4 mmcblk0p36 0 0 0 0 0 0 0 0 0 0 0 0 0 0 0
 259       5 mmcblk0p37 0 0 0 0 0 0 0 0 0 0 0 0 0 0 0
 259       6 mmcblk0p38 0 0 0 0 0 0 0 0 0 0 0 0 0 0 0
 259       7 mmcblk0p39 0 0 0 0 0 0 0 0 0 0 0 0 0 0 0
 259       8 mmcblk0p40 0 0 0 0 0 0 0 0 0 0 0 0 0 0 0
 259       9 mmcblk0p41 0 0 0 0 0 0 0 0 0 0 0 0 0 0 0
 259      10 mmcblk0p42 0 0 0 0 0 0 0 0 0 0 0 0 0 0 0
 259      11 mmcblk0p43 0 0 0 0 0 0 0 0 0 0 0 0 0 0 0
 259      12 mmcblk0p44 0 0 0 0 0 0 0 0 0 0 0 0 0 0 0
 259      13 mmcblk0p45 0 0 0 0 0 0 0 0 0 0 0 0 0 0 0
 259      14 mmcblk0p46 0 0 0 0 0 0 0 0 0 0 0 0 0 0 0
 259      15 mmcblk0p47 0 0 0 0 0 0 0 0 0 0 0 0 0 0 0
 259      16 mmcblk0p48 0 0 0 0 0 0 0 0 0 0 0 0 0 0 0
 259      17 mmcblk0p49 0 0 0 0 0 0 0 0 0 0 0 0 0 0 0
 259      18 mmcblk0p50 0 0 0 0 0 0 0 0 0 0 0 0 0 0 0
 259      19 mmcblk0p51 0 0 0 0 0 0 0 0 0 0 0 0 0 0 0
 259      20 mmcblk0p52 0 0 0 0 0 0 0 0 0 0 0 0 0 0 0
 259      21 mmcblk0p53 0 0 0 0 0 0 0 0 0 0 0 0 0 0 0
 259      22 mmcblk0p54 0 0 0 0 0 0 0 0 0 0 0 0 0 0 0
 259      23 mmcblk0p55 0 0 0 0 0 0 0 0 0 0 0 0 0 0 0
 259      24 mmcblk0p56 0 0 0 0 0 0 0 0 0 0 0 0 0 0 0
 259      25 mmcblk0p57 0 0 0 0 0 0 0 0 0 0 0 0 0 0 0
 259      26 mmcblk0p58 0 0 0 0 0 0 0 0 0 0 0 0 0 0 0
 259      27 mmcblk0p59 0 0 0 0 0 0 0 0 0 0 0 0 0 0 0
 259      28 mmcblk0p60 0 0 0 0 0 0 0 0 0 0 0 0 0 0 0
 259      29 mmcblk0p61 0 0 0 0 0 0 0 0 0 0 0 0 0 0 0
 259      30 mmcblk0p62 0 0 0 0 0 0 0 0 0 0 0 0 0 0 0
 259      31 mmcblk0p63 0 0 0 0 0 0 0 0 0 0 0 0 0 0 0
 259      32 mmcblk0p64 0 0 0 0 0 0 0 0 0 0 0 0 0 0 0
 259      33 mmcblk0p65 0 0 0 0 0 0 0 0 0 0 0 0 0 0 0
 259      34 mmcblk0p66 0 0 0 0 0 0 0 0 0 0 0 0 0 0 0
 259      35 mmcblk0p67 1851 1758 140712 1643 0 0 0 0 0 1520 360 0 0 0 0
 259      36 mmcblk0p68 1 0 128 1 0 0 0 0 0 4 0 0 0 0 0
 259      37 mmcblk0p69 0 0 0 0 0 0 0 0 0 0 0 0 0 0 0
 259      38 mmcblk0p70 0 0 0 0 0 0 0 0 0 0 0 0 0 0 0
 259      39 mmcblk0p71 0 0 0 0 0 0 0 0 0 0 0 0 0 0 0
 259      40 mmcblk0p72 47 0 2666 36 5 0 40 12 0 64 16 0 0 0 0
 259      41 mmcblk0p73 1 0 128 1 0 0 0 0 0 4 0 0 0 0 0
 259      42 mmcblk0p74 0 0 0 0 0 0 0 0 0 0 0 0 0 0 0
 259      43 mmcblk0p75 0 0 0 0 0 0 0 0 0 0 0 0 0 0 0
 259      44 mmcblk0p76 0 0 0 0 0 0 0 0 0 0 0 0 0 0 0
 259      45 mmcblk0p77 0 0 0 0 0 0 0 0 0 0 0 0 0 0 0
 259      46 mmcblk0p78 0 0 0 0 0 0 0 0 0 0 0 0 0 0 0
 259      47 mmcblk0p79 0 0 0 0 0 0 0 0 0 0 0 0 0 0 0
 259      48 mmcblk0p80 0 0 0 0 0 0 0 0 0 0 0 0 0 0 0
 253       0 dm-0 562 0 93888 912 0 0 0 0 0 664 912 0 0 0 0
 253       1 dm-1 6970 0 1024928 20012 0 0 0 0 0 8652 20012 0 0 0 0
 253       2 dm-2 3336 0 236344 5700 0 0 0 0 0 3472 5700 0 0 0 0
 253       3 dm-3 3702 0 470680 6912 0 0 0 0 0 6104 6912 0 0 0 0
 253       4 dm-4 5371 0 1012136 26752 0 0 0 0 0 8932 26752 0 0 0 0
 253       5 dm-5 2845 0 232416 6956 0 0 0 0 0 3672 6956 0 0 0 0
 253       6 dm-6 2882 0 464120 10296 0 0 0 0 0 6400 10296 0 0 0 0
 253       7 dm-7 345 0 92152 892 0 0 0 0 0 688 892 0 0 0 0
   7     128 loop16 19 0 536 21 0 0 0 0 0 56 8 0 0 0 0
   7     136 loop17 27 0 216 27 0 0 0 0 0 32 0 0 0 0 0
   7     144 loop18 15 0 208 16 0 0 0 0 0 52 4 0 0 0 0
   7     152 loop19 24 0 192 26 0 0 0 0 0 28 0 0 0 0 0
   7     160 loop20 42 0 3016 28 0 0 0 0 0 80 4 0 0 0 0
   7     168 loop21 24 0 1416 15 0 0 0 0 0 72 0 0 0 0 0
   7     176 loop22 73 0 7600 172 0 0 0 0 0 128 112 0 0 0 0
   7     184 loop23 102 0 10056 79 0 0 0 0 0 244 0 0 0 0 0
   7     192 loop24 31 1 2168 31 0 0 0 0 0 72 4 0 0 0 0
   7     200 loop25 2565 0 26056 2730 0 0 0 0 0 356 0 0 0 0 0
   7     208 loop26 109 0 17328 89 0 0 0 0 0 112 0 0 0 0 0
   7     216 loop27 9 0 72 4 0 0 0 0 0 20 0 0 0 0 0
   7     224 loop28 18 0 408 8 0 0 0 0 0 64 0 0 0 0 0
   7     232 loop29 85 0 9240 84 0 0 0 0 0 248 0 0 0 0 0
   7     240 loop30 28 0 864 15 0 0 0 0 0 64 0 0 0 0 0
   7     248 loop31 103 1 9368 95 0 0 0 0 0 360 8 0 0 0 0
   7     256 loop32 52 0 6576 71 0 0 0 0 0 128 20 0 0 0 0
   7     264 loop33 111 1 14760 254 0 0 0 0 0 156 124 0 0 0 0
   7     272 loop34 106 5 11816 79 0 0 0 0 0 152 0 0 0 0 0
   7     280 loop35 27 0 1840 19 0 0 0 0 0 56 0 0 0 0 0
   7     288 loop36 72 0 9048 123 0 0 0 0 0 140 44 0 0 0 0
   7     296 loop37 17 0 224 6 0 0 0 0 0 40 0 0 0 0 0
   7     304 loop38 192 1 17096 289 0 0 0 0 0 436 100 0 0 0 0
   7     312 loop39 397 14 37240 324 0 0 0 0 0 1012 8 0 0 0 0
 253       8 dm-8 0 0 0 0 0 0 0 0 0 0 0 0 0 0 0
 253       9 dm-9 92 0 11664 68 0 0 0 0 0 152 68 0 0 0 0
 253      10 dm-10 168 0 16896 396 0 0 0 0 0 452 396 0 0 0 0
 253      11 dm-11 483 0 70600 1116 0 0 0 0 0 1188 1116 0 0 0 0
 253      12 dm-12 0 0 0 0 0 0 0 0 0 0 0 0 0 0 0
 253      13 dm-13 93 0 14608 484 0 0 0 0 0 168 484 0 0 0 0
 253      14 dm-14 0 0 0 0 0 0 0 0 0 0 0 0 0 0 0
 253      15 dm-15 22 0 1800 4 0 0 0 0 0 52 4 0 0 0 0
 253      16 dm-16 0 0 0 0 0 0 0 0 0 0 0 0 0 0 0
 253      17 dm-17 0 0 0 0 0 0 0 0 0 0 0 0 0 0 0
 253      18 dm-18 41 0 6488 68 0 0 0 0 0 120 68 0 0 0 0
 253      19 dm-19 69 0 9112 204 0 0 0 0 0 248 204 0 0 0 0
 253      20 dm-20 365 0 36872 772 0 0 0 0 0 1060 772 0 0 0 0
 253      21 dm-21 23 0 824 8 0 0 0 0 0 60 8 0 0 0 0
 253      22 dm-22 16 0 392 88 0 0 0 0 0 68 88 0 0 0 0
 253      23 dm-23 0 0 0 0 0 0 0 0 0 0 0 0 0 0 0
 253      24 dm-24 15 0 208 4 0 0 0 0 0 36 4 0 0 0 0
 253      25 dm-25 5 0 40 8 0 0 0 0 0 20 8 0 0 0 0
 253      26 dm-26 87 0 17152 112 0 0 0 0 0 120 112 0 0 0 0
 253      27 dm-27 0 0 0 0 0 0 0 0 0 0 0 0 0 0 0
 253      28 dm-28 2552 0 25952 3048 0 0 0 0 0 352 3048 0 0 0 0
 253      29 dm-29 0 0 0 0 0 0 0 0 0 0 0 0 0 0 0
 253      30 dm-30 0 0 0 0 0 0 0 0 0 0 0 0 0 0 0
 253      31 dm-31 0 0 0 0 0 0 0 0 0 0 0 0 0 0 0
 253      32 dm-32 90 0 9256 212 0 0 0 0 0 392 212 0 0 0 0
 253      33 dm-33 0 0 0 0 0 0 0 0 0 0 0 0 0 0 0
 253      34 dm-34 26 0 2120 76 0 0 0 0 0 72 76 0 0 0 0
 253      35 dm-35 56 0 7464 184 0 0 0 0 0 124 184 0 0 0 0
 253      36 dm-36 89 0 9952 152 0 0 0 0 0 244 152 0 0 0 0
 253      37 dm-37 0 0 0 0 0 0 0 0 0 0 0 0 0 0 0
 253      38 dm-38 20 0 1384 16 0 0 0 0 0 76 16 0 0 0 0
 253      39 dm-39 34 0 2952 36 0 0 0 0 0 84 36 0 0 0 0
 253      40 dm-40 0 0 0 0 0 0 0 0 0 0 0 0 0 0 0
 253      41 dm-41 0 0 0 0 0 0 0 0 0 0 0 0 0 0 0
 253      42 dm-42 0 0 0 0 0 0 0 0 0 0 0 0 0 0 0
 253      43 dm-43 7094 0 282112 7732 811 0 12384 884 0 6896 8616 0 0 0 0

3138
   1       0 ram0 0 0 0 0 0 0 0 0 0 0 0 0 0 0 0
   1       1 ram1 0 0 0 0 0 0 0 0 0 0 0 0 0 0 0
   1       2 ram2 0 0 0 0 0 0 0 0 0 0 0 0 0 0 0
   1       3 ram3 0 0 0 0 0 0 0 0 0 0 0 0 0 0 0
   1       4 ram4 0 0 0 0 0 0 0 0 0 0 0 0 0 0 0
   1       5 ram5 0 0 0 0 0 0 0 0 0 0 0 0 0 0 0
   1       6 ram6 0 0 0 0 0 0 0 0 0 0 0 0 0 0 0
   1       7 ram7 0 0 0 0 0 0 0 0 0 0 0 0 0 0 0
   1       8 ram8 0 0 0 0 0 0 0 0 0 0 0 0 0 0 0
   1       9 ram9 0 0 0 0 0 0 0 0 0 0 0 0 0 0 0
   1      10 ram10 0 0 0 0 0 0 0 0 0 0 0 0 0 0 0
   1      11 ram11 0 0 0 0 0 0 0 0 0 0 0 0 0 0 0
   1      12 ram12 0 0 0 0 0 0 0 0 0 0 0 0 0 0 0
   1      13 ram13 0 0 0 0 0 0 0 0 0 0 0 0 0 0 0
   1      14 ram14 0 0 0 0 0 0 0 0 0 0 0 0 0 0 0
   1      15 ram15 0 0 0 0 0 0 0 0 0 0 0 0 0 0 0
   7       0 loop0 183 0 16168 352 0 0 0 0 0 344 116 0 0 0 0
   7       8 loop1 70 0 9008 122 0 0 0 0 0 136 32 0 0 0 0
   7      16 loop2 27 0 216 13 0 0 0 0 0 32 0 0 0 0 0
   7      24 loop3 12 0 296 8 0 0 0 0 0 32 0 0 0 0 0
   7      32 loop4 36 1 3040 29 0 0 0 0 0 56 0 0 0 0 0
   7      40 loop5 220 1 27696 340 0 0 0 0 0 476 60 0 0 0 0
   7      48 loop6 17 0 744 15 0 0 0 0 0 48 0 0 0 0 0
   7      56 loop7 61 0 6856 58 0 0 0 0 0 148 0 0 0 0 0
   7      64 loop8 25 0 1408 16 0 0 0 0 0 96 0 0 0 0 0
   7      72 loop9 735 6 74728 1831 0 0 0 0 0 2044 744 0 0 0 0
   7      80 loop10 24 0 192 17 0 0 0 0 0 28 0 0 0 0 0
   7      88 loop11 32 0 2400 25 0 0 0 0 0 84 0 0 0 0 0
   7      96 loop12 566 3 71288 506 0 0 0 0 0 1112 20 0 0 0 0
   7     104 loop13 27 0 216 48 0 0 0 0 0 44 8 0 0 0 0
   7     112 loop14 15 0 280 9 0 0 0 0 0 40 0 0 0 0 0
   7     120 loop15 52 0 4752 144 0 0 0 0 0 220 76 0 0 0 0
 254       0 zram0 0 0 0 0 0 0 0 0 0 0 0 0 0 0 0
 179       0 mmcblk0 2020 1821 144350 1721 12 0 48 14 0 1592 376 0 0 0 0
 179       1 mmcblk0p1 0 0 0 0 0 0 0 0 0 0 0 0 0 0 0
 179       2 mmcblk0p2 0 0 0 0 0 0 0 0 0 0 0 0 0 0 0
 179       3 mmcblk0p3 0 0 0 0 0 0 0 0 0 0 0 0 0 0 0
 179       4 mmcblk0p4 16 0 146 3 1 0 8 0 0 12 0 0 0 0 0
 179       5 mmcblk0p5 0 0 0 0 0 0 0 0 0 0 0 0 0 0 0
 179       6 mmcblk0p6 0 0 0 0 0 0 0 0 0 0 0 0 0 0 0
 179       7 mmcblk0p7 0 0 0 0 0 0 0 0 0 0 0 0 0 0 0
 179       8 mmcblk0p8 0 0 0 0 0 0 0 0 0 0 0 0 0 0 0
 179       9 mmcblk0p9 0 0 0 0 0 0 0 0 0 0 0 0 0 0 0
 179      10 mmcblk0p10 0 0 0 0 0 0 0 0 0 0 0 0 0 0 0
 179      11 mmcblk0p11 0 0 0 0 0 0 0 0 0 0 0 0 0 0 0
 179      12 mmcblk0p12 0 0 0 0 0 0 0 0 0 0 0 0 0 0 0
 179      13 mmcblk0p13 0 0 0 0 0 0 0 0 0 0 0 0 0 0 0
 179      14 mmcblk0p14 0 0 0 0 0 0 0 0 0 0 0 0 0 0 0
 179      15 mmcblk0p15 0 0 0 0 0 0 0 0 0 0 0 0 0 0 0
 179      16 mmcblk0p16 0 0 0 0 0 0 0 0 0 0 0 0 0 0 0
 179      17 mmcblk0p17 0 0 0 0 0 0 0 0 0 0 0 0 0 0 0
 179      18 mmcblk0p18 0 0 0 0 0 0 0 0 0 0 0 0 0 0 0
 179      19 mmcblk0p19 0 0 0 0 0 0 0 0 0 0 0 0 0 0 0
 179      20 mmcblk0p20 0 0 0 0 0 0 0 0 0 0 0 0 0 0 0
 179      21 mmcblk0p21 54 57 111 17 0 0 0 0 0 28 0 0 0 0 0
 179      22 mmcblk0p22 0 0 0 0 0 0 0 0 0 0 0 0 0 0 0
 179      23 mmcblk0p23 33 6 330 14 0 0 0 0 0 12 0 0 0 0 0
 179      24 mmcblk0p24 0 0 0 0 0 0 0 0 0 0 0 0 0 0 0
 179      25 mmcblk0p25 0 0 0 0 0 0 0 0 0 0 0 0 0 0 0
 179      26 mmcblk0p26 0 0 0 0 0 0 0 0 0 0 0 0 0 0 0
 179      27 mmcblk0p27 0 0 0 0 0 0 0 0 0 0 0 0 0 0 0
 179      28 mmcblk0p28 0 0 0 0 0 0 0 0 0 0 0 0 0 0 0
 179      29 mmcblk0p29 0 0 0 0 0 0 0 0 0 0 0 0 0 0 0
 179      30 mmcblk0p30 0 0 0 0 0 0 0 0 0 0 0 0 0 0 0
 179      31 mmcblk0p31 0 0 0 0 0 0 0 0 0 0 0 0 0 0 0
 259       0 mmcblk0p32 9 0 65 1 0 0 0 0 0 12 0 0 0 0 0
 259       1 mmcblk0p33 0 0 0 0 0 0 0 0 0 0 0 0 0 0 0
 259       2 mmcblk0p34 0 0 0 0 0 0 0 0 0 0 0 0 0 0 0
 259       3 mmcblk0p35 0 0 0 0 0 0 0 0 0 0 0 0 0 0 0
 259       4 mmcblk0p36 0 0 0 0 0 0 0 0 0 0 0 0 0 0 0
 259       5 mmcblk0p37 0 0 0 0 0 0 0 0 0 0 0 0 0 0 0
 259       6 mmcblk0p38 0 0 0 0 0 0 0 0 0 0 0 0 0 0 0
 259       7 mmcblk0p39 0 0 0 0 0 0 0 0 0 0 0 0 0 0 0
 259       8 mmcblk0p40 0 0 0 0 0 0 0 0 0 0 0 0 0 0 0
 259       9 mmcblk0p41 0 0 0 0 0 0 0 0 0 0 0 0 0 0 0
 259      10 mmcblk0p42 0 0 0 0 0 0 0 0 0 0 0 0 0 0 0
 259      11 mmcblk0p43 0 0 0 0 0 0 0 0 0 0 0 0 0 0 0
 259      12 mmcblk0p44 0 0 0 0 0 0 0 0 0 0 0 0 0 0 0
 259      13 mmcblk0p45 0 0 0 0 0 0 0 0 0 0 0 0 0 0 0
 259      14 mmcblk0p46 0 0 0 0 0 0 0 0 0 0 0 0 0 0 0
 259      15 mmcblk0p47 0 0 0 0 0 0 0 0 0 0 0 0 0 0 0
 259      16 mmcblk0p48 0 0 0 0 0 0 0 0 0 0 0 0 0 0 0
 259      17 mmcblk0p49 0 0 0 0 0 0 0 0 0 0 0 0 0 0 0
 259      18 mmcblk0p50 0 0 0 0 0 0 0 0 0 0 0 0 0 0 0
 259      19 mmcblk0p51 0 0 0 0 0 0 0 0 0 0 0 0 0 0 0
 259      20 mmcblk0p52 0 0 0 0 0 0 0 0 0 0 0 0 0 0 0
 259      21 mmcblk0p53 0 0 0 0 0 0 0 0 0 0 0 0 0 0 0
 259      22 mmcblk0p54 0 0 0 0 0 0 0 0 0 0 0 0 0 0 0
 259      23 mmcblk0p55 0 0 0 0 0 0 0 0 0 0 0 0 0 0 0
 259      24 mmcblk0p56 0 0 0 0 0 0 0 0 0 0 0 0 0 0 0
 259      25 mmcblk0p57 0 0 0 0 0 0 0 0 0 0 0 0 0 0 0
 259      26 mmcblk0p58 0 0 0 0 0 0 0 0 0 0 0 0 0 0 0
 259      27 mmcblk0p59 0 0 0 0 0 0 0 0 0 0 0 0 0 0 0
 259      28 mmcblk0p60 0 0 0 0 0 0 0 0 0 0 0 0 0 0 0
 259      29 mmcblk0p61 0 0 0 0 0 0 0 0 0 0 0 0 0 0 0
 259      30 mmcblk0p62 0 0 0 0 0 0 0 0 0 0 0 0 0 0 0
 259      31 mmcblk0p63 0 0 0 0 0 0 0 0 0 0 0 0 0 0 0
 259      32 mmcblk0p64 0 0 0 0 0 0 0 0 0 0 0 0 0 0 0
 259      33 mmcblk0p65 0 0 0 0 0 0 0 0 0 0 0 0 0 0 0
 259      34 mmcblk0p66 0 0 0 0 0 0 0 0 0 0 0 0 0 0 0
 259      35 mmcblk0p67 1851 1758 140712 1643 0 0 0 0 0 1520 360 0 0 0 0
 259      36 mmcblk0p68 1 0 128 1 0 0 0 0 0 4 0 0 0 0 0
 259      37 mmcblk0p69 0 0 0 0 0 0 0 0 0 0 0 0 0 0 0
 259      38 mmcblk0p70 0 0 0 0 0 0 0 0 0 0 0 0 0 0 0
 259      39 mmcblk0p71 0 0 0 0 0 0 0 0 0 0 0 0 0 0 0
 259      40 mmcblk0p72 47 0 2666 36 5 0 40 12 0 64 16 0 0 0 0
 259      41 mmcblk0p73 1 0 128 1 0 0 0 0 0 4 0 0 0 0 0
 259      42 mmcblk0p74 0 0 0 0 0 0 0 0 0 0 0 0 0 0 0
 259      43 mmcblk0p75 0 0 0 0 0 0 0 0 0 0 0 0 0 0 0
 259      44 mmcblk0p76 0 0 0 0 0 0 0 0 0 0 0 0 0 0 0
 259      45 mmcblk0p77 0 0 0 0 0 0 0 0 0 0 0 0 0 0 0
 259      46 mmcblk0p78 0 0 0 0 0 0 0 0 0 0 0 0 0 0 0
 259      47 mmcblk0p79 0 0 0 0 0 0 0 0 0 0 0 0 0 0 0
 259      48 mmcblk0p80 0 0 0 0 0 0 0 0 0 0 0 0 0 0 0
 253       0 dm-0 562 0 93888 912 0 0 0 0 0 664 912 0 0 0 0
 253       1 dm-1 6977 0 1027944 20036 0 0 0 0 0 8688 20036 0 0 0 0
 253       2 dm-2 3336 0 236344 5700 0 0 0 0 0 3472 5700 0 0 0 0
 253       3 dm-3 3702 0 470680 6912 0 0 0 0 0 6104 6912 0 0 0 0
 253       4 dm-4 5378 0 1015152 26804 0 0 0 0 0 8972 26804 0 0 0 0
 253       5 dm-5 2845 0 232416 6956 0 0 0 0 0 3672 6956 0 0 0 0
 253       6 dm-6 2882 0 464120 10296 0 0 0 0 0 6400 10296 0 0 0 0
 253       7 dm-7 345 0 92152 892 0 0 0 0 0 688 892 0 0 0 0
   7     128 loop16 19 0 536 21 0 0 0 0 0 56 8 0 0 0 0
   7     136 loop17 27 0 216 27 0 0 0 0 0 32 0 0 0 0 0
   7     144 loop18 15 0 208 16 0 0 0 0 0 52 4 0 0 0 0
   7     152 loop19 24 0 192 26 0 0 0 0 0 28 0 0 0 0 0
   7     160 loop20 42 0 3016 28 0 0 0 0 0 80 4 0 0 0 0
   7     168 loop21 24 0 1416 15 0 0 0 0 0 72 0 0 0 0 0
   7     176 loop22 73 0 7600 172 0 0 0 0 0 128 112 0 0 0 0
   7     184 loop23 102 0 10056 79 0 0 0 0 0 244 0 0 0 0 0
   7     192 loop24 31 1 2168 31 0 0 0 0 0 72 4 0 0 0 0
   7     200 loop25 2565 0 26056 2730 0 0 0 0 0 356 0 0 0 0 0
   7     208 loop26 109 0 17328 89 0 0 0 0 0 112 0 0 0 0 0
   7     216 loop27 9 0 72 4 0 0 0 0 0 20 0 0 0 0 0
   7     224 loop28 18 0 408 8 0 0 0 0 0 64 0 0 0 0 0
   7     232 loop29 85 0 9240 84 0 0 0 0 0 248 0 0 0 0 0
   7     240 loop30 28 0 864 15 0 0 0 0 0 64 0 0 0 0 0
   7     248 loop31 103 1 9368 95 0 0 0 0 0 360 8 0 0 0 0
   7     256 loop32 52 0 6576 71 0 0 0 0 0 128 20 0 0 0 0
   7     264 loop33 111 1 14760 254 0 0 0 0 0 156 124 0 0 0 0
   7     272 loop34 106 5 11816 79 0 0 0 0 0 152 0 0 0 0 0
   7     280 loop35 27 0 1840 19 0 0 0 0 0 56 0 0 0 0 0
   7     288 loop36 72 0 9048 123 0 0 0 0 0 140 44 0 0 0 0
   7     296 loop37 17 0 224 6 0 0 0 0 0 40 0 0 0 0 0
   7     304 loop38 192 1 17096 289 0 0 0 0 0 436 100 0 0 0 0
   7     312 loop39 397 14 37240 324 0 0 0 0 0 1012 8 0 0 0 0
 253       8 dm-8 0 0 0 0 0 0 0 0 0 0 0 0 0 0 0
 253       9 dm-9 92 0 11664 68 0 0 0 0 0 152 68 0 0 0 0
 253      10 dm-10 168 0 16896 396 0 0 0 0 0 452 396 0 0 0 0
 253      11 dm-11 483 0 70600 1116 0 0 0 0 0 1188 1116 0 0 0 0
 253      12 dm-12 0 0 0 0 0 0 0 0 0 0 0 0 0 0 0
 253      13 dm-13 93 0 14608 484 0 0 0 0 0 168 484 0 0 0 0
 253      14 dm-14 0 0 0 0 0 0 0 0 0 0 0 0 0 0 0
 253      15 dm-15 22 0 1800 4 0 0 0 0 0 52 4 0 0 0 0
 253      16 dm-16 0 0 0 0 0 0 0 0 0 0 0 0 0 0 0
 253      17 dm-17 0 0 0 0 0 0 0 0 0 0 0 0 0 0 0
 253      18 dm-18 41 0 6488 68 0 0 0 0 0 120 68 0 0 0 0
 253      19 dm-19 69 0 9112 204 0 0 0 0 0 248 204 0 0 0 0
 253      20 dm-20 365 0 36872 772 0 0 0 0 0 1060 772 0 0 0 0
 253      21 dm-21 23 0 824 8 0 0 0 0 0 60 8 0 0 0 0
 253      22 dm-22 16 0 392 88 0 0 0 0 0 68 88 0 0 0 0
 253      23 dm-23 0 0 0 0 0 0 0 0 0 0 0 0 0 0 0
 253      24 dm-24 15 0 208 4 0 0 0 0 0 36 4 0 0 0 0
 253      25 dm-25 5 0 40 8 0 0 0 0 0 20 8 0 0 0 0
 253      26 dm-26 87 0 17152 112 0 0 0 0 0 120 112 0 0 0 0
 253      27 dm-27 0 0 0 0 0 0 0 0 0 0 0 0 0 0 0
 253      28 dm-28 2552 0 25952 3048 0 0 0 0 0 352 3048 0 0 0 0
 253      29 dm-29 0 0 0 0 0 0 0 0 0 0 0 0 0 0 0
 253      30 dm-30 0 0 0 0 0 0 0 0 0 0 0 0 0 0 0
 253      31 dm-31 0 0 0 0 0 0 0 0 0 0 0 0 0 0 0
 253      32 dm-32 90 0 9256 212 0 0 0 0 0 392 212 0 0 0 0
 253      33 dm-33 0 0 0 0 0 0 0 0 0 0 0 0 0 0 0
 253      34 dm-34 26 0 2120 76 0 0 0 0 0 72 76 0 0 0 0
 253      35 dm-35 56 0 7464 184 0 0 0 0 0 124 184 0 0 0 0
 253      36 dm-36 89 0 9952 152 0 0 0 0 0 244 152 0 0 0 0
 253      37 dm-37 0 0 0 0 0 0 0 0 0 0 0 0 0 0 0
 253      38 dm-38 20 0 1384 16 0 0 0 0 0 76 16 0 0 0 0
 253      39 dm-39 34 0 2952 36 0 0 0 0 0 84 36 0 0 0 0
 253      40 dm-40 0 0 0 0 0 0 0 0 0 0 0 0 0 0 0
 253      41 dm-41 0 0 0 0 0 0 0 0 0 0 0 0 0 0 0
 253      42 dm-42 0 0 0 0 0 0 0 0 0 0 0 0 0 0 0
 253      43 dm-43 7094 0 282112 7732 811 0 12384 884 0 6896 8616 0 0 0 0

3165
   1       0 ram0 0 0 0 0 0 0 0 0 0 0 0 0 0 0 0
   1       1 ram1 0 0 0 0 0 0 0 0 0 0 0 0 0 0 0
   1       2 ram2 0 0 0 0 0 0 0 0 0 0 0 0 0 0 0
   1       3 ram3 0 0 0 0 0 0 0 0 0 0 0 0 0 0 0
   1       4 ram4 0 0 0 0 0 0 0 0 0 0 0 0 0 0 0
   1       5 ram5 0 0 0 0 0 0 0 0 0 0 0 0 0 0 0
   1       6 ram6 0 0 0 0 0 0 0 0 0 0 0 0 0 0 0
   1       7 ram7 0 0 0 0 0 0 0 0 0 0 0 0 0 0 0
   1       8 ram8 0 0 0 0 0 0 0 0 0 0 0 0 0 0 0
   1       9 ram9 0 0 0 0 0 0 0 0 0 0 0 0 0 0 0
   1      10 ram10 0 0 0 0 0 0 0 0 0 0 0 0 0 0 0
   1      11 ram11 0 0 0 0 0 0 0 0 0 0 0 0 0 0 0
   1      12 ram12 0 0 0 0 0 0 0 0 0 0 0 0 0 0 0
   1      13 ram13 0 0 0 0 0 0 0 0 0 0 0 0 0 0 0
   1      14 ram14 0 0 0 0 0 0 0 0 0 0 0 0 0 0 0
   1      15 ram15 0 0 0 0 0 0 0 0 0 0 0 0 0 0 0
   7       0 loop0 183 0 16168 352 0 0 0 0 0 344 116 0 0 0 0
   7       8 loop1 70 0 9008 122 0 0 0 0 0 136 32 0 0 0 0
   7      16 loop2 27 0 216 13 0 0 0 0 0 32 0 0 0 0 0
   7      24 loop3 12 0 296 8 0 0 0 0 0 32 0 0 0 0 0
   7      32 loop4 36 1 3040 29 0 0 0 0 0 56 0 0 0 0 0
   7      40 loop5 220 1 27696 340 0 0 0 0 0 476 60 0 0 0 0
   7      48 loop6 17 0 744 15 0 0 0 0 0 48 0 0 0 0 0
   7      56 loop7 61 0 6856 58 0 0 0 0 0 148 0 0 0 0 0
   7      64 loop8 25 0 1408 16 0 0 0 0 0 96 0 0 0 0 0
   7      72 loop9 735 6 74728 1831 0 0 0 0 0 2044 744 0 0 0 0
   7      80 loop10 24 0 192 17 0 0 0 0 0 28 0 0 0 0 0
   7      88 loop11 32 0 2400 25 0 0 0 0 0 84 0 0 0 0 0
   7      96 loop12 566 3 71288 506 0 0 0 0 0 1112 20 0 0 0 0
   7     104 loop13 27 0 216 48 0 0 0 0 0 44 8 0 0 0 0
   7     112 loop14 15 0 280 9 0 0 0 0 0 40 0 0 0 0 0
   7     120 loop15 52 0 4752 144 0 0 0 0 0 220 76 0 0 0 0
 254       0 zram0 0 0 0 0 0 0 0 0 0 0 0 0 0 0 0
 179       0 mmcblk0 2020 1821 144350 1721 12 0 48 14 0 1592 376 0 0 0 0
 179       1 mmcblk0p1 0 0 0 0 0 0 0 0 0 0 0 0 0 0 0
 179       2 mmcblk0p2 0 0 0 0 0 0 0 0 0 0 0 0 0 0 0
 179       3 mmcblk0p3 0 0 0 0 0 0 0 0 0 0 0 0 0 0 0
 179       4 mmcblk0p4 16 0 146 3 1 0 8 0 0 12 0 0 0 0 0
 179       5 mmcblk0p5 0 0 0 0 0 0 0 0 0 0 0 0 0 0 0
 179       6 mmcblk0p6 0 0 0 0 0 0 0 0 0 0 0 0 0 0 0
 179       7 mmcblk0p7 0 0 0 0 0 0 0 0 0 0 0 0 0 0 0
 179       8 mmcblk0p8 0 0 0 0 0 0 0 0 0 0 0 0 0 0 0
 179       9 mmcblk0p9 0 0 0 0 0 0 0 0 0 0 0 0 0 0 0
 179      10 mmcblk0p10 0 0 0 0 0 0 0 0 0 0 0 0 0 0 0
 179      11 mmcblk0p11 0 0 0 0 0 0 0 0 0 0 0 0 0 0 0
 179      12 mmcblk0p12 0 0 0 0 0 0 0 0 0 0 0 0 0 0 0
 179      13 mmcblk0p13 0 0 0 0 0 0 0 0 0 0 0 0 0 0 0
 179      14 mmcblk0p14 0 0 0 0 0 0 0 0 0 0 0 0 0 0 0
 179      15 mmcblk0p15 0 0 0 0 0 0 0 0 0 0 0 0 0 0 0
 179      16 mmcblk0p16 0 0 0 0 0 0 0 0 0 0 0 0 0 0 0
 179      17 mmcblk0p17 0 0 0 0 0 0 0 0 0 0 0 0 0 0 0
 179      18 mmcblk0p18 0 0 0 0 0 0 0 0 0 0 0 0 0 0 0
 179      19 mmcblk0p19 0 0 0 0 0 0 0 0 0 0 0 0 0 0 0
 179      20 mmcblk0p20 0 0 0 0 0 0 0 0 0 0 0 0 0 0 0
 179      21 mmcblk0p21 54 57 111 17 0 0 0 0 0 28 0 0 0 0 0
 179      22 mmcblk0p22 0 0 0 0 0 0 0 0 0 0 0 0 0 0 0
 179      23 mmcblk0p23 33 6 330 14 0 0 0 0 0 12 0 0 0 0 0
 179      24 mmcblk0p24 0 0 0 0 0 0 0 0 0 0 0 0 0 0 0
 179      25 mmcblk0p25 0 0 0 0 0 0 0 0 0 0 0 0 0 0 0
 179      26 mmcblk0p26 0 0 0 0 0 0 0 0 0 0 0 0 0 0 0
 179      27 mmcblk0p27 0 0 0 0 0 0 0 0 0 0 0 0 0 0 0
 179      28 mmcblk0p28 0 0 0 0 0 0 0 0 0 0 0 0 0 0 0
 179      29 mmcblk0p29 0 0 0 0 0 0 0 0 0 0 0 0 0 0 0
 179      30 mmcblk0p30 0 0 0 0 0 0 0 0 0 0 0 0 0 0 0
 179      31 mmcblk0p31 0 0 0 0 0 0 0 0 0 0 0 0 0 0 0
 259       0 mmcblk0p32 9 0 65 1 0 0 0 0 0 12 0 0 0 0 0
 259       1 mmcblk0p33 0 0 0 0 0 0 0 0 0 0 0 0 0 0 0
 259       2 mmcblk0p34 0 0 0 0 0 0 0 0 0 0 0 0 0 0 0
 259       3 mmcblk0p35 0 0 0 0 0 0 0 0 0 0 0 0 0 0 0
 259       4 mmcblk0p36 0 0 0 0 0 0 0 0 0 0 0 0 0 0 0
 259       5 mmcblk0p37 0 0 0 0 0 0 0 0 0 0 0 0 0 0 0
 259       6 mmcblk0p38 0 0 0 0 0 0 0 0 0 0 0 0 0 0 0
 259       7 mmcblk0p39 0 0 0 0 0 0 0 0 0 0 0 0 0 0 0
 259       8 mmcblk0p40 0 0 0 0 0 0 0 0 0 0 0 0 0 0 0
 259       9 mmcblk0p41 0 0 0 0 0 0 0 0 0 0 0 0 0 0 0
 259      10 mmcblk0p42 0 0 0 0 0 0 0 0 0 0 0 0 0 0 0
 259      11 mmcblk0p43 0 0 0 0 0 0 0 0 0 0 0 0 0 0 0
 259      12 mmcblk0p44 0 0 0 0 0 0 0 0 0 0 0 0 0 0 0
 259      13 mmcblk0p45 0 0 0 0 0 0 0 0 0 0 0 0 0 0 0
 259      14 mmcblk0p46 0 0 0 0 0 0 0 0 0 0 0 0 0 0 0
 259      15 mmcblk0p47 0 0 0 0 0 0 0 0 0 0 0 0 0 0 0
 259      16 mmcblk0p48 0 0 0 0 0 0 0 0 0 0 0 0 0 0 0
 259      17 mmcblk0p49 0 0 0 0 0 0 0 0 0 0 0 0 0 0 0
 259      18 mmcblk0p50 0 0 0 0 0 0 0 0 0 0 0 0 0 0 0
 259      19 mmcblk0p51 0 0 0 0 0 0 0 0 0 0 0 0 0 0 0
 259      20 mmcblk0p52 0 0 0 0 0 0 0 0 0 0 0 0 0 0 0
 259      21 mmcblk0p53 0 0 0 0 0 0 0 0 0 0 0 0 0 0 0
 259      22 mmcblk0p54 0 0 0 0 0 0 0 0 0 0 0 0 0 0 0
 259      23 mmcblk0p55 0 0 0 0 0 0 0 0 0 0 0 0 0 0 0
 259      24 mmcblk0p56 0 0 0 0 0 0 0 0 0 0 0 0 0 0 0
 259      25 mmcblk0p57 0 0 0 0 0 0 0 0 0 0 0 0 0 0 0
 259      26 mmcblk0p58 0 0 0 0 0 0 0 0 0 0 0 0 0 0 0
 259      27 mmcblk0p59 0 0 0 0 0 0 0 0 0 0 0 0 0 0 0
 259      28 mmcblk0p60 0 0 0 0 0 0 0 0 0 0 0 0 0 0 0
 259      29 mmcblk0p61 0 0 0 0 0 0 0 0 0 0 0 0 0 0 0
 259      30 mmcblk0p62 0 0 0 0 0 0 0 0 0 0 0 0 0 0 0
 259      31 mmcblk0p63 0 0 0 0 0 0 0 0 0 0 0 0 0 0 0
 259      32 mmcblk0p64 0 0 0 0 0 0 0 0 0 0 0 0 0 0 0
 259      33 mmcblk0p65 0 0 0 0 0 0 0 0 0 0 0 0 0 0 0
 259      34 mmcblk0p66 0 0 0 0 0 0 0 0 0 0 0 0 0 0 0
 259      35 mmcblk0p67 1851 1758 140712 1643 0 0 0 0 0 1520 360 0 0 0 0
 259      36 mmcblk0p68 1 0 128 1 0 0 0 0 0 4 0 0 0 0 0
 259      37 mmcblk0p69 0 0 0 0 0 0 0 0 0 0 0 0 0 0 0
 259      38 mmcblk0p70 0 0 0 0 0 0 0 0 0 0 0 0 0 0 0
 259      39 mmcblk0p71 0 0 0 0 0 0 0 0 0 0 0 0 0 0 0
 259      40 mmcblk0p72 47 0 2666 36 5 0 40 12 0 64 16 0 0 0 0
 259      41 mmcblk0p73 1 0 128 1 0 0 0 0 0 4 0 0 0 0 0
 259      42 mmcblk0p74 0 0 0 0 0 0 0 0 0 0 0 0 0 0 0
 259      43 mmcblk0p75 0 0 0 0 0 0 0 0 0 0 0 0 0 0 0
 259      44 mmcblk0p76 0 0 0 0 0 0 0 0 0 0 0 0 0 0 0
 259      45 mmcblk0p77 0 0 0 0 0 0 0 0 0 0 0 0 0 0 0
 259      46 mmcblk0p78 0 0 0 0 0 0 0 0 0 0 0 0 0 0 0
 259      47 mmcblk0p79 0 0 0 0 0 0 0 0 0 0 0 0 0 0 0
 259      48 mmcblk0p80 0 0 0 0 0 0 0 0 0 0 0 0 0 0 0
 253       0 dm-0 562 0 93888 912 0 0 0 0 0 664 912 0 0 0 0
 253       1 dm-1 6993 0 1033008 20084 0 0 0 0 0 8768 20084 0 0 0 0
 253       2 dm-2 3336 0 236344 5700 0 0 0 0 0 3472 5700 0 0 0 0
 253       3 dm-3 3702 0 470680 6912 0 0 0 0 0 6104 6912 0 0 0 0
 253       4 dm-4 5393 0 1020208 26872 0 0 0 0 0 9048 26872 0 0 0 0
 253       5 dm-5 2845 0 232416 6956 0 0 0 0 0 3672 6956 0 0 0 0
 253       6 dm-6 2882 0 464120 10296 0 0 0 0 0 6400 10296 0 0 0 0
 253       7 dm-7 345 0 92152 892 0 0 0 0 0 688 892 0 0 0 0
   7     128 loop16 19 0 536 21 0 0 0 0 0 56 8 0 0 0 0
   7     136 loop17 27 0 216 27 0 0 0 0 0 32 0 0 0 0 0
   7     144 loop18 15 0 208 16 0 0 0 0 0 52 4 0 0 0 0
   7     152 loop19 24 0 192 26 0 0 0 0 0 28 0 0 0 0 0
   7     160 loop20 42 0 3016 28 0 0 0 0 0 80 4 0 0 0 0
   7     168 loop21 24 0 1416 15 0 0 0 0 0 72 0 0 0 0 0
   7     176 loop22 73 0 7600 172 0 0 0 0 0 128 112 0 0 0 0
   7     184 loop23 102 0 10056 79 0 0 0 0 0 244 0 0 0 0 0
   7     192 loop24 31 1 2168 31 0 0 0 0 0 72 4 0 0 0 0
   7     200 loop25 2565 0 26056 2730 0 0 0 0 0 356 0 0 0 0 0
   7     208 loop26 109 0 17328 89 0 0 0 0 0 112 0 0 0 0 0
   7     216 loop27 9 0 72 4 0 0 0 0 0 20 0 0 0 0 0
   7     224 loop28 18 0 408 8 0 0 0 0 0 64 0 0 0 0 0
   7     232 loop29 85 0 9240 84 0 0 0 0 0 248 0 0 0 0 0
   7     240 loop30 28 0 864 15 0 0 0 0 0 64 0 0 0 0 0
   7     248 loop31 103 1 9368 95 0 0 0 0 0 360 8 0 0 0 0
   7     256 loop32 52 0 6576 71 0 0 0 0 0 128 20 0 0 0 0
   7     264 loop33 111 1 14760 254 0 0 0 0 0 156 124 0 0 0 0
   7     272 loop34 106 5 11816 79 0 0 0 0 0 152 0 0 0 0 0
   7     280 loop35 27 0 1840 19 0 0 0 0 0 56 0 0 0 0 0
   7     288 loop36 72 0 9048 123 0 0 0 0 0 140 44 0 0 0 0
   7     296 loop37 17 0 224 6 0 0 0 0 0 40 0 0 0 0 0
   7     304 loop38 192 1 17096 289 0 0 0 0 0 436 100 0 0 0 0
   7     312 loop39 397 14 37240 324 0 0 0 0 0 1012 8 0 0 0 0
 253       8 dm-8 0 0 0 0 0 0 0 0 0 0 0 0 0 0 0
 253       9 dm-9 92 0 11664 68 0 0 0 0 0 152 68 0 0 0 0
 253      10 dm-10 168 0 16896 396 0 0 0 0 0 452 396 0 0 0 0
 253      11 dm-11 483 0 70600 1116 0 0 0 0 0 1188 1116 0 0 0 0
 253      12 dm-12 0 0 0 0 0 0 0 0 0 0 0 0 0 0 0
 253      13 dm-13 93 0 14608 484 0 0 0 0 0 168 484 0 0 0 0
 253      14 dm-14 0 0 0 0 0 0 0 0 0 0 0 0 0 0 0
 253      15 dm-15 22 0 1800 4 0 0 0 0 0 52 4 0 0 0 0
 253      16 dm-16 0 0 0 0 0 0 0 0 0 0 0 0 0 0 0
 253      17 dm-17 0 0 0 0 0 0 0 0 0 0 0 0 0 0 0
 253      18 dm-18 41 0 6488 68 0 0 0 0 0 120 68 0 0 0 0
 253      19 dm-19 69 0 9112 204 0 0 0 0 0 248 204 0 0 0 0
 253      20 dm-20 365 0 36872 772 0 0 0 0 0 1060 772 0 0 0 0
 253      21 dm-21 23 0 824 8 0 0 0 0 0 60 8 0 0 0 0
 253      22 dm-22 16 0 392 88 0 0 0 0 0 68 88 0 0 0 0
 253      23 dm-23 0 0 0 0 0 0 0 0 0 0 0 0 0 0 0
 253      24 dm-24 15 0 208 4 0 0 0 0 0 36 4 0 0 0 0
 253      25 dm-25 5 0 40 8 0 0 0 0 0 20 8 0 0 0 0
 253      26 dm-26 87 0 17152 112 0 0 0 0 0 120 112 0 0 0 0
 253      27 dm-27 0 0 0 0 0 0 0 0 0 0 0 0 0 0 0
 253      28 dm-28 2552 0 25952 3048 0 0 0 0 0 352 3048 0 0 0 0
 253      29 dm-29 0 0 0 0 0 0 0 0 0 0 0 0 0 0 0
 253      30 dm-30 0 0 0 0 0 0 0 0 0 0 0 0 0 0 0
 253      31 dm-31 0 0 0 0 0 0 0 0 0 0 0 0 0 0 0
 253      32 dm-32 90 0 9256 212 0 0 0 0 0 392 212 0 0 0 0
 253      33 dm-33 0 0 0 0 0 0 0 0 0 0 0 0 0 0 0
 253      34 dm-34 26 0 2120 76 0 0 0 0 0 72 76 0 0 0 0
 253      35 dm-35 56 0 7464 184 0 0 0 0 0 124 184 0 0 0 0
 253      36 dm-36 89 0 9952 152 0 0 0 0 0 244 152 0 0 0 0
 253      37 dm-37 0 0 0 0 0 0 0 0 0 0 0 0 0 0 0
 253      38 dm-38 20 0 1384 16 0 0 0 0 0 76 16 0 0 0 0
 253      39 dm-39 34 0 2952 36 0 0 0 0 0 84 36 0 0 0 0
 253      40 dm-40 0 0 0 0 0 0 0 0 0 0 0 0 0 0 0
 253      41 dm-41 0 0 0 0 0 0 0 0 0 0 0 0 0 0 0
 253      42 dm-42 0 0 0 0 0 0 0 0 0 0 0 0 0 0 0
 253      43 dm-43 7094 0 282112 7732 830 0 13280 912 0 6956 8644 0 0 0 0

3190
   1       0 ram0 0 0 0 0 0 0 0 0 0 0 0 0 0 0 0
   1       1 ram1 0 0 0 0 0 0 0 0 0 0 0 0 0 0 0
   1       2 ram2 0 0 0 0 0 0 0 0 0 0 0 0 0 0 0
   1       3 ram3 0 0 0 0 0 0 0 0 0 0 0 0 0 0 0
   1       4 ram4 0 0 0 0 0 0 0 0 0 0 0 0 0 0 0
   1       5 ram5 0 0 0 0 0 0 0 0 0 0 0 0 0 0 0
   1       6 ram6 0 0 0 0 0 0 0 0 0 0 0 0 0 0 0
   1       7 ram7 0 0 0 0 0 0 0 0 0 0 0 0 0 0 0
   1       8 ram8 0 0 0 0 0 0 0 0 0 0 0 0 0 0 0
   1       9 ram9 0 0 0 0 0 0 0 0 0 0 0 0 0 0 0
   1      10 ram10 0 0 0 0 0 0 0 0 0 0 0 0 0 0 0
   1      11 ram11 0 0 0 0 0 0 0 0 0 0 0 0 0 0 0
   1      12 ram12 0 0 0 0 0 0 0 0 0 0 0 0 0 0 0
   1      13 ram13 0 0 0 0 0 0 0 0 0 0 0 0 0 0 0
   1      14 ram14 0 0 0 0 0 0 0 0 0 0 0 0 0 0 0
   1      15 ram15 0 0 0 0 0 0 0 0 0 0 0 0 0 0 0
   7       0 loop0 183 0 16168 352 0 0 0 0 0 344 116 0 0 0 0
   7       8 loop1 70 0 9008 122 0 0 0 0 0 136 32 0 0 0 0
   7      16 loop2 27 0 216 13 0 0 0 0 0 32 0 0 0 0 0
   7      24 loop3 12 0 296 8 0 0 0 0 0 32 0 0 0 0 0
   7      32 loop4 36 1 3040 29 0 0 0 0 0 56 0 0 0 0 0
   7      40 loop5 220 1 27696 340 0 0 0 0 0 476 60 0 0 0 0
   7      48 loop6 17 0 744 15 0 0 0 0 0 48 0 0 0 0 0
   7      56 loop7 61 0 6856 58 0 0 0 0 0 148 0 0 0 0 0
   7      64 loop8 25 0 1408 16 0 0 0 0 0 96 0 0 0 0 0
   7      72 loop9 735 6 74728 1831 0 0 0 0 0 2044 744 0 0 0 0
   7      80 loop10 24 0 192 17 0 0 0 0 0 28 0 0 0 0 0
   7      88 loop11 32 0 2400 25 0 0 0 0 0 84 0 0 0 0 0
   7      96 loop12 566 3 71288 506 0 0 0 0 0 1112 20 0 0 0 0
   7     104 loop13 27 0 216 48 0 0 0 0 0 44 8 0 0 0 0
   7     112 loop14 15 0 280 9 0 0 0 0 0 40 0 0 0 0 0
   7     120 loop15 52 0 4752 144 0 0 0 0 0 220 76 0 0 0 0
 254       0 zram0 0 0 0 0 0 0 0 0 0 0 0 0 0 0 0
 179       0 mmcblk0 2020 1821 144350 1721 12 0 48 14 0 1592 376 0 0 0 0
 179       1 mmcblk0p1 0 0 0 0 0 0 0 0 0 0 0 0 0 0 0
 179       2 mmcblk0p2 0 0 0 0 0 0 0 0 0 0 0 0 0 0 0
 179       3 mmcblk0p3 0 0 0 0 0 0 0 0 0 0 0 0 0 0 0
 179       4 mmcblk0p4 16 0 146 3 1 0 8 0 0 12 0 0 0 0 0
 179       5 mmcblk0p5 0 0 0 0 0 0 0 0 0 0 0 0 0 0 0
 179       6 mmcblk0p6 0 0 0 0 0 0 0 0 0 0 0 0 0 0 0
 179       7 mmcblk0p7 0 0 0 0 0 0 0 0 0 0 0 0 0 0 0
 179       8 mmcblk0p8 0 0 0 0 0 0 0 0 0 0 0 0 0 0 0
 179       9 mmcblk0p9 0 0 0 0 0 0 0 0 0 0 0 0 0 0 0
 179      10 mmcblk0p10 0 0 0 0 0 0 0 0 0 0 0 0 0 0 0
 179      11 mmcblk0p11 0 0 0 0 0 0 0 0 0 0 0 0 0 0 0
 179      12 mmcblk0p12 0 0 0 0 0 0 0 0 0 0 0 0 0 0 0
 179      13 mmcblk0p13 0 0 0 0 0 0 0 0 0 0 0 0 0 0 0
 179      14 mmcblk0p14 0 0 0 0 0 0 0 0 0 0 0 0 0 0 0
 179      15 mmcblk0p15 0 0 0 0 0 0 0 0 0 0 0 0 0 0 0
 179      16 mmcblk0p16 0 0 0 0 0 0 0 0 0 0 0 0 0 0 0
 179      17 mmcblk0p17 0 0 0 0 0 0 0 0 0 0 0 0 0 0 0
 179      18 mmcblk0p18 0 0 0 0 0 0 0 0 0 0 0 0 0 0 0
 179      19 mmcblk0p19 0 0 0 0 0 0 0 0 0 0 0 0 0 0 0
 179      20 mmcblk0p20 0 0 0 0 0 0 0 0 0 0 0 0 0 0 0
 179      21 mmcblk0p21 54 57 111 17 0 0 0 0 0 28 0 0 0 0 0
 179      22 mmcblk0p22 0 0 0 0 0 0 0 0 0 0 0 0 0 0 0
 179      23 mmcblk0p23 33 6 330 14 0 0 0 0 0 12 0 0 0 0 0
 179      24 mmcblk0p24 0 0 0 0 0 0 0 0 0 0 0 0 0 0 0
 179      25 mmcblk0p25 0 0 0 0 0 0 0 0 0 0 0 0 0 0 0
 179      26 mmcblk0p26 0 0 0 0 0 0 0 0 0 0 0 0 0 0 0
 179      27 mmcblk0p27 0 0 0 0 0 0 0 0 0 0 0 0 0 0 0
 179      28 mmcblk0p28 0 0 0 0 0 0 0 0 0 0 0 0 0 0 0
 179      29 mmcblk0p29 0 0 0 0 0 0 0 0 0 0 0 0 0 0 0
 179      30 mmcblk0p30 0 0 0 0 0 0 0 0 0 0 0 0 0 0 0
 179      31 mmcblk0p31 0 0 0 0 0 0 0 0 0 0 0 0 0 0 0
 259       0 mmcblk0p32 9 0 65 1 0 0 0 0 0 12 0 0 0 0 0
 259       1 mmcblk0p33 0 0 0 0 0 0 0 0 0 0 0 0 0 0 0
 259       2 mmcblk0p34 0 0 0 0 0 0 0 0 0 0 0 0 0 0 0
 259       3 mmcblk0p35 0 0 0 0 0 0 0 0 0 0 0 0 0 0 0
 259       4 mmcblk0p36 0 0 0 0 0 0 0 0 0 0 0 0 0 0 0
 259       5 mmcblk0p37 0 0 0 0 0 0 0 0 0 0 0 0 0 0 0
 259       6 mmcblk0p38 0 0 0 0 0 0 0 0 0 0 0 0 0 0 0
 259       7 mmcblk0p39 0 0 0 0 0 0 0 0 0 0 0 0 0 0 0
 259       8 mmcblk0p40 0 0 0 0 0 0 0 0 0 0 0 0 0 0 0
 259       9 mmcblk0p41 0 0 0 0 0 0 0 0 0 0 0 0 0 0 0
 259      10 mmcblk0p42 0 0 0 0 0 0 0 0 0 0 0 0 0 0 0
 259      11 mmcblk0p43 0 0 0 0 0 0 0 0 0 0 0 0 0 0 0
 259      12 mmcblk0p44 0 0 0 0 0 0 0 0 0 0 0 0 0 0 0
 259      13 mmcblk0p45 0 0 0 0 0 0 0 0 0 0 0 0 0 0 0
 259      14 mmcblk0p46 0 0 0 0 0 0 0 0 0 0 0 0 0 0 0
 259      15 mmcblk0p47 0 0 0 0 0 0 0 0 0 0 0 0 0 0 0
 259      16 mmcblk0p48 0 0 0 0 0 0 0 0 0 0 0 0 0 0 0
 259      17 mmcblk0p49 0 0 0 0 0 0 0 0 0 0 0 0 0 0 0
 259      18 mmcblk0p50 0 0 0 0 0 0 0 0 0 0 0 0 0 0 0
 259      19 mmcblk0p51 0 0 0 0 0 0 0 0 0 0 0 0 0 0 0
 259      20 mmcblk0p52 0 0 0 0 0 0 0 0 0 0 0 0 0 0 0
 259      21 mmcblk0p53 0 0 0 0 0 0 0 0 0 0 0 0 0 0 0
 259      22 mmcblk0p54 0 0 0 0 0 0 0 0 0 0 0 0 0 0 0
 259      23 mmcblk0p55 0 0 0 0 0 0 0 0 0 0 0 0 0 0 0
 259      24 mmcblk0p56 0 0 0 0 0 0 0 0 0 0 0 0 0 0 0
 259      25 mmcblk0p57 0 0 0 0 0 0 0 0 0 0 0 0 0 0 0
 259      26 mmcblk0p58 0 0 0 0 0 0 0 0 0 0 0 0 0 0 0
 259      27 mmcblk0p59 0 0 0 0 0 0 0 0 0 0 0 0 0 0 0
 259      28 mmcblk0p60 0 0 0 0 0 0 0 0 0 0 0 0 0 0 0
 259      29 mmcblk0p61 0 0 0 0 0 0 0 0 0 0 0 0 0 0 0
 259      30 mmcblk0p62 0 0 0 0 0 0 0 0 0 0 0 0 0 0 0
 259      31 mmcblk0p63 0 0 0 0 0 0 0 0 0 0 0 0 0 0 0
 259      32 mmcblk0p64 0 0 0 0 0 0 0 0 0 0 0 0 0 0 0
 259      33 mmcblk0p65 0 0 0 0 0 0 0 0 0 0 0 0 0 0 0
 259      34 mmcblk0p66 0 0 0 0 0 0 0 0 0 0 0 0 0 0 0
 259      35 mmcblk0p67 1851 1758 140712 1643 0 0 0 0 0 1520 360 0 0 0 0
 259      36 mmcblk0p68 1 0 128 1 0 0 0 0 0 4 0 0 0 0 0
 259      37 mmcblk0p69 0 0 0 0 0 0 0 0 0 0 0 0 0 0 0
 259      38 mmcblk0p70 0 0 0 0 0 0 0 0 0 0 0 0 0 0 0
 259      39 mmcblk0p71 0 0 0 0 0 0 0 0 0 0 0 0 0 0 0
 259      40 mmcblk0p72 47 0 2666 36 5 0 40 12 0 64 16 0 0 0 0
 259      41 mmcblk0p73 1 0 128 1 0 0 0 0 0 4 0 0 0 0 0
 259      42 mmcblk0p74 0 0 0 0 0 0 0 0 0 0 0 0 0 0 0
 259      43 mmcblk0p75 0 0 0 0 0 0 0 0 0 0 0 0 0 0 0
 259      44 mmcblk0p76 0 0 0 0 0 0 0 0 0 0 0 0 0 0 0
 259      45 mmcblk0p77 0 0 0 0 0 0 0 0 0 0 0 0 0 0 0
 259      46 mmcblk0p78 0 0 0 0 0 0 0 0 0 0 0 0 0 0 0
 259      47 mmcblk0p79 0 0 0 0 0 0 0 0 0 0 0 0 0 0 0
 259      48 mmcblk0p80 0 0 0 0 0 0 0 0 0 0 0 0 0 0 0
 253       0 dm-0 562 0 93888 912 0 0 0 0 0 664 912 0 0 0 0
 253       1 dm-1 7000 0 1037264 20112 0 0 0 0 0 8804 20112 0 0 0 0
 253       2 dm-2 3336 0 236344 5700 0 0 0 0 0 3472 5700 0 0 0 0
 253       3 dm-3 3702 0 470680 6912 0 0 0 0 0 6104 6912 0 0 0 0
 253       4 dm-4 5399 0 1024456 26908 0 0 0 0 0 9088 26908 0 0 0 0
 253       5 dm-5 2845 0 232416 6956 0 0 0 0 0 3672 6956 0 0 0 0
 253       6 dm-6 2882 0 464120 10296 0 0 0 0 0 6400 10296 0 0 0 0
 253       7 dm-7 345 0 92152 892 0 0 0 0 0 688 892 0 0 0 0
   7     128 loop16 19 0 536 21 0 0 0 0 0 56 8 0 0 0 0
   7     136 loop17 27 0 216 27 0 0 0 0 0 32 0 0 0 0 0
   7     144 loop18 15 0 208 16 0 0 0 0 0 52 4 0 0 0 0
   7     152 loop19 24 0 192 26 0 0 0 0 0 28 0 0 0 0 0
   7     160 loop20 42 0 3016 28 0 0 0 0 0 80 4 0 0 0 0
   7     168 loop21 24 0 1416 15 0 0 0 0 0 72 0 0 0 0 0
   7     176 loop22 73 0 7600 172 0 0 0 0 0 128 112 0 0 0 0
   7     184 loop23 102 0 10056 79 0 0 0 0 0 244 0 0 0 0 0
   7     192 loop24 31 1 2168 31 0 0 0 0 0 72 4 0 0 0 0
   7     200 loop25 2565 0 26056 2730 0 0 0 0 0 356 0 0 0 0 0
   7     208 loop26 109 0 17328 89 0 0 0 0 0 112 0 0 0 0 0
   7     216 loop27 9 0 72 4 0 0 0 0 0 20 0 0 0 0 0
   7     224 loop28 18 0 408 8 0 0 0 0 0 64 0 0 0 0 0
   7     232 loop29 85 0 9240 84 0 0 0 0 0 248 0 0 0 0 0
   7     240 loop30 28 0 864 15 0 0 0 0 0 64 0 0 0 0 0
   7     248 loop31 103 1 9368 95 0 0 0 0 0 360 8 0 0 0 0
   7     256 loop32 52 0 6576 71 0 0 0 0 0 128 20 0 0 0 0
   7     264 loop33 111 1 14760 254 0 0 0 0 0 156 124 0 0 0 0
   7     272 loop34 106 5 11816 79 0 0 0 0 0 152 0 0 0 0 0
   7     280 loop35 27 0 1840 19 0 0 0 0 0 56 0 0 0 0 0
   7     288 loop36 72 0 9048 123 0 0 0 0 0 140 44 0 0 0 0
   7     296 loop37 17 0 224 6 0 0 0 0 0 40 0 0 0 0 0
   7     304 loop38 192 1 17096 289 0 0 0 0 0 436 100 0 0 0 0
   7     312 loop39 397 14 37240 324 0 0 0 0 0 1012 8 0 0 0 0
 253       8 dm-8 0 0 0 0 0 0 0 0 0 0 0 0 0 0 0
 253       9 dm-9 92 0 11664 68 0 0 0 0 0 152 68 0 0 0 0
 253      10 dm-10 168 0 16896 396 0 0 0 0 0 452 396 0 0 0 0
 253      11 dm-11 483 0 70600 1116 0 0 0 0 0 1188 1116 0 0 0 0
 253      12 dm-12 0 0 0 0 0 0 0 0 0 0 0 0 0 0 0
 253      13 dm-13 93 0 14608 484 0 0 0 0 0 168 484 0 0 0 0
 253      14 dm-14 0 0 0 0 0 0 0 0 0 0 0 0 0 0 0
 253      15 dm-15 22 0 1800 4 0 0 0 0 0 52 4 0 0 0 0
 253      16 dm-16 0 0 0 0 0 0 0 0 0 0 0 0 0 0 0
 253      17 dm-17 0 0 0 0 0 0 0 0 0 0 0 0 0 0 0
 253      18 dm-18 41 0 6488 68 0 0 0 0 0 120 68 0 0 0 0
 253      19 dm-19 69 0 9112 204 0 0 0 0 0 248 204 0 0 0 0
 253      20 dm-20 365 0 36872 772 0 0 0 0 0 1060 772 0 0 0 0
 253      21 dm-21 23 0 824 8 0 0 0 0 0 60 8 0 0 0 0
 253      22 dm-22 16 0 392 88 0 0 0 0 0 68 88 0 0 0 0
 253      23 dm-23 0 0 0 0 0 0 0 0 0 0 0 0 0 0 0
 253      24 dm-24 15 0 208 4 0 0 0 0 0 36 4 0 0 0 0
 253      25 dm-25 5 0 40 8 0 0 0 0 0 20 8 0 0 0 0
 253      26 dm-26 87 0 17152 112 0 0 0 0 0 120 112 0 0 0 0
 253      27 dm-27 0 0 0 0 0 0 0 0 0 0 0 0 0 0 0
 253      28 dm-28 2552 0 25952 3048 0 0 0 0 0 352 3048 0 0 0 0
 253      29 dm-29 0 0 0 0 0 0 0 0 0 0 0 0 0 0 0
 253      30 dm-30 0 0 0 0 0 0 0 0 0 0 0 0 0 0 0
 253      31 dm-31 0 0 0 0 0 0 0 0 0 0 0 0 0 0 0
 253      32 dm-32 90 0 9256 212 0 0 0 0 0 392 212 0 0 0 0
 253      33 dm-33 0 0 0 0 0 0 0 0 0 0 0 0 0 0 0
 253      34 dm-34 26 0 2120 76 0 0 0 0 0 72 76 0 0 0 0
 253      35 dm-35 56 0 7464 184 0 0 0 0 0 124 184 0 0 0 0
 253      36 dm-36 89 0 9952 152 0 0 0 0 0 244 152 0 0 0 0
 253      37 dm-37 0 0 0 0 0 0 0 0 0 0 0 0 0 0 0
 253      38 dm-38 20 0 1384 16 0 0 0 0 0 76 16 0 0 0 0
 253      39 dm-39 34 0 2952 36 0 0 0 0 0 84 36 0 0 0 0
 253      40 dm-40 0 0 0 0 0 0 0 0 0 0 0 0 0 0 0
 253      41 dm-41 0 0 0 0 0 0 0 0 0 0 0 0 0 0 0
 253      42 dm-42 0 0 0 0 0 0 0 0 0 0 0 0 0 0 0
 253      43 dm-43 7096 0 282144 7736 830 0 13280 912 0 6964 8648 0 0 0 0

3216
   1       0 ram0 0 0 0 0 0 0 0 0 0 0 0 0 0 0 0
   1       1 ram1 0 0 0 0 0 0 0 0 0 0 0 0 0 0 0
   1       2 ram2 0 0 0 0 0 0 0 0 0 0 0 0 0 0 0
   1       3 ram3 0 0 0 0 0 0 0 0 0 0 0 0 0 0 0
   1       4 ram4 0 0 0 0 0 0 0 0 0 0 0 0 0 0 0
   1       5 ram5 0 0 0 0 0 0 0 0 0 0 0 0 0 0 0
   1       6 ram6 0 0 0 0 0 0 0 0 0 0 0 0 0 0 0
   1       7 ram7 0 0 0 0 0 0 0 0 0 0 0 0 0 0 0
   1       8 ram8 0 0 0 0 0 0 0 0 0 0 0 0 0 0 0
   1       9 ram9 0 0 0 0 0 0 0 0 0 0 0 0 0 0 0
   1      10 ram10 0 0 0 0 0 0 0 0 0 0 0 0 0 0 0
   1      11 ram11 0 0 0 0 0 0 0 0 0 0 0 0 0 0 0
   1      12 ram12 0 0 0 0 0 0 0 0 0 0 0 0 0 0 0
   1      13 ram13 0 0 0 0 0 0 0 0 0 0 0 0 0 0 0
   1      14 ram14 0 0 0 0 0 0 0 0 0 0 0 0 0 0 0
   1      15 ram15 0 0 0 0 0 0 0 0 0 0 0 0 0 0 0
   7       0 loop0 183 0 16168 352 0 0 0 0 0 344 116 0 0 0 0
   7       8 loop1 70 0 9008 122 0 0 0 0 0 136 32 0 0 0 0
   7      16 loop2 27 0 216 13 0 0 0 0 0 32 0 0 0 0 0
   7      24 loop3 12 0 296 8 0 0 0 0 0 32 0 0 0 0 0
   7      32 loop4 36 1 3040 29 0 0 0 0 0 56 0 0 0 0 0
   7      40 loop5 232 1 29640 380 0 0 0 0 0 496 72 0 0 0 0
   7      48 loop6 17 0 744 15 0 0 0 0 0 48 0 0 0 0 0
   7      56 loop7 61 0 6856 58 0 0 0 0 0 148 0 0 0 0 0
   7      64 loop8 25 0 1408 16 0 0 0 0 0 96 0 0 0 0 0
   7      72 loop9 735 6 74728 1831 0 0 0 0 0 2044 744 0 0 0 0
   7      80 loop10 24 0 192 17 0 0 0 0 0 28 0 0 0 0 0
   7      88 loop11 32 0 2400 25 0 0 0 0 0 84 0 0 0 0 0
   7      96 loop12 566 3 71288 506 0 0 0 0 0 1112 20 0 0 0 0
   7     104 loop13 27 0 216 48 0 0 0 0 0 44 8 0 0 0 0
   7     112 loop14 15 0 280 9 0 0 0 0 0 40 0 0 0 0 0
   7     120 loop15 52 0 4752 144 0 0 0 0 0 220 76 0 0 0 0
 254       0 zram0 0 0 0 0 0 0 0 0 0 0 0 0 0 0 0
 179       0 mmcblk0 2020 1821 144350 1721 12 0 48 14 0 1592 376 0 0 0 0
 179       1 mmcblk0p1 0 0 0 0 0 0 0 0 0 0 0 0 0 0 0
 179       2 mmcblk0p2 0 0 0 0 0 0 0 0 0 0 0 0 0 0 0
 179       3 mmcblk0p3 0 0 0 0 0 0 0 0 0 0 0 0 0 0 0
 179       4 mmcblk0p4 16 0 146 3 1 0 8 0 0 12 0 0 0 0 0
 179       5 mmcblk0p5 0 0 0 0 0 0 0 0 0 0 0 0 0 0 0
 179       6 mmcblk0p6 0 0 0 0 0 0 0 0 0 0 0 0 0 0 0
 179       7 mmcblk0p7 0 0 0 0 0 0 0 0 0 0 0 0 0 0 0
 179       8 mmcblk0p8 0 0 0 0 0 0 0 0 0 0 0 0 0 0 0
 179       9 mmcblk0p9 0 0 0 0 0 0 0 0 0 0 0 0 0 0 0
 179      10 mmcblk0p10 0 0 0 0 0 0 0 0 0 0 0 0 0 0 0
 179      11 mmcblk0p11 0 0 0 0 0 0 0 0 0 0 0 0 0 0 0
 179      12 mmcblk0p12 0 0 0 0 0 0 0 0 0 0 0 0 0 0 0
 179      13 mmcblk0p13 0 0 0 0 0 0 0 0 0 0 0 0 0 0 0
 179      14 mmcblk0p14 0 0 0 0 0 0 0 0 0 0 0 0 0 0 0
 179      15 mmcblk0p15 0 0 0 0 0 0 0 0 0 0 0 0 0 0 0
 179      16 mmcblk0p16 0 0 0 0 0 0 0 0 0 0 0 0 0 0 0
 179      17 mmcblk0p17 0 0 0 0 0 0 0 0 0 0 0 0 0 0 0
 179      18 mmcblk0p18 0 0 0 0 0 0 0 0 0 0 0 0 0 0 0
 179      19 mmcblk0p19 0 0 0 0 0 0 0 0 0 0 0 0 0 0 0
 179      20 mmcblk0p20 0 0 0 0 0 0 0 0 0 0 0 0 0 0 0
 179      21 mmcblk0p21 54 57 111 17 0 0 0 0 0 28 0 0 0 0 0
 179      22 mmcblk0p22 0 0 0 0 0 0 0 0 0 0 0 0 0 0 0
 179      23 mmcblk0p23 33 6 330 14 0 0 0 0 0 12 0 0 0 0 0
 179      24 mmcblk0p24 0 0 0 0 0 0 0 0 0 0 0 0 0 0 0
 179      25 mmcblk0p25 0 0 0 0 0 0 0 0 0 0 0 0 0 0 0
 179      26 mmcblk0p26 0 0 0 0 0 0 0 0 0 0 0 0 0 0 0
 179      27 mmcblk0p27 0 0 0 0 0 0 0 0 0 0 0 0 0 0 0
 179      28 mmcblk0p28 0 0 0 0 0 0 0 0 0 0 0 0 0 0 0
 179      29 mmcblk0p29 0 0 0 0 0 0 0 0 0 0 0 0 0 0 0
 179      30 mmcblk0p30 0 0 0 0 0 0 0 0 0 0 0 0 0 0 0
 179      31 mmcblk0p31 0 0 0 0 0 0 0 0 0 0 0 0 0 0 0
 259       0 mmcblk0p32 9 0 65 1 0 0 0 0 0 12 0 0 0 0 0
 259       1 mmcblk0p33 0 0 0 0 0 0 0 0 0 0 0 0 0 0 0
 259       2 mmcblk0p34 0 0 0 0 0 0 0 0 0 0 0 0 0 0 0
 259       3 mmcblk0p35 0 0 0 0 0 0 0 0 0 0 0 0 0 0 0
 259       4 mmcblk0p36 0 0 0 0 0 0 0 0 0 0 0 0 0 0 0
 259       5 mmcblk0p37 0 0 0 0 0 0 0 0 0 0 0 0 0 0 0
 259       6 mmcblk0p38 0 0 0 0 0 0 0 0 0 0 0 0 0 0 0
 259       7 mmcblk0p39 0 0 0 0 0 0 0 0 0 0 0 0 0 0 0
 259       8 mmcblk0p40 0 0 0 0 0 0 0 0 0 0 0 0 0 0 0
 259       9 mmcblk0p41 0 0 0 0 0 0 0 0 0 0 0 0 0 0 0
 259      10 mmcblk0p42 0 0 0 0 0 0 0 0 0 0 0 0 0 0 0
 259      11 mmcblk0p43 0 0 0 0 0 0 0 0 0 0 0 0 0 0 0
 259      12 mmcblk0p44 0 0 0 0 0 0 0 0 0 0 0 0 0 0 0
 259      13 mmcblk0p45 0 0 0 0 0 0 0 0 0 0 0 0 0 0 0
 259      14 mmcblk0p46 0 0 0 0 0 0 0 0 0 0 0 0 0 0 0
 259      15 mmcblk0p47 0 0 0 0 0 0 0 0 0 0 0 0 0 0 0
 259      16 mmcblk0p48 0 0 0 0 0 0 0 0 0 0 0 0 0 0 0
 259      17 mmcblk0p49 0 0 0 0 0 0 0 0 0 0 0 0 0 0 0
 259      18 mmcblk0p50 0 0 0 0 0 0 0 0 0 0 0 0 0 0 0
 259      19 mmcblk0p51 0 0 0 0 0 0 0 0 0 0 0 0 0 0 0
 259      20 mmcblk0p52 0 0 0 0 0 0 0 0 0 0 0 0 0 0 0
 259      21 mmcblk0p53 0 0 0 0 0 0 0 0 0 0 0 0 0 0 0
 259      22 mmcblk0p54 0 0 0 0 0 0 0 0 0 0 0 0 0 0 0
 259      23 mmcblk0p55 0 0 0 0 0 0 0 0 0 0 0 0 0 0 0
 259      24 mmcblk0p56 0 0 0 0 0 0 0 0 0 0 0 0 0 0 0
 259      25 mmcblk0p57 0 0 0 0 0 0 0 0 0 0 0 0 0 0 0
 259      26 mmcblk0p58 0 0 0 0 0 0 0 0 0 0 0 0 0 0 0
 259      27 mmcblk0p59 0 0 0 0 0 0 0 0 0 0 0 0 0 0 0
 259      28 mmcblk0p60 0 0 0 0 0 0 0 0 0 0 0 0 0 0 0
 259      29 mmcblk0p61 0 0 0 0 0 0 0 0 0 0 0 0 0 0 0
 259      30 mmcblk0p62 0 0 0 0 0 0 0 0 0 0 0 0 0 0 0
 259      31 mmcblk0p63 0 0 0 0 0 0 0 0 0 0 0 0 0 0 0
 259      32 mmcblk0p64 0 0 0 0 0 0 0 0 0 0 0 0 0 0 0
 259      33 mmcblk0p65 0 0 0 0 0 0 0 0 0 0 0 0 0 0 0
 259      34 mmcblk0p66 0 0 0 0 0 0 0 0 0 0 0 0 0 0 0
 259      35 mmcblk0p67 1851 1758 140712 1643 0 0 0 0 0 1520 360 0 0 0 0
 259      36 mmcblk0p68 1 0 128 1 0 0 0 0 0 4 0 0 0 0 0
 259      37 mmcblk0p69 0 0 0 0 0 0 0 0 0 0 0 0 0 0 0
 259      38 mmcblk0p70 0 0 0 0 0 0 0 0 0 0 0 0 0 0 0
 259      39 mmcblk0p71 0 0 0 0 0 0 0 0 0 0 0 0 0 0 0
 259      40 mmcblk0p72 47 0 2666 36 5 0 40 12 0 64 16 0 0 0 0
 259      41 mmcblk0p73 1 0 128 1 0 0 0 0 0 4 0 0 0 0 0
 259      42 mmcblk0p74 0 0 0 0 0 0 0 0 0 0 0 0 0 0 0
 259      43 mmcblk0p75 0 0 0 0 0 0 0 0 0 0 0 0 0 0 0
 259      44 mmcblk0p76 0 0 0 0 0 0 0 0 0 0 0 0 0 0 0
 259      45 mmcblk0p77 0 0 0 0 0 0 0 0 0 0 0 0 0 0 0
 259      46 mmcblk0p78 0 0 0 0 0 0 0 0 0 0 0 0 0 0 0
 259      47 mmcblk0p79 0 0 0 0 0 0 0 0 0 0 0 0 0 0 0
 259      48 mmcblk0p80 0 0 0 0 0 0 0 0 0 0 0 0 0 0 0
 253       0 dm-0 562 0 93888 912 0 0 0 0 0 664 912 0 0 0 0
 253       1 dm-1 7012 0 1039208 20148 0 0 0 0 0 8824 20148 0 0 0 0
 253       2 dm-2 3336 0 236344 5700 0 0 0 0 0 3472 5700 0 0 0 0
 253       3 dm-3 3702 0 470680 6912 0 0 0 0 0 6104 6912 0 0 0 0
 253       4 dm-4 5411 0 1026400 26952 0 0 0 0 0 9108 26952 0 0 0 0
 253       5 dm-5 2845 0 232416 6956 0 0 0 0 0 3672 6956 0 0 0 0
 253       6 dm-6 2882 0 464120 10296 0 0 0 0 0 6400 10296 0 0 0 0
 253       7 dm-7 345 0 92152 892 0 0 0 0 0 688 892 0 0 0 0
   7     128 loop16 19 0 536 21 0 0 0 0 0 56 8 0 0 0 0
   7     136 loop17 27 0 216 27 0 0 0 0 0 32 0 0 0 0 0
   7     144 loop18 15 0 208 16 0 0 0 0 0 52 4 0 0 0 0
   7     152 loop19 24 0 192 26 0 0 0 0 0 28 0 0 0 0 0
   7     160 loop20 42 0 3016 28 0 0 0 0 0 80 4 0 0 0 0
   7     168 loop21 24 0 1416 15 0 0 0 0 0 72 0 0 0 0 0
   7     176 loop22 73 0 7600 172 0 0 0 0 0 128 112 0 0 0 0
   7     184 loop23 102 0 10056 79 0 0 0 0 0 244 0 0 0 0 0
   7     192 loop24 31 1 2168 31 0 0 0 0 0 72 4 0 0 0 0
   7     200 loop25 2565 0 26056 2730 0 0 0 0 0 356 0 0 0 0 0
   7     208 loop26 109 0 17328 89 0 0 0 0 0 112 0 0 0 0 0
   7     216 loop27 9 0 72 4 0 0 0 0 0 20 0 0 0 0 0
   7     224 loop28 18 0 408 8 0 0 0 0 0 64 0 0 0 0 0
   7     232 loop29 85 0 9240 84 0 0 0 0 0 248 0 0 0 0 0
   7     240 loop30 28 0 864 15 0 0 0 0 0 64 0 0 0 0 0
   7     248 loop31 103 1 9368 95 0 0 0 0 0 360 8 0 0 0 0
   7     256 loop32 52 0 6576 71 0 0 0 0 0 128 20 0 0 0 0
   7     264 loop33 111 1 14760 254 0 0 0 0 0 156 124 0 0 0 0
   7     272 loop34 110 5 12304 84 0 0 0 0 0 160 0 0 0 0 0
   7     280 loop35 27 0 1840 19 0 0 0 0 0 56 0 0 0 0 0
   7     288 loop36 72 0 9048 123 0 0 0 0 0 140 44 0 0 0 0
   7     296 loop37 17 0 224 6 0 0 0 0 0 40 0 0 0 0 0
   7     304 loop38 192 1 17096 289 0 0 0 0 0 436 100 0 0 0 0
   7     312 loop39 397 14 37240 324 0 0 0 0 0 1012 8 0 0 0 0
 253       8 dm-8 0 0 0 0 0 0 0 0 0 0 0 0 0 0 0
 253       9 dm-9 95 0 12144 76 0 0 0 0 0 164 76 0 0 0 0
 253      10 dm-10 168 0 16896 396 0 0 0 0 0 452 396 0 0 0 0
 253      11 dm-11 483 0 70600 1116 0 0 0 0 0 1188 1116 0 0 0 0
 253      12 dm-12 0 0 0 0 0 0 0 0 0 0 0 0 0 0 0
 253      13 dm-13 93 0 14608 484 0 0 0 0 0 168 484 0 0 0 0
 253      14 dm-14 0 0 0 0 0 0 0 0 0 0 0 0 0 0 0
 253      15 dm-15 22 0 1800 4 0 0 0 0 0 52 4 0 0 0 0
 253      16 dm-16 0 0 0 0 0 0 0 0 0 0 0 0 0 0 0
 253      17 dm-17 0 0 0 0 0 0 0 0 0 0 0 0 0 0 0
 253      18 dm-18 41 0 6488 68 0 0 0 0 0 120 68 0 0 0 0
 253      19 dm-19 69 0 9112 204 0 0 0 0 0 248 204 0 0 0 0
 253      20 dm-20 365 0 36872 772 0 0 0 0 0 1060 772 0 0 0 0
 253      21 dm-21 23 0 824 8 0 0 0 0 0 60 8 0 0 0 0
 253      22 dm-22 16 0 392 88 0 0 0 0 0 68 88 0 0 0 0
 253      23 dm-23 0 0 0 0 0 0 0 0 0 0 0 0 0 0 0
 253      24 dm-24 15 0 208 4 0 0 0 0 0 36 4 0 0 0 0
 253      25 dm-25 5 0 40 8 0 0 0 0 0 20 8 0 0 0 0
 253      26 dm-26 87 0 17152 112 0 0 0 0 0 120 112 0 0 0 0
 253      27 dm-27 0 0 0 0 0 0 0 0 0 0 0 0 0 0 0
 253      28 dm-28 2552 0 25952 3048 0 0 0 0 0 352 3048 0 0 0 0
 253      29 dm-29 0 0 0 0 0 0 0 0 0 0 0 0 0 0 0
 253      30 dm-30 0 0 0 0 0 0 0 0 0 0 0 0 0 0 0
 253      31 dm-31 0 0 0 0 0 0 0 0 0 0 0 0 0 0 0
 253      32 dm-32 90 0 9256 212 0 0 0 0 0 392 212 0 0 0 0
 253      33 dm-33 0 0 0 0 0 0 0 0 0 0 0 0 0 0 0
 253      34 dm-34 26 0 2120 76 0 0 0 0 0 72 76 0 0 0 0
 253      35 dm-35 56 0 7464 184 0 0 0 0 0 124 184 0 0 0 0
 253      36 dm-36 89 0 9952 152 0 0 0 0 0 244 152 0 0 0 0
 253      37 dm-37 0 0 0 0 0 0 0 0 0 0 0 0 0 0 0
 253      38 dm-38 20 0 1384 16 0 0 0 0 0 76 16 0 0 0 0
 253      39 dm-39 34 0 2952 36 0 0 0 0 0 84 36 0 0 0 0
 253      40 dm-40 0 0 0 0 0 0 0 0 0 0 0 0 0 0 0
 253      41 dm-41 0 0 0 0 0 0 0 0 0 0 0 0 0 0 0
 253      42 dm-42 0 0 0 0 0 0 0 0 0 0 0 0 0 0 0
 253      43 dm-43 7102 0 282648 7740 830 0 13280 912 0 6980 8652 0 0 0 0

3241
   1       0 ram0 0 0 0 0 0 0 0 0 0 0 0 0 0 0 0
   1       1 ram1 0 0 0 0 0 0 0 0 0 0 0 0 0 0 0
   1       2 ram2 0 0 0 0 0 0 0 0 0 0 0 0 0 0 0
   1       3 ram3 0 0 0 0 0 0 0 0 0 0 0 0 0 0 0
   1       4 ram4 0 0 0 0 0 0 0 0 0 0 0 0 0 0 0
   1       5 ram5 0 0 0 0 0 0 0 0 0 0 0 0 0 0 0
   1       6 ram6 0 0 0 0 0 0 0 0 0 0 0 0 0 0 0
   1       7 ram7 0 0 0 0 0 0 0 0 0 0 0 0 0 0 0
   1       8 ram8 0 0 0 0 0 0 0 0 0 0 0 0 0 0 0
   1       9 ram9 0 0 0 0 0 0 0 0 0 0 0 0 0 0 0
   1      10 ram10 0 0 0 0 0 0 0 0 0 0 0 0 0 0 0
   1      11 ram11 0 0 0 0 0 0 0 0 0 0 0 0 0 0 0
   1      12 ram12 0 0 0 0 0 0 0 0 0 0 0 0 0 0 0
   1      13 ram13 0 0 0 0 0 0 0 0 0 0 0 0 0 0 0
   1      14 ram14 0 0 0 0 0 0 0 0 0 0 0 0 0 0 0
   1      15 ram15 0 0 0 0 0 0 0 0 0 0 0 0 0 0 0
   7       0 loop0 183 0 16168 352 0 0 0 0 0 344 116 0 0 0 0
   7       8 loop1 70 0 9008 122 0 0 0 0 0 136 32 0 0 0 0
   7      16 loop2 27 0 216 13 0 0 0 0 0 32 0 0 0 0 0
   7      24 loop3 12 0 296 8 0 0 0 0 0 32 0 0 0 0 0
   7      32 loop4 36 1 3040 29 0 0 0 0 0 56 0 0 0 0 0
   7      40 loop5 234 1 30152 421 0 0 0 0 0 504 108 0 0 0 0
   7      48 loop6 17 0 744 15 0 0 0 0 0 48 0 0 0 0 0
   7      56 loop7 61 0 6856 58 0 0 0 0 0 148 0 0 0 0 0
   7      64 loop8 25 0 1408 16 0 0 0 0 0 96 0 0 0 0 0
   7      72 loop9 735 6 74728 1831 0 0 0 0 0 2044 744 0 0 0 0
   7      80 loop10 24 0 192 17 0 0 0 0 0 28 0 0 0 0 0
   7      88 loop11 32 0 2400 25 0 0 0 0 0 84 0 0 0 0 0
   7      96 loop12 566 3 71288 506 0 0 0 0 0 1112 20 0 0 0 0
   7     104 loop13 27 0 216 48 0 0 0 0 0 44 8 0 0 0 0
   7     112 loop14 15 0 280 9 0 0 0 0 0 40 0 0 0 0 0
   7     120 loop15 52 0 4752 144 0 0 0 0 0 220 76 0 0 0 0
 254       0 zram0 0 0 0 0 0 0 0 0 0 0 0 0 0 0 0
 179       0 mmcblk0 2020 1821 144350 1721 12 0 48 14 0 1592 376 0 0 0 0
 179       1 mmcblk0p1 0 0 0 0 0 0 0 0 0 0 0 0 0 0 0
 179       2 mmcblk0p2 0 0 0 0 0 0 0 0 0 0 0 0 0 0 0
 179       3 mmcblk0p3 0 0 0 0 0 0 0 0 0 0 0 0 0 0 0
 179       4 mmcblk0p4 16 0 146 3 1 0 8 0 0 12 0 0 0 0 0
 179       5 mmcblk0p5 0 0 0 0 0 0 0 0 0 0 0 0 0 0 0
 179       6 mmcblk0p6 0 0 0 0 0 0 0 0 0 0 0 0 0 0 0
 179       7 mmcblk0p7 0 0 0 0 0 0 0 0 0 0 0 0 0 0 0
 179       8 mmcblk0p8 0 0 0 0 0 0 0 0 0 0 0 0 0 0 0
 179       9 mmcblk0p9 0 0 0 0 0 0 0 0 0 0 0 0 0 0 0
 179      10 mmcblk0p10 0 0 0 0 0 0 0 0 0 0 0 0 0 0 0
 179      11 mmcblk0p11 0 0 0 0 0 0 0 0 0 0 0 0 0 0 0
 179      12 mmcblk0p12 0 0 0 0 0 0 0 0 0 0 0 0 0 0 0
 179      13 mmcblk0p13 0 0 0 0 0 0 0 0 0 0 0 0 0 0 0
 179      14 mmcblk0p14 0 0 0 0 0 0 0 0 0 0 0 0 0 0 0
 179      15 mmcblk0p15 0 0 0 0 0 0 0 0 0 0 0 0 0 0 0
 179      16 mmcblk0p16 0 0 0 0 0 0 0 0 0 0 0 0 0 0 0
 179      17 mmcblk0p17 0 0 0 0 0 0 0 0 0 0 0 0 0 0 0
 179      18 mmcblk0p18 0 0 0 0 0 0 0 0 0 0 0 0 0 0 0
 179      19 mmcblk0p19 0 0 0 0 0 0 0 0 0 0 0 0 0 0 0
 179      20 mmcblk0p20 0 0 0 0 0 0 0 0 0 0 0 0 0 0 0
 179      21 mmcblk0p21 54 57 111 17 0 0 0 0 0 28 0 0 0 0 0
 179      22 mmcblk0p22 0 0 0 0 0 0 0 0 0 0 0 0 0 0 0
 179      23 mmcblk0p23 33 6 330 14 0 0 0 0 0 12 0 0 0 0 0
 179      24 mmcblk0p24 0 0 0 0 0 0 0 0 0 0 0 0 0 0 0
 179      25 mmcblk0p25 0 0 0 0 0 0 0 0 0 0 0 0 0 0 0
 179      26 mmcblk0p26 0 0 0 0 0 0 0 0 0 0 0 0 0 0 0
 179      27 mmcblk0p27 0 0 0 0 0 0 0 0 0 0 0 0 0 0 0
 179      28 mmcblk0p28 0 0 0 0 0 0 0 0 0 0 0 0 0 0 0
 179      29 mmcblk0p29 0 0 0 0 0 0 0 0 0 0 0 0 0 0 0
 179      30 mmcblk0p30 0 0 0 0 0 0 0 0 0 0 0 0 0 0 0
 179      31 mmcblk0p31 0 0 0 0 0 0 0 0 0 0 0 0 0 0 0
 259       0 mmcblk0p32 9 0 65 1 0 0 0 0 0 12 0 0 0 0 0
 259       1 mmcblk0p33 0 0 0 0 0 0 0 0 0 0 0 0 0 0 0
 259       2 mmcblk0p34 0 0 0 0 0 0 0 0 0 0 0 0 0 0 0
 259       3 mmcblk0p35 0 0 0 0 0 0 0 0 0 0 0 0 0 0 0
 259       4 mmcblk0p36 0 0 0 0 0 0 0 0 0 0 0 0 0 0 0
 259       5 mmcblk0p37 0 0 0 0 0 0 0 0 0 0 0 0 0 0 0
 259       6 mmcblk0p38 0 0 0 0 0 0 0 0 0 0 0 0 0 0 0
 259       7 mmcblk0p39 0 0 0 0 0 0 0 0 0 0 0 0 0 0 0
 259       8 mmcblk0p40 0 0 0 0 0 0 0 0 0 0 0 0 0 0 0
 259       9 mmcblk0p41 0 0 0 0 0 0 0 0 0 0 0 0 0 0 0
 259      10 mmcblk0p42 0 0 0 0 0 0 0 0 0 0 0 0 0 0 0
 259      11 mmcblk0p43 0 0 0 0 0 0 0 0 0 0 0 0 0 0 0
 259      12 mmcblk0p44 0 0 0 0 0 0 0 0 0 0 0 0 0 0 0
 259      13 mmcblk0p45 0 0 0 0 0 0 0 0 0 0 0 0 0 0 0
 259      14 mmcblk0p46 0 0 0 0 0 0 0 0 0 0 0 0 0 0 0
 259      15 mmcblk0p47 0 0 0 0 0 0 0 0 0 0 0 0 0 0 0
 259      16 mmcblk0p48 0 0 0 0 0 0 0 0 0 0 0 0 0 0 0
 259      17 mmcblk0p49 0 0 0 0 0 0 0 0 0 0 0 0 0 0 0
 259      18 mmcblk0p50 0 0 0 0 0 0 0 0 0 0 0 0 0 0 0
 259      19 mmcblk0p51 0 0 0 0 0 0 0 0 0 0 0 0 0 0 0
 259      20 mmcblk0p52 0 0 0 0 0 0 0 0 0 0 0 0 0 0 0
 259      21 mmcblk0p53 0 0 0 0 0 0 0 0 0 0 0 0 0 0 0
 259      22 mmcblk0p54 0 0 0 0 0 0 0 0 0 0 0 0 0 0 0
 259      23 mmcblk0p55 0 0 0 0 0 0 0 0 0 0 0 0 0 0 0
 259      24 mmcblk0p56 0 0 0 0 0 0 0 0 0 0 0 0 0 0 0
 259      25 mmcblk0p57 0 0 0 0 0 0 0 0 0 0 0 0 0 0 0
 259      26 mmcblk0p58 0 0 0 0 0 0 0 0 0 0 0 0 0 0 0
 259      27 mmcblk0p59 0 0 0 0 0 0 0 0 0 0 0 0 0 0 0
 259      28 mmcblk0p60 0 0 0 0 0 0 0 0 0 0 0 0 0 0 0
 259      29 mmcblk0p61 0 0 0 0 0 0 0 0 0 0 0 0 0 0 0
 259      30 mmcblk0p62 0 0 0 0 0 0 0 0 0 0 0 0 0 0 0
 259      31 mmcblk0p63 0 0 0 0 0 0 0 0 0 0 0 0 0 0 0
 259      32 mmcblk0p64 0 0 0 0 0 0 0 0 0 0 0 0 0 0 0
 259      33 mmcblk0p65 0 0 0 0 0 0 0 0 0 0 0 0 0 0 0
 259      34 mmcblk0p66 0 0 0 0 0 0 0 0 0 0 0 0 0 0 0
 259      35 mmcblk0p67 1851 1758 140712 1643 0 0 0 0 0 1520 360 0 0 0 0
 259      36 mmcblk0p68 1 0 128 1 0 0 0 0 0 4 0 0 0 0 0
 259      37 mmcblk0p69 0 0 0 0 0 0 0 0 0 0 0 0 0 0 0
 259      38 mmcblk0p70 0 0 0 0 0 0 0 0 0 0 0 0 0 0 0
 259      39 mmcblk0p71 0 0 0 0 0 0 0 0 0 0 0 0 0 0 0
 259      40 mmcblk0p72 47 0 2666 36 5 0 40 12 0 64 16 0 0 0 0
 259      41 mmcblk0p73 1 0 128 1 0 0 0 0 0 4 0 0 0 0 0
 259      42 mmcblk0p74 0 0 0 0 0 0 0 0 0 0 0 0 0 0 0
 259      43 mmcblk0p75 0 0 0 0 0 0 0 0 0 0 0 0 0 0 0
 259      44 mmcblk0p76 0 0 0 0 0 0 0 0 0 0 0 0 0 0 0
 259      45 mmcblk0p77 0 0 0 0 0 0 0 0 0 0 0 0 0 0 0
 259      46 mmcblk0p78 0 0 0 0 0 0 0 0 0 0 0 0 0 0 0
 259      47 mmcblk0p79 0 0 0 0 0 0 0 0 0 0 0 0 0 0 0
 259      48 mmcblk0p80 0 0 0 0 0 0 0 0 0 0 0 0 0 0 0
 253       0 dm-0 562 0 93888 912 0 0 0 0 0 664 912 0 0 0 0
 253       1 dm-1 7024 0 1041360 20220 0 0 0 0 0 8856 20220 0 0 0 0
 253       2 dm-2 3336 0 236344 5700 0 0 0 0 0 3472 5700 0 0 0 0
 253       3 dm-3 3702 0 470680 6912 0 0 0 0 0 6104 6912 0 0 0 0
 253       4 dm-4 5423 0 1028552 27028 0 0 0 0 0 9136 27028 0 0 0 0
 253       5 dm-5 2845 0 232416 6956 0 0 0 0 0 3672 6956 0 0 0 0
 253       6 dm-6 2882 0 464120 10296 0 0 0 0 0 6400 10296 0 0 0 0
 253       7 dm-7 345 0 92152 892 0 0 0 0 0 688 892 0 0 0 0
   7     128 loop16 19 0 536 21 0 0 0 0 0 56 8 0 0 0 0
   7     136 loop17 27 0 216 27 0 0 0 0 0 32 0 0 0 0 0
   7     144 loop18 15 0 208 16 0 0 0 0 0 52 4 0 0 0 0
   7     152 loop19 24 0 192 26 0 0 0 0 0 28 0 0 0 0 0
   7     160 loop20 42 0 3016 28 0 0 0 0 0 80 4 0 0 0 0
   7     168 loop21 24 0 1416 15 0 0 0 0 0 72 0 0 0 0 0
   7     176 loop22 73 0 7600 172 0 0 0 0 0 128 112 0 0 0 0
   7     184 loop23 102 0 10056 79 0 0 0 0 0 244 0 0 0 0 0
   7     192 loop24 31 1 2168 31 0 0 0 0 0 72 4 0 0 0 0
   7     200 loop25 2565 0 26056 2730 0 0 0 0 0 356 0 0 0 0 0
   7     208 loop26 109 0 17328 89 0 0 0 0 0 112 0 0 0 0 0
   7     216 loop27 9 0 72 4 0 0 0 0 0 20 0 0 0 0 0
   7     224 loop28 18 0 408 8 0 0 0 0 0 64 0 0 0 0 0
   7     232 loop29 85 0 9240 84 0 0 0 0 0 248 0 0 0 0 0
   7     240 loop30 28 0 864 15 0 0 0 0 0 64 0 0 0 0 0
   7     248 loop31 103 1 9368 95 0 0 0 0 0 360 8 0 0 0 0
   7     256 loop32 52 0 6576 71 0 0 0 0 0 128 20 0 0 0 0
   7     264 loop33 111 1 14760 254 0 0 0 0 0 156 124 0 0 0 0
   7     272 loop34 173 5 25040 1320 0 0 0 0 2 248 1140 0 0 0 0
   7     280 loop35 27 0 1840 19 0 0 0 0 0 56 0 0 0 0 0
   7     288 loop36 72 0 9048 123 0 0 0 0 0 140 44 0 0 0 0
   7     296 loop37 17 0 224 6 0 0 0 0 0 40 0 0 0 0 0
   7     304 loop38 192 1 17096 289 0 0 0 0 0 436 100 0 0 0 0
   7     312 loop39 397 14 37240 324 0 0 0 0 0 1012 8 0 0 0 0
 253       8 dm-8 0 0 0 0 0 0 0 0 0 0 0 0 0 0 0
 253       9 dm-9 149 0 25040 3388 0 0 0 0 2 240 3388 0 0 0 0
 253      10 dm-10 168 0 16896 396 0 0 0 0 0 452 396 0 0 0 0
 253      11 dm-11 483 0 70600 1116 0 0 0 0 0 1188 1116 0 0 0 0
 253      12 dm-12 0 0 0 0 0 0 0 0 0 0 0 0 0 0 0
 253      13 dm-13 93 0 14608 484 0 0 0 0 0 168 484 0 0 0 0
 253      14 dm-14 0 0 0 0 0 0 0 0 0 0 0 0 0 0 0
 253      15 dm-15 22 0 1800 4 0 0 0 0 0 52 4 0 0 0 0
 253      16 dm-16 0 0 0 0 0 0 0 0 0 0 0 0 0 0 0
 253      17 dm-17 0 0 0 0 0 0 0 0 0 0 0 0 0 0 0
 253      18 dm-18 41 0 6488 68 0 0 0 0 0 120 68 0 0 0 0
 253      19 dm-19 69 0 9112 204 0 0 0 0 0 248 204 0 0 0 0
 253      20 dm-20 365 0 36872 772 0 0 0 0 0 1060 772 0 0 0 0
 253      21 dm-21 23 0 824 8 0 0 0 0 0 60 8 0 0 0 0
 253      22 dm-22 16 0 392 88 0 0 0 0 0 68 88 0 0 0 0
 253      23 dm-23 0 0 0 0 0 0 0 0 0 0 0 0 0 0 0
 253      24 dm-24 15 0 208 4 0 0 0 0 0 36 4 0 0 0 0
 253      25 dm-25 5 0 40 8 0 0 0 0 0 20 8 0 0 0 0
 253      26 dm-26 87 0 17152 112 0 0 0 0 0 120 112 0 0 0 0
 253      27 dm-27 0 0 0 0 0 0 0 0 0 0 0 0 0 0 0
 253      28 dm-28 2552 0 25952 3048 0 0 0 0 0 352 3048 0 0 0 0
 253      29 dm-29 0 0 0 0 0 0 0 0 0 0 0 0 0 0 0
 253      30 dm-30 0 0 0 0 0 0 0 0 0 0 0 0 0 0 0
 253      31 dm-31 0 0 0 0 0 0 0 0 0 0 0 0 0 0 0
 253      32 dm-32 90 0 9256 212 0 0 0 0 0 392 212 0 0 0 0
 253      33 dm-33 0 0 0 0 0 0 0 0 0 0 0 0 0 0 0
 253      34 dm-34 26 0 2120 76 0 0 0 0 0 72 76 0 0 0 0
 253      35 dm-35 56 0 7464 184 0 0 0 0 0 124 184 0 0 0 0
 253      36 dm-36 89 0 9952 152 0 0 0 0 0 244 152 0 0 0 0
 253      37 dm-37 0 0 0 0 0 0 0 0 0 0 0 0 0 0 0
 253      38 dm-38 20 0 1384 16 0 0 0 0 0 76 16 0 0 0 0
 253      39 dm-39 34 0 2952 36 0 0 0 0 0 84 36 0 0 0 0
 253      40 dm-40 0 0 0 0 0 0 0 0 0 0 0 0 0 0 0
 253      41 dm-41 0 0 0 0 0 0 0 0 0 0 0 0 0 0 0
 253      42 dm-42 0 0 0 0 0 0 0 0 0 0 0 0 0 0 0
 253      43 dm-43 7181 0 296272 8960 848 0 13376 988 0 7100 9948 0 0 0 0

3266
   1       0 ram0 0 0 0 0 0 0 0 0 0 0 0 0 0 0 0
   1       1 ram1 0 0 0 0 0 0 0 0 0 0 0 0 0 0 0
   1       2 ram2 0 0 0 0 0 0 0 0 0 0 0 0 0 0 0
   1       3 ram3 0 0 0 0 0 0 0 0 0 0 0 0 0 0 0
   1       4 ram4 0 0 0 0 0 0 0 0 0 0 0 0 0 0 0
   1       5 ram5 0 0 0 0 0 0 0 0 0 0 0 0 0 0 0
   1       6 ram6 0 0 0 0 0 0 0 0 0 0 0 0 0 0 0
   1       7 ram7 0 0 0 0 0 0 0 0 0 0 0 0 0 0 0
   1       8 ram8 0 0 0 0 0 0 0 0 0 0 0 0 0 0 0
   1       9 ram9 0 0 0 0 0 0 0 0 0 0 0 0 0 0 0
   1      10 ram10 0 0 0 0 0 0 0 0 0 0 0 0 0 0 0
   1      11 ram11 0 0 0 0 0 0 0 0 0 0 0 0 0 0 0
   1      12 ram12 0 0 0 0 0 0 0 0 0 0 0 0 0 0 0
   1      13 ram13 0 0 0 0 0 0 0 0 0 0 0 0 0 0 0
   1      14 ram14 0 0 0 0 0 0 0 0 0 0 0 0 0 0 0
   1      15 ram15 0 0 0 0 0 0 0 0 0 0 0 0 0 0 0
   7       0 loop0 183 0 16168 352 0 0 0 0 0 344 116 0 0 0 0
   7       8 loop1 70 0 9008 122 0 0 0 0 0 136 32 0 0 0 0
   7      16 loop2 27 0 216 13 0 0 0 0 0 32 0 0 0 0 0
   7      24 loop3 12 0 296 8 0 0 0 0 0 32 0 0 0 0 0
   7      32 loop4 36 1 3040 29 0 0 0 0 0 56 0 0 0 0 0
   7      40 loop5 234 1 30152 421 0 0 0 0 0 504 108 0 0 0 0
   7      48 loop6 17 0 744 15 0 0 0 0 0 48 0 0 0 0 0
   7      56 loop7 61 0 6856 58 0 0 0 0 0 148 0 0 0 0 0
   7      64 loop8 25 0 1408 16 0 0 0 0 0 96 0 0 0 0 0
   7      72 loop9 735 6 74728 1831 0 0 0 0 0 2044 744 0 0 0 0
   7      80 loop10 24 0 192 17 0 0 0 0 0 28 0 0 0 0 0
   7      88 loop11 32 0 2400 25 0 0 0 0 0 84 0 0 0 0 0
   7      96 loop12 566 3 71288 506 0 0 0 0 0 1112 20 0 0 0 0
   7     104 loop13 27 0 216 48 0 0 0 0 0 44 8 0 0 0 0
   7     112 loop14 15 0 280 9 0 0 0 0 0 40 0 0 0 0 0
   7     120 loop15 52 0 4752 144 0 0 0 0 0 220 76 0 0 0 0
 254       0 zram0 0 0 0 0 0 0 0 0 0 0 0 0 0 0 0
 179       0 mmcblk0 2020 1821 144350 1721 12 0 48 14 0 1592 376 0 0 0 0
 179       1 mmcblk0p1 0 0 0 0 0 0 0 0 0 0 0 0 0 0 0
 179       2 mmcblk0p2 0 0 0 0 0 0 0 0 0 0 0 0 0 0 0
 179       3 mmcblk0p3 0 0 0 0 0 0 0 0 0 0 0 0 0 0 0
 179       4 mmcblk0p4 16 0 146 3 1 0 8 0 0 12 0 0 0 0 0
 179       5 mmcblk0p5 0 0 0 0 0 0 0 0 0 0 0 0 0 0 0
 179       6 mmcblk0p6 0 0 0 0 0 0 0 0 0 0 0 0 0 0 0
 179       7 mmcblk0p7 0 0 0 0 0 0 0 0 0 0 0 0 0 0 0
 179       8 mmcblk0p8 0 0 0 0 0 0 0 0 0 0 0 0 0 0 0
 179       9 mmcblk0p9 0 0 0 0 0 0 0 0 0 0 0 0 0 0 0
 179      10 mmcblk0p10 0 0 0 0 0 0 0 0 0 0 0 0 0 0 0
 179      11 mmcblk0p11 0 0 0 0 0 0 0 0 0 0 0 0 0 0 0
 179      12 mmcblk0p12 0 0 0 0 0 0 0 0 0 0 0 0 0 0 0
 179      13 mmcblk0p13 0 0 0 0 0 0 0 0 0 0 0 0 0 0 0
 179      14 mmcblk0p14 0 0 0 0 0 0 0 0 0 0 0 0 0 0 0
 179      15 mmcblk0p15 0 0 0 0 0 0 0 0 0 0 0 0 0 0 0
 179      16 mmcblk0p16 0 0 0 0 0 0 0 0 0 0 0 0 0 0 0
 179      17 mmcblk0p17 0 0 0 0 0 0 0 0 0 0 0 0 0 0 0
 179      18 mmcblk0p18 0 0 0 0 0 0 0 0 0 0 0 0 0 0 0
 179      19 mmcblk0p19 0 0 0 0 0 0 0 0 0 0 0 0 0 0 0
 179      20 mmcblk0p20 0 0 0 0 0 0 0 0 0 0 0 0 0 0 0
 179      21 mmcblk0p21 54 57 111 17 0 0 0 0 0 28 0 0 0 0 0
 179      22 mmcblk0p22 0 0 0 0 0 0 0 0 0 0 0 0 0 0 0
 179      23 mmcblk0p23 33 6 330 14 0 0 0 0 0 12 0 0 0 0 0
 179      24 mmcblk0p24 0 0 0 0 0 0 0 0 0 0 0 0 0 0 0
 179      25 mmcblk0p25 0 0 0 0 0 0 0 0 0 0 0 0 0 0 0
 179      26 mmcblk0p26 0 0 0 0 0 0 0 0 0 0 0 0 0 0 0
 179      27 mmcblk0p27 0 0 0 0 0 0 0 0 0 0 0 0 0 0 0
 179      28 mmcblk0p28 0 0 0 0 0 0 0 0 0 0 0 0 0 0 0
 179      29 mmcblk0p29 0 0 0 0 0 0 0 0 0 0 0 0 0 0 0
 179      30 mmcblk0p30 0 0 0 0 0 0 0 0 0 0 0 0 0 0 0
 179      31 mmcblk0p31 0 0 0 0 0 0 0 0 0 0 0 0 0 0 0
 259       0 mmcblk0p32 9 0 65 1 0 0 0 0 0 12 0 0 0 0 0
 259       1 mmcblk0p33 0 0 0 0 0 0 0 0 0 0 0 0 0 0 0
 259       2 mmcblk0p34 0 0 0 0 0 0 0 0 0 0 0 0 0 0 0
 259       3 mmcblk0p35 0 0 0 0 0 0 0 0 0 0 0 0 0 0 0
 259       4 mmcblk0p36 0 0 0 0 0 0 0 0 0 0 0 0 0 0 0
 259       5 mmcblk0p37 0 0 0 0 0 0 0 0 0 0 0 0 0 0 0
 259       6 mmcblk0p38 0 0 0 0 0 0 0 0 0 0 0 0 0 0 0
 259       7 mmcblk0p39 0 0 0 0 0 0 0 0 0 0 0 0 0 0 0
 259       8 mmcblk0p40 0 0 0 0 0 0 0 0 0 0 0 0 0 0 0
 259       9 mmcblk0p41 0 0 0 0 0 0 0 0 0 0 0 0 0 0 0
 259      10 mmcblk0p42 0 0 0 0 0 0 0 0 0 0 0 0 0 0 0
 259      11 mmcblk0p43 0 0 0 0 0 0 0 0 0 0 0 0 0 0 0
 259      12 mmcblk0p44 0 0 0 0 0 0 0 0 0 0 0 0 0 0 0
 259      13 mmcblk0p45 0 0 0 0 0 0 0 0 0 0 0 0 0 0 0
 259      14 mmcblk0p46 0 0 0 0 0 0 0 0 0 0 0 0 0 0 0
 259      15 mmcblk0p47 0 0 0 0 0 0 0 0 0 0 0 0 0 0 0
 259      16 mmcblk0p48 0 0 0 0 0 0 0 0 0 0 0 0 0 0 0
 259      17 mmcblk0p49 0 0 0 0 0 0 0 0 0 0 0 0 0 0 0
 259      18 mmcblk0p50 0 0 0 0 0 0 0 0 0 0 0 0 0 0 0
 259      19 mmcblk0p51 0 0 0 0 0 0 0 0 0 0 0 0 0 0 0
 259      20 mmcblk0p52 0 0 0 0 0 0 0 0 0 0 0 0 0 0 0
 259      21 mmcblk0p53 0 0 0 0 0 0 0 0 0 0 0 0 0 0 0
 259      22 mmcblk0p54 0 0 0 0 0 0 0 0 0 0 0 0 0 0 0
 259      23 mmcblk0p55 0 0 0 0 0 0 0 0 0 0 0 0 0 0 0
 259      24 mmcblk0p56 0 0 0 0 0 0 0 0 0 0 0 0 0 0 0
 259      25 mmcblk0p57 0 0 0 0 0 0 0 0 0 0 0 0 0 0 0
 259      26 mmcblk0p58 0 0 0 0 0 0 0 0 0 0 0 0 0 0 0
 259      27 mmcblk0p59 0 0 0 0 0 0 0 0 0 0 0 0 0 0 0
 259      28 mmcblk0p60 0 0 0 0 0 0 0 0 0 0 0 0 0 0 0
 259      29 mmcblk0p61 0 0 0 0 0 0 0 0 0 0 0 0 0 0 0
 259      30 mmcblk0p62 0 0 0 0 0 0 0 0 0 0 0 0 0 0 0
 259      31 mmcblk0p63 0 0 0 0 0 0 0 0 0 0 0 0 0 0 0
 259      32 mmcblk0p64 0 0 0 0 0 0 0 0 0 0 0 0 0 0 0
 259      33 mmcblk0p65 0 0 0 0 0 0 0 0 0 0 0 0 0 0 0
 259      34 mmcblk0p66 0 0 0 0 0 0 0 0 0 0 0 0 0 0 0
 259      35 mmcblk0p67 1851 1758 140712 1643 0 0 0 0 0 1520 360 0 0 0 0
 259      36 mmcblk0p68 1 0 128 1 0 0 0 0 0 4 0 0 0 0 0
 259      37 mmcblk0p69 0 0 0 0 0 0 0 0 0 0 0 0 0 0 0
 259      38 mmcblk0p70 0 0 0 0 0 0 0 0 0 0 0 0 0 0 0
 259      39 mmcblk0p71 0 0 0 0 0 0 0 0 0 0 0 0 0 0 0
 259      40 mmcblk0p72 47 0 2666 36 5 0 40 12 0 64 16 0 0 0 0
 259      41 mmcblk0p73 1 0 128 1 0 0 0 0 0 4 0 0 0 0 0
 259      42 mmcblk0p74 0 0 0 0 0 0 0 0 0 0 0 0 0 0 0
 259      43 mmcblk0p75 0 0 0 0 0 0 0 0 0 0 0 0 0 0 0
 259      44 mmcblk0p76 0 0 0 0 0 0 0 0 0 0 0 0 0 0 0
 259      45 mmcblk0p77 0 0 0 0 0 0 0 0 0 0 0 0 0 0 0
 259      46 mmcblk0p78 0 0 0 0 0 0 0 0 0 0 0 0 0 0 0
 259      47 mmcblk0p79 0 0 0 0 0 0 0 0 0 0 0 0 0 0 0
 259      48 mmcblk0p80 0 0 0 0 0 0 0 0 0 0 0 0 0 0 0
 253       0 dm-0 562 0 93888 912 0 0 0 0 0 664 912 0 0 0 0
 253       1 dm-1 7028 0 1043424 20224 0 0 0 0 0 8868 20224 0 0 0 0
 253       2 dm-2 3336 0 236344 5700 0 0 0 0 0 3472 5700 0 0 0 0
 253       3 dm-3 3702 0 470680 6912 0 0 0 0 0 6104 6912 0 0 0 0
 253       4 dm-4 5425 0 1030600 27036 0 0 0 0 0 9152 27036 0 0 0 0
 253       5 dm-5 2845 0 232416 6956 0 0 0 0 0 3672 6956 0 0 0 0
 253       6 dm-6 2882 0 464120 10296 0 0 0 0 0 6400 10296 0 0 0 0
 253       7 dm-7 345 0 92152 892 0 0 0 0 0 688 892 0 0 0 0
   7     128 loop16 19 0 536 21 0 0 0 0 0 56 8 0 0 0 0
   7     136 loop17 27 0 216 27 0 0 0 0 0 32 0 0 0 0 0
   7     144 loop18 15 0 208 16 0 0 0 0 0 52 4 0 0 0 0
   7     152 loop19 24 0 192 26 0 0 0 0 0 28 0 0 0 0 0
   7     160 loop20 42 0 3016 28 0 0 0 0 0 80 4 0 0 0 0
   7     168 loop21 24 0 1416 15 0 0 0 0 0 72 0 0 0 0 0
   7     176 loop22 73 0 7600 172 0 0 0 0 0 128 112 0 0 0 0
   7     184 loop23 102 0 10056 79 0 0 0 0 0 244 0 0 0 0 0
   7     192 loop24 31 1 2168 31 0 0 0 0 0 72 4 0 0 0 0
   7     200 loop25 2565 0 26056 2730 0 0 0 0 0 356 0 0 0 0 0
   7     208 loop26 109 0 17328 89 0 0 0 0 0 112 0 0 0 0 0
   7     216 loop27 9 0 72 4 0 0 0 0 0 20 0 0 0 0 0
   7     224 loop28 18 0 408 8 0 0 0 0 0 64 0 0 0 0 0
   7     232 loop29 85 0 9240 84 0 0 0 0 0 248 0 0 0 0 0
   7     240 loop30 28 0 864 15 0 0 0 0 0 64 0 0 0 0 0
   7     248 loop31 103 1 9368 95 0 0 0 0 0 360 8 0 0 0 0
   7     256 loop32 52 0 6576 71 0 0 0 0 0 128 20 0 0 0 0
   7     264 loop33 111 1 14760 254 0 0 0 0 0 156 124 0 0 0 0
   7     272 loop34 175 5 25288 1322 0 0 0 0 0 248 1140 0 0 0 0
   7     280 loop35 27 0 1840 19 0 0 0 0 0 56 0 0 0 0 0
   7     288 loop36 72 0 9048 123 0 0 0 0 0 140 44 0 0 0 0
   7     296 loop37 17 0 224 6 0 0 0 0 0 40 0 0 0 0 0
   7     304 loop38 192 1 17096 289 0 0 0 0 0 436 100 0 0 0 0
   7     312 loop39 397 14 37240 324 0 0 0 0 0 1012 8 0 0 0 0
 253       8 dm-8 0 0 0 0 0 0 0 0 0 0 0 0 0 0 0
 253       9 dm-9 149 0 25040 3388 0 0 0 0 0 240 3388 0 0 0 0
 253      10 dm-10 168 0 16896 396 0 0 0 0 0 452 396 0 0 0 0
 253      11 dm-11 483 0 70600 1116 0 0 0 0 0 1188 1116 0 0 0 0
 253      12 dm-12 0 0 0 0 0 0 0 0 0 0 0 0 0 0 0
 253      13 dm-13 93 0 14608 484 0 0 0 0 0 168 484 0 0 0 0
 253      14 dm-14 0 0 0 0 0 0 0 0 0 0 0 0 0 0 0
 253      15 dm-15 22 0 1800 4 0 0 0 0 0 52 4 0 0 0 0
 253      16 dm-16 0 0 0 0 0 0 0 0 0 0 0 0 0 0 0
 253      17 dm-17 0 0 0 0 0 0 0 0 0 0 0 0 0 0 0
 253      18 dm-18 41 0 6488 68 0 0 0 0 0 120 68 0 0 0 0
 253      19 dm-19 69 0 9112 204 0 0 0 0 0 248 204 0 0 0 0
 253      20 dm-20 365 0 36872 772 0 0 0 0 0 1060 772 0 0 0 0
 253      21 dm-21 23 0 824 8 0 0 0 0 0 60 8 0 0 0 0
 253      22 dm-22 16 0 392 88 0 0 0 0 0 68 88 0 0 0 0
 253      23 dm-23 0 0 0 0 0 0 0 0 0 0 0 0 0 0 0
 253      24 dm-24 15 0 208 4 0 0 0 0 0 36 4 0 0 0 0
 253      25 dm-25 5 0 40 8 0 0 0 0 0 20 8 0 0 0 0
 253      26 dm-26 87 0 17152 112 0 0 0 0 0 120 112 0 0 0 0
 253      27 dm-27 0 0 0 0 0 0 0 0 0 0 0 0 0 0 0
 253      28 dm-28 2552 0 25952 3048 0 0 0 0 0 352 3048 0 0 0 0
 253      29 dm-29 0 0 0 0 0 0 0 0 0 0 0 0 0 0 0
 253      30 dm-30 0 0 0 0 0 0 0 0 0 0 0 0 0 0 0
 253      31 dm-31 0 0 0 0 0 0 0 0 0 0 0 0 0 0 0
 253      32 dm-32 90 0 9256 212 0 0 0 0 0 392 212 0 0 0 0
 253      33 dm-33 0 0 0 0 0 0 0 0 0 0 0 0 0 0 0
 253      34 dm-34 26 0 2120 76 0 0 0 0 0 72 76 0 0 0 0
 253      35 dm-35 56 0 7464 184 0 0 0 0 0 124 184 0 0 0 0
 253      36 dm-36 89 0 9952 152 0 0 0 0 0 244 152 0 0 0 0
 253      37 dm-37 0 0 0 0 0 0 0 0 0 0 0 0 0 0 0
 253      38 dm-38 20 0 1384 16 0 0 0 0 0 76 16 0 0 0 0
 253      39 dm-39 34 0 2952 36 0 0 0 0 0 84 36 0 0 0 0
 253      40 dm-40 0 0 0 0 0 0 0 0 0 0 0 0 0 0 0
 253      41 dm-41 0 0 0 0 0 0 0 0 0 0 0 0 0 0 0
 253      42 dm-42 0 0 0 0 0 0 0 0 0 0 0 0 0 0 0
 253      43 dm-43 7181 0 296272 8960 856 0 14032 996 0 7116 9956 0 0 0 0

3291
   1       0 ram0 0 0 0 0 0 0 0 0 0 0 0 0 0 0 0
   1       1 ram1 0 0 0 0 0 0 0 0 0 0 0 0 0 0 0
   1       2 ram2 0 0 0 0 0 0 0 0 0 0 0 0 0 0 0
   1       3 ram3 0 0 0 0 0 0 0 0 0 0 0 0 0 0 0
   1       4 ram4 0 0 0 0 0 0 0 0 0 0 0 0 0 0 0
   1       5 ram5 0 0 0 0 0 0 0 0 0 0 0 0 0 0 0
   1       6 ram6 0 0 0 0 0 0 0 0 0 0 0 0 0 0 0
   1       7 ram7 0 0 0 0 0 0 0 0 0 0 0 0 0 0 0
   1       8 ram8 0 0 0 0 0 0 0 0 0 0 0 0 0 0 0
   1       9 ram9 0 0 0 0 0 0 0 0 0 0 0 0 0 0 0
   1      10 ram10 0 0 0 0 0 0 0 0 0 0 0 0 0 0 0
   1      11 ram11 0 0 0 0 0 0 0 0 0 0 0 0 0 0 0
   1      12 ram12 0 0 0 0 0 0 0 0 0 0 0 0 0 0 0
   1      13 ram13 0 0 0 0 0 0 0 0 0 0 0 0 0 0 0
   1      14 ram14 0 0 0 0 0 0 0 0 0 0 0 0 0 0 0
   1      15 ram15 0 0 0 0 0 0 0 0 0 0 0 0 0 0 0
   7       0 loop0 183 0 16168 352 0 0 0 0 0 344 116 0 0 0 0
   7       8 loop1 70 0 9008 122 0 0 0 0 0 136 32 0 0 0 0
   7      16 loop2 27 0 216 13 0 0 0 0 0 32 0 0 0 0 0
   7      24 loop3 12 0 296 8 0 0 0 0 0 32 0 0 0 0 0
   7      32 loop4 36 1 3040 29 0 0 0 0 0 56 0 0 0 0 0
   7      40 loop5 234 1 30152 421 0 0 0 0 0 504 108 0 0 0 0
   7      48 loop6 17 0 744 15 0 0 0 0 0 48 0 0 0 0 0
   7      56 loop7 61 0 6856 58 0 0 0 0 0 148 0 0 0 0 0
   7      64 loop8 25 0 1408 16 0 0 0 0 0 96 0 0 0 0 0
   7      72 loop9 735 6 74728 1831 0 0 0 0 0 2044 744 0 0 0 0
   7      80 loop10 24 0 192 17 0 0 0 0 0 28 0 0 0 0 0
   7      88 loop11 32 0 2400 25 0 0 0 0 0 84 0 0 0 0 0
   7      96 loop12 566 3 71288 506 0 0 0 0 0 1112 20 0 0 0 0
   7     104 loop13 27 0 216 48 0 0 0 0 0 44 8 0 0 0 0
   7     112 loop14 15 0 280 9 0 0 0 0 0 40 0 0 0 0 0
   7     120 loop15 52 0 4752 144 0 0 0 0 0 220 76 0 0 0 0
 254       0 zram0 0 0 0 0 0 0 0 0 0 0 0 0 0 0 0
 179       0 mmcblk0 2020 1821 144350 1721 12 0 48 14 0 1592 376 0 0 0 0
 179       1 mmcblk0p1 0 0 0 0 0 0 0 0 0 0 0 0 0 0 0
 179       2 mmcblk0p2 0 0 0 0 0 0 0 0 0 0 0 0 0 0 0
 179       3 mmcblk0p3 0 0 0 0 0 0 0 0 0 0 0 0 0 0 0
 179       4 mmcblk0p4 16 0 146 3 1 0 8 0 0 12 0 0 0 0 0
 179       5 mmcblk0p5 0 0 0 0 0 0 0 0 0 0 0 0 0 0 0
 179       6 mmcblk0p6 0 0 0 0 0 0 0 0 0 0 0 0 0 0 0
 179       7 mmcblk0p7 0 0 0 0 0 0 0 0 0 0 0 0 0 0 0
 179       8 mmcblk0p8 0 0 0 0 0 0 0 0 0 0 0 0 0 0 0
 179       9 mmcblk0p9 0 0 0 0 0 0 0 0 0 0 0 0 0 0 0
 179      10 mmcblk0p10 0 0 0 0 0 0 0 0 0 0 0 0 0 0 0
 179      11 mmcblk0p11 0 0 0 0 0 0 0 0 0 0 0 0 0 0 0
 179      12 mmcblk0p12 0 0 0 0 0 0 0 0 0 0 0 0 0 0 0
 179      13 mmcblk0p13 0 0 0 0 0 0 0 0 0 0 0 0 0 0 0
 179      14 mmcblk0p14 0 0 0 0 0 0 0 0 0 0 0 0 0 0 0
 179      15 mmcblk0p15 0 0 0 0 0 0 0 0 0 0 0 0 0 0 0
 179      16 mmcblk0p16 0 0 0 0 0 0 0 0 0 0 0 0 0 0 0
 179      17 mmcblk0p17 0 0 0 0 0 0 0 0 0 0 0 0 0 0 0
 179      18 mmcblk0p18 0 0 0 0 0 0 0 0 0 0 0 0 0 0 0
 179      19 mmcblk0p19 0 0 0 0 0 0 0 0 0 0 0 0 0 0 0
 179      20 mmcblk0p20 0 0 0 0 0 0 0 0 0 0 0 0 0 0 0
 179      21 mmcblk0p21 54 57 111 17 0 0 0 0 0 28 0 0 0 0 0
 179      22 mmcblk0p22 0 0 0 0 0 0 0 0 0 0 0 0 0 0 0
 179      23 mmcblk0p23 33 6 330 14 0 0 0 0 0 12 0 0 0 0 0
 179      24 mmcblk0p24 0 0 0 0 0 0 0 0 0 0 0 0 0 0 0
 179      25 mmcblk0p25 0 0 0 0 0 0 0 0 0 0 0 0 0 0 0
 179      26 mmcblk0p26 0 0 0 0 0 0 0 0 0 0 0 0 0 0 0
 179      27 mmcblk0p27 0 0 0 0 0 0 0 0 0 0 0 0 0 0 0
 179      28 mmcblk0p28 0 0 0 0 0 0 0 0 0 0 0 0 0 0 0
 179      29 mmcblk0p29 0 0 0 0 0 0 0 0 0 0 0 0 0 0 0
 179      30 mmcblk0p30 0 0 0 0 0 0 0 0 0 0 0 0 0 0 0
 179      31 mmcblk0p31 0 0 0 0 0 0 0 0 0 0 0 0 0 0 0
 259       0 mmcblk0p32 9 0 65 1 0 0 0 0 0 12 0 0 0 0 0
 259       1 mmcblk0p33 0 0 0 0 0 0 0 0 0 0 0 0 0 0 0
 259       2 mmcblk0p34 0 0 0 0 0 0 0 0 0 0 0 0 0 0 0
 259       3 mmcblk0p35 0 0 0 0 0 0 0 0 0 0 0 0 0 0 0
 259       4 mmcblk0p36 0 0 0 0 0 0 0 0 0 0 0 0 0 0 0
 259       5 mmcblk0p37 0 0 0 0 0 0 0 0 0 0 0 0 0 0 0
 259       6 mmcblk0p38 0 0 0 0 0 0 0 0 0 0 0 0 0 0 0
 259       7 mmcblk0p39 0 0 0 0 0 0 0 0 0 0 0 0 0 0 0
 259       8 mmcblk0p40 0 0 0 0 0 0 0 0 0 0 0 0 0 0 0
 259       9 mmcblk0p41 0 0 0 0 0 0 0 0 0 0 0 0 0 0 0
 259      10 mmcblk0p42 0 0 0 0 0 0 0 0 0 0 0 0 0 0 0
 259      11 mmcblk0p43 0 0 0 0 0 0 0 0 0 0 0 0 0 0 0
 259      12 mmcblk0p44 0 0 0 0 0 0 0 0 0 0 0 0 0 0 0
 259      13 mmcblk0p45 0 0 0 0 0 0 0 0 0 0 0 0 0 0 0
 259      14 mmcblk0p46 0 0 0 0 0 0 0 0 0 0 0 0 0 0 0
 259      15 mmcblk0p47 0 0 0 0 0 0 0 0 0 0 0 0 0 0 0
 259      16 mmcblk0p48 0 0 0 0 0 0 0 0 0 0 0 0 0 0 0
 259      17 mmcblk0p49 0 0 0 0 0 0 0 0 0 0 0 0 0 0 0
 259      18 mmcblk0p50 0 0 0 0 0 0 0 0 0 0 0 0 0 0 0
 259      19 mmcblk0p51 0 0 0 0 0 0 0 0 0 0 0 0 0 0 0
 259      20 mmcblk0p52 0 0 0 0 0 0 0 0 0 0 0 0 0 0 0
 259      21 mmcblk0p53 0 0 0 0 0 0 0 0 0 0 0 0 0 0 0
 259      22 mmcblk0p54 0 0 0 0 0 0 0 0 0 0 0 0 0 0 0
 259      23 mmcblk0p55 0 0 0 0 0 0 0 0 0 0 0 0 0 0 0
 259      24 mmcblk0p56 0 0 0 0 0 0 0 0 0 0 0 0 0 0 0
 259      25 mmcblk0p57 0 0 0 0 0 0 0 0 0 0 0 0 0 0 0
 259      26 mmcblk0p58 0 0 0 0 0 0 0 0 0 0 0 0 0 0 0
 259      27 mmcblk0p59 0 0 0 0 0 0 0 0 0 0 0 0 0 0 0
 259      28 mmcblk0p60 0 0 0 0 0 0 0 0 0 0 0 0 0 0 0
 259      29 mmcblk0p61 0 0 0 0 0 0 0 0 0 0 0 0 0 0 0
 259      30 mmcblk0p62 0 0 0 0 0 0 0 0 0 0 0 0 0 0 0
 259      31 mmcblk0p63 0 0 0 0 0 0 0 0 0 0 0 0 0 0 0
 259      32 mmcblk0p64 0 0 0 0 0 0 0 0 0 0 0 0 0 0 0
 259      33 mmcblk0p65 0 0 0 0 0 0 0 0 0 0 0 0 0 0 0
 259      34 mmcblk0p66 0 0 0 0 0 0 0 0 0 0 0 0 0 0 0
 259      35 mmcblk0p67 1851 1758 140712 1643 0 0 0 0 0 1520 360 0 0 0 0
 259      36 mmcblk0p68 1 0 128 1 0 0 0 0 0 4 0 0 0 0 0
 259      37 mmcblk0p69 0 0 0 0 0 0 0 0 0 0 0 0 0 0 0
 259      38 mmcblk0p70 0 0 0 0 0 0 0 0 0 0 0 0 0 0 0
 259      39 mmcblk0p71 0 0 0 0 0 0 0 0 0 0 0 0 0 0 0
 259      40 mmcblk0p72 47 0 2666 36 5 0 40 12 0 64 16 0 0 0 0
 259      41 mmcblk0p73 1 0 128 1 0 0 0 0 0 4 0 0 0 0 0
 259      42 mmcblk0p74 0 0 0 0 0 0 0 0 0 0 0 0 0 0 0
 259      43 mmcblk0p75 0 0 0 0 0 0 0 0 0 0 0 0 0 0 0
 259      44 mmcblk0p76 0 0 0 0 0 0 0 0 0 0 0 0 0 0 0
 259      45 mmcblk0p77 0 0 0 0 0 0 0 0 0 0 0 0 0 0 0
 259      46 mmcblk0p78 0 0 0 0 0 0 0 0 0 0 0 0 0 0 0
 259      47 mmcblk0p79 0 0 0 0 0 0 0 0 0 0 0 0 0 0 0
 259      48 mmcblk0p80 0 0 0 0 0 0 0 0 0 0 0 0 0 0 0
 253       0 dm-0 562 0 93888 912 0 0 0 0 0 664 912 0 0 0 0
 253       1 dm-1 7028 0 1043424 20224 0 0 0 0 0 8868 20224 0 0 0 0
 253       2 dm-2 3340 0 237864 5716 0 0 0 0 0 3484 5716 0 0 0 0
 253       3 dm-3 3702 0 470680 6912 0 0 0 0 0 6104 6912 0 0 0 0
 253       4 dm-4 5425 0 1030600 27036 0 0 0 0 0 9152 27036 0 0 0 0
 253       5 dm-5 2847 0 233920 6972 0 0 0 0 0 3684 6972 0 0 0 0
 253       6 dm-6 2882 0 464120 10296 0 0 0 0 0 6400 10296 0 0 0 0
 253       7 dm-7 345 0 92152 892 0 0 0 0 0 688 892 0 0 0 0
   7     128 loop16 19 0 536 21 0 0 0 0 0 56 8 0 0 0 0
   7     136 loop17 27 0 216 27 0 0 0 0 0 32 0 0 0 0 0
   7     144 loop18 15 0 208 16 0 0 0 0 0 52 4 0 0 0 0
   7     152 loop19 24 0 192 26 0 0 0 0 0 28 0 0 0 0 0
   7     160 loop20 42 0 3016 28 0 0 0 0 0 80 4 0 0 0 0
   7     168 loop21 24 0 1416 15 0 0 0 0 0 72 0 0 0 0 0
   7     176 loop22 73 0 7600 172 0 0 0 0 0 128 112 0 0 0 0
   7     184 loop23 102 0 10056 79 0 0 0 0 0 244 0 0 0 0 0
   7     192 loop24 31 1 2168 31 0 0 0 0 0 72 4 0 0 0 0
   7     200 loop25 2565 0 26056 2730 0 0 0 0 0 356 0 0 0 0 0
   7     208 loop26 109 0 17328 89 0 0 0 0 0 112 0 0 0 0 0
   7     216 loop27 9 0 72 4 0 0 0 0 0 20 0 0 0 0 0
   7     224 loop28 18 0 408 8 0 0 0 0 0 64 0 0 0 0 0
   7     232 loop29 85 0 9240 84 0 0 0 0 0 248 0 0 0 0 0
   7     240 loop30 28 0 864 15 0 0 0 0 0 64 0 0 0 0 0
   7     248 loop31 103 1 9368 95 0 0 0 0 0 360 8 0 0 0 0
   7     256 loop32 52 0 6576 71 0 0 0 0 0 128 20 0 0 0 0
   7     264 loop33 111 1 14760 254 0 0 0 0 0 156 124 0 0 0 0
   7     272 loop34 175 5 25288 1322 0 0 0 0 0 248 1140 0 0 0 0
   7     280 loop35 27 0 1840 19 0 0 0 0 0 56 0 0 0 0 0
   7     288 loop36 72 0 9048 123 0 0 0 0 0 140 44 0 0 0 0
   7     296 loop37 17 0 224 6 0 0 0 0 0 40 0 0 0 0 0
   7     304 loop38 192 1 17096 289 0 0 0 0 0 436 100 0 0 0 0
   7     312 loop39 397 14 37240 324 0 0 0 0 0 1012 8 0 0 0 0
 253       8 dm-8 0 0 0 0 0 0 0 0 0 0 0 0 0 0 0
 253       9 dm-9 149 0 25040 3388 0 0 0 0 0 240 3388 0 0 0 0
 253      10 dm-10 168 0 16896 396 0 0 0 0 0 452 396 0 0 0 0
 253      11 dm-11 483 0 70600 1116 0 0 0 0 0 1188 1116 0 0 0 0
 253      12 dm-12 0 0 0 0 0 0 0 0 0 0 0 0 0 0 0
 253      13 dm-13 93 0 14608 484 0 0 0 0 0 168 484 0 0 0 0
 253      14 dm-14 0 0 0 0 0 0 0 0 0 0 0 0 0 0 0
 253      15 dm-15 22 0 1800 4 0 0 0 0 0 52 4 0 0 0 0
 253      16 dm-16 0 0 0 0 0 0 0 0 0 0 0 0 0 0 0
 253      17 dm-17 0 0 0 0 0 0 0 0 0 0 0 0 0 0 0
 253      18 dm-18 41 0 6488 68 0 0 0 0 0 120 68 0 0 0 0
 253      19 dm-19 69 0 9112 204 0 0 0 0 0 248 204 0 0 0 0
 253      20 dm-20 365 0 36872 772 0 0 0 0 0 1060 772 0 0 0 0
 253      21 dm-21 23 0 824 8 0 0 0 0 0 60 8 0 0 0 0
 253      22 dm-22 16 0 392 88 0 0 0 0 0 68 88 0 0 0 0
 253      23 dm-23 0 0 0 0 0 0 0 0 0 0 0 0 0 0 0
 253      24 dm-24 15 0 208 4 0 0 0 0 0 36 4 0 0 0 0
 253      25 dm-25 5 0 40 8 0 0 0 0 0 20 8 0 0 0 0
 253      26 dm-26 87 0 17152 112 0 0 0 0 0 120 112 0 0 0 0
 253      27 dm-27 0 0 0 0 0 0 0 0 0 0 0 0 0 0 0
 253      28 dm-28 2552 0 25952 3048 0 0 0 0 0 352 3048 0 0 0 0
 253      29 dm-29 0 0 0 0 0 0 0 0 0 0 0 0 0 0 0
 253      30 dm-30 0 0 0 0 0 0 0 0 0 0 0 0 0 0 0
 253      31 dm-31 0 0 0 0 0 0 0 0 0 0 0 0 0 0 0
 253      32 dm-32 90 0 9256 212 0 0 0 0 0 392 212 0 0 0 0
 253      33 dm-33 0 0 0 0 0 0 0 0 0 0 0 0 0 0 0
 253      34 dm-34 26 0 2120 76 0 0 0 0 0 72 76 0 0 0 0
 253      35 dm-35 56 0 7464 184 0 0 0 0 0 124 184 0 0 0 0
 253      36 dm-36 89 0 9952 152 0 0 0 0 0 244 152 0 0 0 0
 253      37 dm-37 0 0 0 0 0 0 0 0 0 0 0 0 0 0 0
 253      38 dm-38 20 0 1384 16 0 0 0 0 0 76 16 0 0 0 0
 253      39 dm-39 34 0 2952 36 0 0 0 0 0 84 36 0 0 0 0
 253      40 dm-40 0 0 0 0 0 0 0 0 0 0 0 0 0 0 0
 253      41 dm-41 0 0 0 0 0 0 0 0 0 0 0 0 0 0 0
 253      42 dm-42 0 0 0 0 0 0 0 0 0 0 0 0 0 0 0
 253      43 dm-43 7181 0 296272 8960 856 0 14032 996 0 7116 9956 0 0 0 0

